Date,GLD,IEF,SPY,VXUS
2016-01-05,0.0028185529910356166,-0.00028314878689361667,0.0016913535861782236,-0.0018050486421634648
2016-01-06,0.014440762350867997,0.006037418327464961,-0.012614251118669095,-0.01694905088278731
2016-01-07,0.014139709399294764,0.002156142261263483,-0.023991853571850297,-0.020689720352245144
2016-01-08,-0.004427708091822691,0.0025264926020125422,-0.010976004226318503,-0.011736774048531018
2016-01-11,-0.008894799760520211,-0.0031731149829502536,0.0009896536212326001,0.002137748693759489
2016-01-12,-0.005060137388834152,0.0044939890495485635,0.008068433582018919,0.002369894190447308
2016-01-13,0.004893984653210337,0.003914274204912971,-0.024941017831661805,-0.013714623311937069
2016-01-14,-0.016233809757639994,-0.0020420346251294186,0.01641707512303059,0.013425846299690347
2016-01-15,0.010289314914859515,0.0046514463608324785,-0.02146581118641211,-0.03856154577362614
2016-01-19,-0.000960784707550344,-0.0012961804813370614,0.0013309717442919755,0.011811223011633398
2016-01-20,0.013367949074563512,0.004914316356478432,-0.012815337945265015,-0.024562537425625752
2016-01-21,0.001138797703897687,-0.0024912547261082274,0.005602458272819355,0.00847669782256033
2016-01-22,-0.004644969889963546,-0.002220288964038697,0.0205148957090473,0.029913131209428068
2016-01-25,0.010285731724330338,0.003337348667800777,-0.015116533690912037,-0.01680238048349303
2016-01-26,0.011406476843766722,0.0007391861459913329,0.013643081041971428,0.01928734427959089
2016-01-27,0.0037282274439893737,0.0007388196964841498,-0.010883199916564168,-0.0047905513487398466
2016-01-28,-0.010678814187088714,0.0012915762549832177,0.005209294396374409,0.006498390776553675
2016-01-29,0.0038482826092700595,0.00534383705023922,0.024377197275041507,0.01984671630445667
2016-02-01,0.01028523735300313,-0.002303401500579505,-0.0003613887005488037,-0.00422018026227311
2016-02-02,0.00037013683482878257,0.00708371707040234,-0.018022132124854262,-0.022840081748171315
2016-02-03,0.010731831819877025,-0.0010963071362845023,0.0059951658336081515,0.012771112695741493
2016-02-04,0.012082377069329242,0.002377657917719045,0.0015679146309652836,0.004758638912262914
2016-02-05,0.015827077912906162,0.0012772881949252302,-0.019050021136356676,-0.013497812298804979
2016-02-08,0.013443751249405,0.00747145049926301,-0.013461300122366682,-0.017762561124619936
2016-02-09,-0.002196257541759894,0.00018079768747547575,5.437024516585787e-05,-0.01368517553034787
2016-02-10,0.007747818623272451,0.0029841589629373555,-0.0008627512913207402,-0.00024782530714151374
2016-02-11,0.0401886992042193,0.004597850053437824,-0.01300793295072078,-0.015365624557863278
2016-02-12,-0.005879363032051943,-0.0076283885385359795,0.020616661811739823,0.016612169936536025
2016-02-16,-0.030331226332987904,-0.002984165956433138,0.01687816008484555,0.02079754915041132
2016-02-17,0.00618634429410414,-0.0024487781603543812,0.016334794720694434,0.019402935245776298
2016-02-18,0.02433319602449635,0.004637677781768046,-0.004095714752755719,-0.004282620248418745
2016-02-19,-0.006002190201855551,0.0,-0.0004687602614918962,-0.0035838476475843484
2016-02-22,-0.01777516528948675,-0.0009962051586854814,0.014479183222371184,0.011270560531629004
2016-02-23,0.014979681261872324,0.0019929897916666217,-0.012629483215652382,-0.014939223271209445
2016-02-24,0.003327072049028157,0.0,0.004575557924630269,-0.002407290863513434
2016-02-25,0.0026358095143692584,0.002983801879768766,0.012111938186471383,0.010376436300215675
2016-02-26,-0.006869043174790868,-0.004867534427605236,-0.0023016156942311516,-0.0028659687756874552
2016-02-29,0.013064629590324062,0.0016303597847049378,-0.007842117465417742,-0.0035929914168327803
2016-03-01,-0.0073331317520045625,-0.0078162730211917,0.023506683921932447,0.02836501521566004
2016-03-02,0.007726956678680841,-0.001734604609711754,0.004492537166165933,0.009584172117432788
2016-03-03,0.017273365743903035,0.001189204955227563,0.003919823787103871,0.010650880372929272
2016-03-04,-0.0015737798071993048,-0.0033787532146503096,0.003253222056934346,0.010538157745159316
2016-03-07,0.004977588099916774,-0.002016781426881553,0.0007983645131353079,-0.0013600671633444694
2016-03-08,-0.0046227304062674834,0.005784980417744778,-0.010917436407816505,-0.0138479730224641
2016-03-09,-0.00829324916913754,-0.003925879202382299,0.004938999163909719,0.007136253216980526
2016-03-10,0.016056181130168712,-0.0035749609659299075,0.0008025690197102087,-0.0018287411399906528
2016-03-11,-0.01720161594971703,-0.002850858945446122,0.016137014323090115,0.02564666015690631
2016-03-14,-0.012896749587957723,0.0007378723963724632,-0.0012820212982281864,-0.005358025058570526
2016-03-15,0.000763521980092996,-0.00018491301089595957,-0.0016296546558625113,-0.010966870199884293
2016-03-16,0.02229567034444102,0.0052559333281845255,0.005787094337372789,0.01366172819267164
2016-03-17,-0.003814570847019083,0.001100946897919064,0.006344201150919604,0.010781265074475854
2016-03-18,-0.002746975852867317,0.0017402496234950604,0.0039294374711214,-0.0015554039306658884
2016-03-21,-0.007011719080860512,-0.002835052072014066,0.0014186321679381386,0.001112865505718208
2016-03-22,0.0029421526295789757,-0.0021095924566864044,-0.0005371939507703427,-0.0020011387300495898
2016-03-23,-0.02263009809313088,0.004595506168659114,-0.006599523290006681,-0.012920352898311505
2016-03-24,-0.0024011557999427113,-0.001006775019312789,-0.00044296197748716626,-0.005416123949911866
2016-03-28,0.0023209545157449885,0.001466045347337186,0.0005912027540881937,0.006580082625931016
2016-03-29,0.01852490300494103,0.006766599443095878,0.009249793325331934,0.010369828124525027
2016-03-30,-0.013977800877817192,-0.0013622071701520078,0.004387758344711834,0.010040255928727815
2016-03-31,0.004611451089358232,0.0036383011690059863,-0.00242687792429086,-0.007731551209996468
2016-04-01,-0.006035354370591106,-0.0002904869478573824,0.006811824615404527,-0.010017789720994097
2016-04-04,-0.006670647201412416,0.0011798638445561505,-0.0032382392791845405,-0.004272376669039346
2016-04-05,0.013000448699038714,0.003990867182254609,-0.009987587105466322,-0.01738916510077182
2016-04-06,-0.006119337058417829,-0.002168064475850384,0.010920986562571011,0.015398291113494444
2016-04-07,0.01428081181871077,0.005159804351211328,-0.01196563750146118,-0.015391389294621027
2016-04-08,-0.0015175811841288134,-0.0015307890507477717,0.0026966871466800324,0.020460056424264295
2016-04-11,0.013510077429689682,-0.0001806514208160248,-0.0023470916790422347,0.001801847703143844
2016-04-12,0.0001666606070513943,-0.003969110972412926,0.009313104999674415,0.016640758982011228
2016-04-13,-0.010662277185778612,0.0007250902351563226,0.010100823730604835,0.01481950978055746
2016-04-14,-0.01397656040779005,-0.002353565397936408,4.7872939505033685e-05,-0.0010898223213113845
2016-04-15,0.006916553277877435,0.0029936196768141077,-0.0011055262983852288,-0.002400134375832641
2016-04-18,-0.0015264612277036127,-0.0009953618658726793,0.007026487900843703,0.007655339966100572
2016-04-19,0.015627688132066497,-0.001629854988832169,0.0031541427641157416,0.0182333694283503
2016-04-20,-0.005101192515562847,-0.005078040503527004,0.0009530815373695045,-0.0021322279924755883
2016-04-21,0.0037824404776409803,-0.001640495099162087,-0.005378454898361196,-0.006408911681843654
2016-04-22,-0.012811914275298819,-0.0010956667207562276,0.0,-0.000644657020158812
2016-04-25,0.0028840781155776707,-0.0010967800445489395,-0.0017227504827760365,-0.004948646396051526
2016-04-26,0.003975248058563308,-0.0021045584683279106,0.0014857639250338561,0.004108172299626567
2016-04-27,0.002864397439145794,0.00550149968680147,0.002058608236036097,0.0030149069842384524
2016-04-28,0.018901209532051544,0.0034657488935159186,-0.009075822714955883,-0.011593288094022047
2016-04-29,0.01945750344247421,-0.0003639399788463171,-0.005399160566502581,-0.003257879866651714
2016-05-02,-0.0033158403319838436,-0.002904219456589474,0.007948484735826877,0.006537169717839575
2016-05-03,-0.002271979748055375,0.00593488807401088,-0.008702879138155595,-0.020133934988859292
2016-05-04,-0.006099544612754526,0.0018155075155974476,-0.005578019472933793,-0.011489344290760317
2016-05-05,-0.0011455641166617792,0.002718063390125147,-0.0001954263900810771,-0.001340901280447726
2016-05-06,0.009093148301192455,-0.0023491821315770878,0.0036591849557099376,0.002685403421782029
2016-05-09,-0.020539038586043668,0.0019017360498572167,0.0008265360524382093,-0.005356654266768124
2016-05-10,0.0027351995597273415,-0.00018070735745456812,0.012433541666812431,0.0163821162014548
2016-05-11,0.009423039824896007,0.0015370767434528254,-0.009354808057772668,-0.006623774184862041
2016-05-12,-0.0078611125358784,-0.002708073940113631,0.000290544950538818,0.0
2016-05-13,0.0045394140453900444,0.003801668527089852,-0.00871407827981796,-0.01355887333921213
2016-05-16,0.0007394952589121484,-0.0036065673801523035,0.009865123905660855,0.014646312105249137
2016-05-17,0.0034482607423813594,-0.0013575987561672553,-0.009333700812154344,-0.007550311893014139
2016-05-18,-0.01734579222228738,-0.008066258325260645,0.00029323683005366696,-0.0015664249493247961
2016-05-19,-0.0019150352244893254,0.0010048678419505297,-0.0034651733078753244,-0.007619920982730788
2016-05-20,-0.0013348098643798378,0.0006386830723841275,0.006317428888802823,0.00813015749544288
2016-05-23,-0.002840166573309433,0.0006387162755117082,-0.001362423726221862,-0.0035844434734914055
2016-05-24,-0.017341037506874768,-0.0016408865721957433,0.01296208728547188,0.01348925918349786
2016-05-25,-0.002728045068191687,-0.00045630580644284713,0.006783066354856038,0.01042605927961393
2016-05-26,-0.003419400875365075,0.0031057971023451536,0.0002868575367731552,0.002414887871990068
2016-05-27,-0.008234680643287917,-0.0019122150427230977,0.004299134650882497,-0.0021898056509142005
2016-05-31,0.003805525009163979,0.0011852641302771971,-0.0019024805904241937,-0.002634558429380096
2016-06-01,-0.0010339059082515867,-0.00033686168938251715,0.0020493245175137176,0.00022055456687808395
2016-06-02,-0.0023288275554194104,0.003104066825425633,0.0030436366482557986,0.001979988059352511
2016-06-03,0.027751354156539287,0.009283823473472896,-0.00298735936590222,0.009003171995224601
2016-06-06,0.0003364814640942626,-0.0026156503295653444,0.005088872445855319,0.007399140398299586
2016-06-07,-0.0008408886281601191,0.0014463031695097772,0.001561070681664667,0.008424964907652654
2016-06-08,0.014812339174809175,0.0011745080342431269,0.0032598432430686053,0.003642049660292912
2016-06-09,0.005556461757929343,0.001532955096479549,-0.0013654282454060862,-0.013233493730258838
2016-06-10,0.004041219495006354,0.003511396525782251,-0.00947767184202275,-0.026822384205446248
2016-06-13,0.007392817000752894,0.0019739433929535366,-0.007711910388578436,-0.014225310019887027
2016-06-14,0.0010599906561068462,-0.0002687184575612678,-0.001967105490480625,-0.011937378240145513
2016-06-15,0.007412264290884263,0.003045919806657471,-0.001393588230467535,0.007854342723504937
2016-06-16,-0.010511020767707824,0.0010713806726718733,0.002984348378989754,-0.0009166180599128326
2016-06-17,0.01282889140431287,-0.0033897919819753097,-0.003724434212046601,0.007569624723521962
2016-06-20,-0.005970132166106756,-0.004296533744705844,0.006440099021065349,0.02299670147214461
2016-06-21,-0.019235474102691663,-0.0022477740043973515,0.0028389809729412185,0.006677210811691259
2016-06-22,0.0004965672774475127,0.0019829947525382696,-0.001631653633604846,-0.0002215014832102069
2016-06-23,-0.0065343333792947655,-0.004766501734018935,0.013022741894637369,0.02631612646672421
2016-06-24,0.049038376152841456,0.013823391447417954,-0.035908948307782906,-0.07735389899881728
2016-06-27,0.005396827818855421,0.008645435721909234,-0.017910128357212618,-0.0179823290100507
2016-06-28,-0.010735716822507735,-0.00017678389920805504,0.018035989052780144,0.024970372311686084
2016-06-29,0.004149350816571085,-0.004065128025091513,0.0170274276366722,0.019721702004914965
2016-06-30,0.00500639622652943,0.002217797741230987,0.013645961881731505,0.012058626338710576
2016-07-01,0.015339625386899147,0.0026423766042085184,0.002100460556954342,0.002697882858403222
2016-07-05,0.008254789567508913,0.0054820200956835485,-0.007193310842148026,-0.017264482225244904
2016-07-06,0.005870043250717272,0.0001764767510104015,0.005997746848153129,-0.0020534483504482948
2016-07-07,-0.003762499043616141,-0.0013191046868259448,-0.0006198656561874349,-0.004115230194554065
2016-07-08,0.0060120143847071095,0.001936846285738314,0.014890534187964821,0.017217745094786796
2016-07-11,-0.009423926954219786,-0.00527241249608601,0.0035267259463702683,0.012186991020860516
2016-07-12,-0.016551874633622066,-0.005918510494710927,0.007263366628520451,0.013824082866800369
2016-07-13,0.00920177573180525,0.002576836802419935,-0.00013967294030958755,-0.00021999420486573662
2016-07-14,-0.007715129649756625,-0.004165736884605309,0.005583697324130998,0.00857906919043816
2016-07-15,-0.003848311365095336,-0.0038270522406785856,-0.0013419228552670193,-0.004144241372134094
2016-07-18,0.001576825791636871,-0.0002686041994401922,0.002687369066596723,0.0035042511056353476
2016-07-19,0.0013381467862105811,0.0026814228769613813,-0.0010167233315614421,-0.009166383522318688
2016-07-20,-0.014307049036417885,-0.0020501052845001144,0.00416292316236988,0.007929408410304317
2016-07-21,0.015232503958900745,0.0022326910913688103,-0.0037772330282787037,-0.0008739524105811913
2016-07-22,-0.007462722347700734,-0.0008021843740771972,0.00448515995993759,0.0015310907822505548
2016-07-25,-0.006964758718206121,-0.000802398564794915,-0.0027158564092347737,-0.0032760689947538557
2016-07-26,0.0042241075487405855,0.000624694094760958,0.00046153736757670316,0.004163199485837321
2016-07-27,0.016111101422991103,0.004281826740781813,-0.0010612445809666804,0.0048002903655723905
2016-07-28,-0.002889909558035031,0.0005331175863736437,0.0011548672994678988,-0.00021722343711794156
2016-07-29,0.010339903082906332,0.003817285420701033,0.0016144863979707935,0.009774061915674759
2016-08-01,0.0018607962561190128,-0.003472197359721818,-0.000828919428817021,-0.004732033149474568
2016-08-02,0.00812570067976126,-0.0023990511917628687,-0.0064071398231888566,-0.0038899908849969744
2016-08-03,-0.004759425467430023,0.0005343664417873928,0.0029225565318187208,-0.0017361676692112527
2016-08-04,0.0016968857004249216,0.002404136008640645,0.0010640426744006337,0.005433748718581599
2016-08-05,-0.01786395743940894,-0.006217312344838688,0.008178733389366366,0.00453954407154078
2016-08-08,-0.000862411663815732,-0.0005363915191812785,-0.000595659705644791,0.0036583199319548676
2016-08-09,0.004080325118523742,0.0035771166105758034,0.0005960147276020678,0.007718592271343194
2016-08-10,0.004688953410549868,0.0026725458100167465,-0.002474840869366002,0.0019150587906910932
2016-08-11,-0.006922832969429749,-0.004798786702485014,0.0046407174539471185,0.008069901200163043
2016-08-12,-0.002114801025602908,0.0035728667382075585,-0.0008690798543308231,-0.0035814686418000896
2016-08-15,0.0034536484045673,-0.002936555850873601,0.0028837910672092626,0.006131160751557063
2016-08-16,0.0049280733796905896,-0.001696411054253888,-0.005157730127792859,-0.00357254615063729
2016-08-17,0.0002335080486637331,0.0016093772035470355,0.0018811600615804558,0.0
2016-08-18,0.004747086461879935,0.0017849609182214454,0.002244228461768305,0.005272180392300152
2016-08-19,-0.008829675348611454,-0.0033857088305840888,-0.0014626274141230633,-0.006712560158748437
2016-08-22,-0.00148474204574367,0.0022353512815949106,-4.582016413456902e-05,-0.0012673405686105532
2016-08-23,-0.00015649274735829444,-8.937259408714482e-05,0.002013474532575943,0.0029604108576499755
2016-08-24,-0.011114635054762179,-0.0003568354465701695,-0.005114500126105703,-0.00231896303035084
2016-08-25,-0.0008706109240564919,-0.0016059032512218963,-0.000688492416222708,-0.0019019994331797019
2016-08-26,-0.0014259708499476664,-0.003843608707935653,-0.0018835707881054153,-0.007198686168705226
2016-08-29,0.0019833398964483884,0.004127280989669968,0.004924448211019117,0.003838554903149216
2016-08-30,-0.010055457179525829,-8.918830472126604e-05,-0.0016485881994686702,-0.002761948839113737
2016-08-31,-0.001999520134694288,-0.0011617877373291119,-0.002844270636122692,-0.005112877862558762
2016-09-01,0.0040872106204499214,0.0015677877908031324,4.622947917920506e-05,0.006423914726457758
2016-09-02,0.010216288370529014,-0.002593986439563989,0.004507866270314631,0.011489480478699354
2016-09-06,0.016907695537669243,0.0046632163210502675,0.0030222189117796727,0.010307111344139308
2016-09-07,-0.003418556588101307,0.0005354933596164457,-9.110817722057796e-05,0.0012489711938548087
2016-09-08,-0.0053013792150961025,-0.004907076752302619,-0.0022830648737058867,-0.001455208850602352
2016-09-09,-0.00658355954228651,-0.004752021619324087,-0.02393485069431578,-0.02228265022254794
2016-09-12,-0.0012623563085552014,0.0009014983003929888,0.014347021904659307,0.008306807325183962
2016-09-13,-0.0066355664917512325,-0.003690815516928292,-0.014375278472322672,-0.024561078378690815
2016-09-14,0.0034194855282367875,0.002258103535154321,-0.00037501757894897736,0.0008711597944550675
2016-09-15,-0.006419381491795106,0.0002710896765343307,0.009993127140835112,0.00979307062803958
2016-09-16,-0.00247272219188599,0.0010813797834381411,-0.003865821326645924,-0.010560056781771854
2016-09-19,0.00207901920123299,-0.0017103423453355138,0.00018711219639899745,0.0067523207253021855
2016-09-20,0.0009575705942728163,0.0015327411183350126,4.7186881011462845e-05,0.003029160297585154
2016-09-21,0.014588601451239303,0.001620220153676355,0.011245397617149822,0.019628650596348107
2016-09-22,0.00235721740921524,0.002966333061472648,0.006301570078240948,0.009942974213583478
2016-09-23,0.0006271210413582029,0.00044836312572060777,-0.005479273531348583,-0.01047367611090444
2016-09-26,-0.0007833801247610905,0.0028669464587824933,-0.008102207332866485,-0.00931372221235982
2016-09-27,-0.007291260548213385,0.0016970316798707863,0.006207945931196113,0.006196070157607592
2016-09-28,-0.003159070582864132,-0.0004455239414692391,0.004963513015982635,0.00870687998670494
2016-09-29,-0.0011884132817953086,0.0006240801292132225,-0.009047137720822551,-0.011368275403435546
2016-09-30,-0.003410805950794571,-0.0024961347103779064,0.00754616445579126,0.005323604710090413
2016-10-03,-0.0025469571504198596,-0.0023276404337621015,-0.0024042874729519603,-0.0006353244951965431
2016-10-04,-0.03471112739159021,-0.004574348446829468,-0.005097615011660506,-0.0036031447983444487
2016-10-05,-0.0015706575141682944,-0.00225339358530674,0.004425182485539247,0.007232457175655682
2016-10-06,-0.009273018119780652,-0.0020777105717267874,0.000695473750370823,-0.00422408469646518
2016-10-07,0.000668512445361813,0.001448233409803823,-0.0034291920088163064,-0.006362626716030051
2016-10-10,0.0035076482865623593,-0.0026215987883282388,0.005208234045794402,0.00448231477405403
2016-10-11,-0.005076569505331308,-0.0002714777995354023,-0.012629489995187981,-0.01572424924125948
2016-10-12,0.0015892497462293154,0.0,0.0013119223595829954,-0.0012955030600733108
2016-10-13,0.002421921836488483,0.0020848822544432544,-0.0032755086858734517,-0.004107527684648504
2016-10-14,-0.0055819226506638175,-0.003075406412526238,0.0005163485696741965,0.0017368222688372015
2016-10-17,0.0026809625769763645,0.002177280010367655,-0.003471824978674265,-0.0019504131173038175
2016-10-18,0.006183137214928136,0.0019917863905343225,0.006262060580304318,0.011940935448310208
2016-10-19,0.0057299655530487215,0.00045196417071591277,0.002667110573500553,0.0034328538487478077
2016-10-20,-0.0030550965627722526,-0.0009029131280534619,-0.001866835505873854,-0.00042746169021667946
2016-10-21,0.0007454362173064943,0.0010848220278396603,0.00046758177472749907,-0.0012833694026687104
2016-10-24,-0.0022345797266349887,-0.0013545147414317782,0.004252580722194921,0.0010708124228644422
2016-10-25,0.007548139354159433,-0.0001810552343449734,-0.0033503346602297146,-0.0010696670101417727
2016-10-26,-0.00559809251948773,-0.0021701914879949102,-0.0020077707702662595,-0.005568704734904895
2016-10-27,0.0018213529185828747,-0.003444501564737412,-0.0026667364899110035,-0.0023690233706915587
2016-10-28,0.0047103519110967,0.00018202184628823836,-0.002955551100039533,-0.0010796958768618525
2016-10-31,0.0029610183001298473,0.000818207321201081,4.721230619364469e-05,0.0008646022141611809
2016-11-01,0.006478603409139305,3.636798751949222e-05,-0.0072451955570537185,-0.003887018901510886
2016-11-02,0.007414617516698918,0.0030029097692461093,-0.006018826899325647,-0.008454241003632124
2016-11-03,0.005338107937297831,-0.0006351633748017393,-0.004577081400616523,-0.0008742863355138963
2016-11-04,0.0007240252267182168,0.003086219696697423,-0.0011018534477716946,-0.009628017876511463
2016-11-07,-0.018007861361529542,-0.004162581006657451,0.0220573606066905,0.019001287570364456
2016-11-08,-0.004175211869501427,-0.0035438075301489347,0.004503939891722375,0.003252139757499606
2016-11-09,-0.0006576934516286936,-0.015228923784317505,0.010601893889826242,-0.006699676148551714
2016-11-10,-0.01488974658560116,-0.006019310256189292,0.002495406212099427,-0.0065274778070965045
2016-11-11,-0.02212944906788228,-0.002049395156069278,-0.0023048159569415416,-0.010293457664028116
2016-11-14,-0.008454294420749409,-0.005788030863293825,0.0007855020921467837,-0.0061960682357841135
2016-11-15,0.00869866618655779,0.0,0.00780269073056572,0.009797270468648867
2016-11-16,-0.002988440021410743,0.0009389069654079929,-0.0018785148154526476,-0.010363709490779804
2016-11-17,-0.005138293152093909,-0.00440904706172629,0.005140911213055377,0.006238639217183817
2016-11-18,-0.008780207102896176,-0.004428482531459443,-0.00223769598864465,-0.008414255473998766
2016-11-21,0.0037342622620732957,0.0008516616428486667,0.007551603274947194,0.008932455056982036
2016-11-22,-0.00034608855246265335,0.0009462911776023653,0.00195315219739145,0.004869247856319703
2016-11-23,-0.019819983532816443,-0.0035906052575458425,0.0005441197134474773,-0.004625360500592923
2016-11-25,-0.005651208738617575,-0.0008531959495186037,0.0037156717277921913,0.0039832430949697795
2016-11-28,0.010567466787642088,0.004554779512287999,-0.004695343365438864,-0.0037470015396990908
2016-11-29,-0.004657349687858581,0.0010391142863637182,0.0019507143700172591,0.004867093045013204
2016-11-30,-0.013419234467324848,-0.006699472669568829,-0.0023991342591386244,-0.0008807826177572586
2016-12-01,-0.0018791864382340373,-0.0038156229365735594,-0.003675533685113308,-0.0026438913356058302
2016-12-02,0.005379222424209074,0.00448858406165531,0.0005009218065199494,0.0026509000272192385
2016-12-05,-0.005350441210868029,-0.0003799380687297127,0.006008376645445734,0.007933245813632972
2016-12-06,-0.0009861987578327902,0.0003800824765318733,0.003167543246651139,0.005247166060269093
2016-12-07,0.003589711251758221,0.003327893469551757,0.013081094456848685,0.014353915885432444
2016-12-08,-0.0023249765892274787,-0.0037904067426610677,0.0024486759675670378,0.00064363511831389
2016-12-09,-0.010486673587394413,-0.005136290981345271,0.006040280197818992,0.0029992968453453894
2016-12-12,0.003804331187865717,0.0001909948185219168,-0.0011476422698719624,-0.0057681961413079685
2016-12-13,-0.0033387723118656343,0.0005736985301147968,0.006673741356107765,0.009884259069200985
2016-12-14,-0.014667226454941784,-0.008312030107847423,-0.008254063997891525,-0.018085046646505343
2016-12-15,-0.01369112807217554,-0.002793315665325924,0.004117153525449835,-0.0006499169084489553
2016-12-16,0.006614558767378709,0.001255575093710437,-0.001955837166909835,-0.001951460607229616
2016-12-19,0.004997623978540311,0.0046311577682003335,0.002177454811612245,-0.0010862768828346914
2016-12-20,-0.007367118973593101,-0.0021123579929234193,0.0038576355626844805,0.0030705678794289426
2016-12-21,0.0005566152526592649,0.0016357570069884808,-0.0027824988002219664,-0.0015306394109159127
2016-12-22,-0.0024107755207141146,-0.0004331043279253155,-0.0017275409280517184,-0.004818240053459766
2016-12-23,0.0031601819765598727,0.0009629222043512353,0.0014642526977037829,0.0028605828558470048
2016-12-27,0.005837091185366683,-0.0014430397782767557,0.0024810761519635793,0.00021971563121514492
2016-12-28,0.0027634769574851337,0.0036606829942427144,-0.008264820698527742,-0.0006584479447635516
2016-12-29,0.01313614088883086,0.0030709492838885133,-0.00022251197383671428,0.005488648290877807
2016-12-30,-0.006165566230220687,0.0029670885251820156,-0.0036552053287761677,0.001746802051822316
2017-01-03,0.00784600497730814,-0.0004774616145751809,0.007649943069527376,0.007192594591636681
2017-01-04,0.0035303646722089077,0.0011453789337112497,0.0059492310155173644,0.011036745459906072
2017-01-05,0.015515074970534615,0.006482933589631923,-0.0007942899956918659,0.007491565298693326
2017-01-06,-0.00737255123072611,-0.004546616533730341,0.0035780463012557995,-0.0021243471823368942
2017-01-09,0.008232645807116912,0.0038059703528432465,-0.0033011564614497946,-0.0019164559020474758
2017-01-10,0.0042602588509306205,-0.0004738858631720966,0.0,0.0017066676091879174
2017-01-11,0.0030932255360247574,0.0011382822098788825,0.0028262032489327904,0.007453169463433884
2017-01-12,0.003612367067042932,0.0005683582007398602,-0.0025101288364275387,0.001479307158046339
2017-01-13,0.0026336178800692167,-0.0021777704549050814,0.002295478188772515,0.002955097046619448
2017-01-17,0.01435950794847174,0.005028808330749035,-0.0035232428911803337,-0.0025249913227342047
2017-01-18,-0.008459177733679324,-0.007080874502121026,0.0022097439873443037,-0.005274851478943909
2017-01-19,-0.0008706024299159898,-0.003803076718415399,-0.0037045846892378442,-0.000848125985493775
2017-01-20,0.0024397178433508415,0.0004776896930671626,0.003674201793484322,0.004033090407129736
2017-01-23,0.006431967354547874,0.00524660751078021,-0.0026024195734585254,0.004651287474578769
2017-01-24,-0.004490925540628465,-0.003796129283161309,0.006412081059911756,0.0039981864115878896
2017-01-25,-0.008241493674922662,-0.004953791439854194,0.008655447334351196,0.010479994705843376
2017-01-26,-0.009272197003353688,0.001340201592010981,-0.001045439775490986,-0.0031115901414933145
2017-01-27,0.0020306880028346797,0.0012430161434027198,-0.0015700712176145437,-0.0022887097989763294
2017-01-30,0.004229477187141839,-0.0002867324374784541,-0.006201632451670713,-0.006464576101496422
2017-01-31,0.01386331327657886,0.003438946311158819,-8.760137620589248e-05,0.0023086738994935185
2017-02-01,-0.0030290445198764004,-0.0019162187393165775,0.0003953699122796195,0.0033509325884277796
2017-02-02,0.005555550404536813,0.0003818102637234144,0.0006591045954700281,0.0012521130396052627
2017-02-03,0.0025034610211955854,0.0007643313030432086,0.0068928965420618216,0.0045862173584798605
2017-02-06,0.013519329475210284,0.004770212953464359,-0.0017878763272611842,-0.00581011810709553
2017-02-07,-0.0020390643159919897,0.0018043940447203255,4.3730149221099524e-05,-0.0010438668709130683
2017-02-08,0.00621491028966048,0.0040754118057151345,0.001310299207172294,0.003134134143854661
2017-02-09,-0.00761487018603868,-0.0059466561094063675,0.005932842636019453,0.0027077701133266796
2017-02-10,0.0026430007347089113,-0.0006654071384601945,0.003946244160314638,0.0054007059135872115
2017-02-13,-0.006802682251218939,-0.001520220427881469,0.005442317238693706,0.00392559786017288
2017-02-14,0.0011129901542927811,-0.003616576914445835,0.003995473501823055,-0.0008231991193703436
2017-02-15,0.004447076385095894,-0.0019106007992768514,0.005220574108481646,0.005561536186819316
2017-02-16,0.0053640263872474225,0.0040193759967621645,-0.0008514724084170977,0.0008194241287138304
2017-02-17,-0.0033875467452245678,0.0026697967250808308,0.0015762908225993577,-0.004298066702281389
2017-02-21,0.000594830851824435,-0.0004756063300362934,0.00595554561335776,0.005755493096274211
2017-02-22,0.0013588421410561935,0.0016165422404701424,-0.0008882266253854576,0.00020390506593104263
2017-02-23,0.008735465586520608,0.002658839954216896,0.000677392154939449,0.0010220012582764504
2017-02-24,0.00638973004234078,0.004640721593213604,0.0012686603571627764,-0.007960604494483103
2017-02-27,-0.004845398633643638,-0.003582322674577809,0.0015626162438142632,-0.0008233411873492802
2017-02-28,0.0009234436519076628,-0.0004730409964048832,-0.002699187643160794,-0.0035008090913677403
2017-03-01,-0.0014258642418293332,-0.006966386633554977,0.013997708922225405,0.011572627282040227
2017-03-02,-0.01243067157641009,-0.002863693431458869,-0.006297361469169038,-0.008580123690419161
2017-03-03,-0.0005953367386810626,0.000957549141206604,0.0006293468847291539,0.0049458206082693135
2017-03-06,-0.006722839768239397,-0.00019118082316005314,-0.0029779119493789086,-0.0024608952985277766
2017-03-07,-0.008053482107396648,-0.0014349506362033582,-0.002986880935550995,-0.0022610569057402996
2017-03-08,-0.0062187012290060295,-0.0033526644883901113,-0.0018564406401030409,-0.005974599833046712
2017-03-09,-0.005127727710842134,-0.0027870757638059906,0.001268167030128886,0.0012436043838781607
2017-03-10,0.002183978311645074,0.002120692297851612,0.003504119184038812,0.009315239010756704
2017-03-13,0.0001743082536056484,-0.0025004607317694605,0.000504825436403511,0.005536958816770854
2017-03-14,-0.005403478549159679,0.0010603871267422793,-0.0038265266207248017,-0.0069345003757596
2017-03-15,0.018664539100545774,0.008763935762830632,0.00865350835563894,0.01622504635119837
2017-03-16,0.004129061134912737,-0.0027681695527732586,-0.001967053868371149,0.005860995167514593
2017-03-17,0.0022273151662723922,0.0026802446020837145,-0.001755983655101434,-0.00020107265817848052
2017-03-20,0.004444860945005402,0.002387201824962437,-0.001096871129885879,0.0020099127132613415
2017-03-21,0.008765200923941618,0.003333869175339066,-0.012839444466301142,-0.007019773197039836
2017-03-22,0.0024464392887426634,0.001899190295194586,0.002352805844191286,0.0018181369233927214
2017-03-23,-0.001346492128619703,-0.0010425610703217458,-0.0010669742661078008,0.0022173423241058643
2017-03-24,0.001601099219161961,0.0005692796009799661,-0.0007261727259836315,0.0036328227178854533
2017-03-27,0.005636868294673025,0.0024648122396482286,-0.0010263427210688292,0.001407346879262139
2017-03-28,-0.004099371444605038,-0.003404529658266431,0.0072764338798361194,0.0032128643188440442
2017-03-29,0.002436163586164053,0.002846935701065645,0.000934958706552802,0.0012013057434490104
2017-03-30,-0.007206910225050822,-0.0028388536672103726,0.003184249182909271,-0.003998541116368104
2017-03-31,0.0021102388572973307,0.0019925113763492597,-0.002327763807942973,-0.0028103166162029014
2017-04-03,0.005306580584065079,0.004923136956845653,-0.0017390635369609608,-0.00020109267108436857
2017-04-04,0.002262289701825848,-0.0014157429538836919,0.0006373730932596189,0.0008051407353970585
2017-04-05,0.0,0.0018904234284085053,-0.0029728877670249787,-0.004425420601341767
2017-04-06,-0.003678334988324705,-0.0006609069118493904,0.0028114028407235647,0.0
2017-04-07,0.0023493772325884343,-0.0030205537595066057,-0.0010193804423874742,-0.0010105441717281893
2017-04-10,0.0,0.0017992280914183034,0.0005950453492364893,-0.0008088864662355588
2017-04-11,0.014481863135711759,0.004631227140296845,-0.0011896828187162312,0.0028341080479739045
2017-04-12,0.006848701913851674,0.003104850862872821,-0.004381701343908917,0.00020166089703721468
2017-04-13,0.004753334264967268,0.003000915409488325,-0.006495148784748106,-0.005650447822531879
2017-04-17,-0.0029363834815018253,-0.0015901893511319765,0.008860348799076823,0.00811820110621908
2017-04-18,0.004744779460001958,0.005714034160159143,-0.0029844199604830424,-0.006845115536985857
2017-04-19,-0.008874746300268521,-0.00260761541726362,-0.0018385877883613233,-0.004460019927335912
2017-04-20,0.0018893922713916211,-0.002240955136389111,0.008138831954088266,0.009163223246418939
2017-04-21,0.002869780885113693,0.00046789567858507297,-0.0031867307261262967,-0.00040336231445836646
2017-04-24,-0.006785988212145488,-0.0020579561533592416,0.01099774538661591,0.021195027839164826
2017-04-25,-0.010125150830952667,-0.005154697556028931,0.005818757862118273,0.00592973638128913
2017-04-26,0.0049064144523129904,0.00263789966282002,-0.0006289176544596042,-0.002358011698730178
2017-04-27,-0.003723907331012466,0.0006574045902807413,0.0008392572591757741,-0.0013788158072871592
2017-04-28,0.0031563855415273068,0.0010336620549620257,-0.0021795292684081424,0.0
2017-05-01,-0.009108209859209682,-0.0021614066280102318,0.00252019210369947,0.004536848636209179
2017-05-02,-0.00016709821486060594,0.0020718095523819535,0.00037711546289442843,0.0058905457329259114
2017-05-03,-0.013957360197643709,-0.002067526032198619,-0.001214634277897031,-0.0029282709263939166
2017-05-04,-0.010086475737808298,-0.0022595622615801947,0.001174388260230641,0.0025450186462516733
2017-05-05,0.0018837333588364036,0.00018853651377614966,0.003936882492998395,0.009568289785580886
2017-05-08,-0.002222050521183294,-0.0024531120632467207,-0.00016677914077245504,-0.005222427491824444
2017-05-09,-0.005995691205500586,-0.0011345958463926387,-0.0009180271874734691,-0.000583141987828828
2017-05-10,-8.618815999517082e-05,-0.00037916794630221684,0.0017956698502088475,0.0033070198125333405
2017-05-11,0.003964142371969848,0.0007580835927547547,-0.0020425897466731513,-0.00213241559753774
2017-05-12,0.0028326337429587234,0.005110939958123062,-0.0016710526209119392,0.005246683871518165
2017-05-15,0.0026534071191921527,-0.000659092397471639,0.00552346781737123,0.006959066473530173
2017-05-16,0.0043537829852127174,0.0013195017960856426,-0.0009156557158002121,0.003839740682894055
2017-05-17,0.018189539837597968,0.007999024395826337,-0.01774400868642001,-0.013195813347482765
2017-05-18,-0.008181011348557088,-0.000279750498743514,0.004028682489681135,-0.0023260536649348795
2017-05-19,0.0049659454541624015,-0.000280006224726459,0.006503957453352749,0.013792256183093876
2017-05-22,0.004187604636601616,-0.0011214035613349438,0.005077346528437943,0.0013413003473661256
2017-05-23,-0.006338633249028169,-0.002618302028913111,0.002212921105208432,0.0
2017-05-24,0.003944948993712671,0.0020629051562472966,0.0023331206190140286,0.0019132876124046128
2017-05-25,-0.0010868426783263718,0.000561112852488943,0.004779074401240813,0.0003822729961970861
2017-05-26,0.00887175702052101,0.0006539980059323547,-0.00020651516675118664,-0.0009547885694157765
2017-05-30,-0.003318413164433487,0.0025239846016251732,-0.0008688566564608591,-0.0021019264997371723
2017-05-31,0.003995366733579031,0.0004662934075765346,-0.00024852325175361845,-0.0003832013551481328
2017-06-01,0.0008290372396291268,-0.0005228196248392436,0.007952382740862518,0.007471625331969101
2017-06-02,0.0073724269437449585,0.004388366784809916,0.00332811619880391,0.008556580960106475
2017-06-05,0.0009867835373715828,-0.001673444984515049,-0.0007370558761474744,-0.003959510405641242
2017-06-06,0.011254375087548674,0.003166299255469962,-0.0031968189727865637,-0.0020817475508656536
2017-06-07,-0.005280272412152454,-0.0018563964670440525,0.0018504566950334755,0.00037880289307601345
2017-06-08,-0.006533241668445489,-0.001580646771936034,0.0004923506092404661,-0.0009476034035813541
2017-06-09,-0.00912454251071615,-0.0009316176395226528,-0.0015178646898964532,-0.004555295337306475
2017-06-12,-0.0014932827593217013,-0.00018695714772376526,-0.00020526019846744958,-0.0034315777346825005
2017-06-13,0.0009970317877492363,0.00037327658114039153,0.004889849350709685,0.008226324546821484
2017-06-14,-0.00547811789275976,0.0052200316370911715,-0.0012677338822205675,-0.0013284158791131429
2017-06-15,-0.004172926066378535,-0.0017617028598028162,-0.0019242036123655604,-0.009880074007270978
2017-06-16,0.00016758836001962152,0.0005569890271135414,0.00021827345408342858,0.007100422469339174
2017-06-19,-0.007625239321596311,-0.002785068110609079,0.008325213779542429,0.004382872648280189
2017-06-20,-0.0021109516115493943,0.002513508751710525,-0.006744091842442401,-0.009675922604464926
2017-06-21,0.0028769363429739236,-9.267354001296635e-05,-0.00024693637783201883,-0.0016260949999483687
2017-06-22,0.0033749707830614817,0.0009288476122546463,-0.0004527321609075763,0.0034911170337756925
2017-06-23,0.004288615406013774,0.0002782284601572371,0.0011941926580214535,0.0025123658893637657
2017-06-26,-0.008959220397639522,0.0008351571689939608,0.0006581960719522773,0.002891589361847746
2017-06-27,0.0038019343183648413,-0.0049122462736570505,-0.00805646183905806,-0.0023068315848223664
2017-06-28,0.0007575454013519778,-0.0009316176395226528,0.008950722792180787,0.009634342297997422
2017-06-29,-0.00487806411784153,-0.00372950325291288,-0.00878897596179673,-0.01030574303286369
2017-06-30,-0.00253552275635216,-0.002339498881203772,0.0018643971504912482,0.0021210555978816714
2017-07-03,-0.016353163532217163,-0.003672697577106865,0.0016957458090465227,0.0007698434555780675
2017-07-05,0.003704025486608087,0.0007541793996768131,0.002311892616266631,-0.0007692512525356854
2017-07-06,-0.00042907160833882685,-0.0018841614606972534,-0.009144521845644404,-0.005964633213353054
2017-07-07,-0.010217244173899132,-0.0016049270572230379,0.006485201876787139,0.0011611638756046094
2017-07-10,0.0016481821948142183,0.0013232761835988427,0.0010738662477072225,0.003093873139064618
2017-07-11,0.0012990519121256483,0.0013221534574439087,-0.000742475625249539,0.003469199761204411
2017-07-12,0.0035460648934033667,0.002922956034104196,0.007514579464305671,0.009604540913030535
2017-07-13,-0.0018098688846157618,-0.0010343504995738995,0.0016800996936376933,0.003805059985735104
2017-07-14,0.008202356680584888,0.0014121490999812192,0.004664367320883933,0.008908207962366577
2017-07-17,0.004453235312239068,0.001221792505360142,-0.00012232903034470333,-0.003757260353921432
2017-07-18,0.006991215691223296,0.003660104452477997,0.0005297044573757681,0.0026398886889680284
2017-07-19,-0.0002539901713813908,0.0,0.005414018087462891,0.005266250833421804
2017-07-20,0.001354979930841882,0.000280908182976658,0.00044546893691155276,0.003741795424283545
2017-07-21,0.008626558617128355,0.0017771685516887459,-0.0008906832654710373,-0.004287125715697115
2017-07-24,0.00041921366315400554,-0.0006538406863594304,-0.00024299440792852067,0.0
2017-07-25,-0.0032687905257637873,-0.005603920940023488,0.002430819208266044,0.0011230945371798473
2017-07-26,0.008072646310579579,0.0031937001373558704,4.0446159456308806e-05,0.005422961363915402
2017-07-27,-0.0007507202198243634,-0.0015920324773561756,-0.0009293016245429664,-0.0027903395714568013
2017-07-28,0.00751316068954333,0.0016882753416496143,-0.001173058891860257,0.0
2017-07-31,0.0004971211979458712,0.00028117098716196054,-0.0005672023103343582,0.0018654315684945022
2017-08-01,-0.0008281447132181263,0.002483555101380208,0.002228690415649437,0.006329433805382534
2017-08-02,-0.002072109381170417,-0.0009347403396385845,0.00048526618014155254,-0.00018541176201714027
2017-08-03,0.0015780299800982611,0.0034625097314215925,-0.0019399103870809675,-0.0016651441710138215
2017-08-04,-0.007794965092940864,-0.0027045470842833597,0.0018223297455697285,0.0018536769563064492
2017-08-07,-0.0011700742821817434,0.000561249713670664,0.0018592498014688985,0.0011097981361694043
2017-08-08,0.0029286123995055924,-0.0008413139418042004,-0.002461036074513645,-0.0036956557358790443
2017-08-09,0.012097421498902916,0.0012160579093394297,-4.0614332968536004e-05,-0.0029674544584714635
2017-08-10,0.007419021877765664,0.003736872965758087,-0.014115048036920208,-0.015996960514488512
2017-08-11,0.004745944156777204,0.0011175396416267525,0.0014768434831120558,0.00018900668558186062
2017-08-14,-0.007085289845225606,-0.0024176803792245183,0.009912874266074345,0.007560062779413679
2017-08-15,-0.007709931316675078,-0.0029823773977133428,-0.00012148674712042506,-0.00206327051411781
2017-08-16,0.007356582616572016,0.0018694842545061707,0.0017443229381886027,0.007330816031212217
2017-08-17,0.00508734802014188,0.0035459744356987066,-0.015590804999761843,-0.012129203402602484
2017-08-18,-0.0015511047050799087,0.00018579955051101216,-0.001563030606713256,0.0034002082678143974
2017-08-21,0.0037612352656932746,0.000650573242942265,0.0007828110831351598,0.002070556282639746
2017-08-22,-0.00448031151993189,-0.0019511536828729081,0.010457047804617758,0.003944908114834389
2017-08-23,0.003764005301683193,0.0034444341156023572,-0.0035854702795808935,0.0016842446358109608
2017-08-24,-0.003097719565419932,-0.001576905990260169,-0.0023307401124630367,0.00018687533916517118
2017-08-25,0.003679752595251218,0.0016726226830867663,0.0023361851529091204,0.006350527335693634
2017-08-28,0.015887278895027057,0.0009275467073801558,4.0703780570083836e-05,-0.0005567067444360863
2017-08-29,-0.0021654043401579948,0.0023167179043863673,0.0011449715612752431,-0.004085530254867797
2017-08-30,-0.00048221796718150856,-0.0008323880075271628,0.004737485809089392,-0.0005593947760962337
2017-08-31,0.011740101940391323,0.0015727037711112946,0.00601598658568947,0.0076490930910746435
2017-09-01,0.0019074699121892635,-0.0029421360113638384,0.001414221968295326,0.0027772955763796237
2017-09-05,0.011105834943620163,0.006960105687540352,-0.007181902498262116,-0.007570096449535657
2017-09-06,-0.005099651110527015,-0.0023959247349640833,0.003413614845667823,0.0070701574236606834
2017-09-07,0.010409331674411826,0.00434172475827288,-0.000121522917522765,0.0075742885213161415
2017-09-08,-0.0012487602904230899,-0.0007356633159967263,-0.0011744850222757952,-0.0009167990059074649
2017-09-11,-0.01390950036975469,-0.005707022256248195,0.010665813597141138,0.008625105676743905
2017-09-12,0.0029320477853171933,-0.002407317237345996,0.0033708194455872587,0.0005460390999889597
2017-09-13,-0.007506297144185381,-0.002040966189941762,0.0004796871585950324,-0.0045463930218339055
2017-09-14,0.004378656548724491,0.00018545086996391014,-0.00031980186179847436,0.002192115283403684
2017-09-15,-0.004993697404288455,0.0012091577833706069,0.0013462370473735774,0.002552191661103098
2017-09-18,-0.009320466663927607,-0.0039005305521245814,0.002126882737799596,0.0016362009088777274
2017-09-19,0.0020907215740946228,-0.0011184113752076286,0.0010014407034470985,0.0034490919151661803
2017-09-20,-0.008024393981386213,-0.0019601383888371293,0.0003597805841626389,-0.0016731531465931093
2017-09-21,-0.007603967161635139,-0.0013090604822145746,-0.002679429300352032,-0.00182192425821337
2017-09-22,0.004564701313993336,0.001779207612034206,0.0002005531708977326,0.0009124892099734438
2017-09-25,0.010467388330802407,0.0029911173787184886,-0.0020447699280149445,-0.006382143442821064
2017-09-26,-0.01116196421162674,-0.0008391334679794804,0.0006029117599233302,-0.0027530846942731557
2017-09-27,-0.009420139990778287,-0.005129037053633434,0.0038943666802404575,-0.0009201371807729952
2017-09-28,0.001885519931214219,-0.00018784861986154144,0.0011996535529650298,0.002394687768783932
2017-09-29,-0.005155038524977895,-0.0012191204553696489,0.003515027769500856,0.005696445139256268
2017-10-02,-0.006662322551317712,-0.001138164924255114,0.004338619393774001,0.0
2017-10-03,0.0004968550936175209,0.0014122794561397534,0.002140171505898847,0.005664179451750462
2017-10-04,0.002813840376879373,-0.00028147262293221065,0.0011866675933764892,-0.0007268558004155379
2017-10-05,-0.0053643767904709705,-0.0010345435601790687,0.005924856269152068,0.00036369225203070066
2017-10-06,0.004729503075844965,-0.0012238359692410272,-0.0011387661304336216,-0.0012723250127588681
2017-10-09,0.0081757826666502,0.0011305322244332672,-0.0016511703756876273,-0.00018187633437216633
2017-10-10,0.002621229439913275,0.00037736518868269897,0.00263824834783577,0.008736883041172039
2017-10-11,0.0031862694835504968,0.0011293618830339192,0.0015710581692212067,0.004510671169201785
2017-10-12,0.000814386133850542,0.0009391575159807264,-0.0014900887723536815,-0.0008982434853983534
2017-10-13,0.0075677460313676725,0.003380114349660568,0.0012175463891554994,0.006652906517487622
2017-10-16,-0.006864791440930884,-0.0016844961851115725,0.0013333759999034633,-0.0010718727303347109
2017-10-17,-0.006830966568647456,-0.00037457129352069796,0.000705319189266751,-0.0026821142271475917
2017-10-18,-0.003766470931119148,-0.002531911940109821,0.0009786270077121184,0.0025098019429246055
2017-10-19,0.005917656213846323,0.0010341807049731866,0.00027381051601804707,-0.004112632286688789
2017-10-20,-0.006373059753138954,-0.004132272020845318,0.0051601339391940115,-0.0005387345228378138
2017-10-23,0.0015623915833617996,0.0009434134227013224,-0.003889336053556125,-0.00269521359229441
2017-10-24,-0.003858794818776823,-0.0030153668760030117,0.0017572088639288275,0.0018017541953825322
2017-10-25,0.0001648120231156902,-0.0016064244861540011,-0.004950312346324148,-0.003596671025511866
2017-10-26,-0.00840541125580585,-0.0013249404374748863,0.0012925947575492813,-0.001443646889550787
2017-10-27,0.004736970715121469,0.0032221984513929325,0.008176321002046905,0.0039761267617868246
2017-10-30,0.0019023633137824625,0.0035897138517311244,-0.0037250450251116174,0.0005402707294217546
2017-10-31,-0.003797565383496959,-0.0006580546187108238,0.0015577522670384703,0.004677767512699216
2017-11-01,0.003646328400454868,0.0006031550578340372,0.0013222406336645953,0.0032234581360395254
2017-11-02,0.0006605716344769696,0.0013198213124023805,0.00038828498801901645,0.0021420672266632135
2017-11-03,-0.004703355749991034,0.001601040636522999,0.00333891786426177,-0.001959379243942627
2017-11-06,0.008539203746006141,0.0012219828763089247,0.0015475733650829326,0.003391163307766787
2017-11-07,-0.003616953850285376,0.00037586222015417725,-0.0006953488095855498,-0.0037354139238406914
2017-11-08,0.0034650455582678763,-0.0012203863458111197,0.0017009167661090618,0.0037494195578633427
2017-11-09,0.004110828013571766,-0.0003758262005536528,-0.003627787285059636,-0.006047892760490559
2017-11-10,-0.008187996581421442,-0.005077065814402815,-0.0003097150722836117,-0.0026843370224900465
2017-11-13,0.0014860093226882753,-0.0004720906954989168,0.0009299068969470525,-0.00448593680372622
2017-11-14,0.0020608359165059653,0.0014179199918264995,-0.0023226750594769197,-0.0010812797844264033
2017-11-15,-0.0012339083538733808,0.003587149751215435,-0.0050051128882063756,-0.005593836640944261
2017-11-16,-8.23831309511025e-05,-0.002539390843740885,0.00850074057805017,0.011431865727815405
2017-11-17,0.012026351450757033,0.0013200700722917347,-0.002938558512149858,-0.0008969373633703759
2017-11-20,-0.012616010451388715,-0.0016008100249452761,0.0017062597749173403,0.0016157587010297014
2017-11-21,0.0016487064682373376,0.00018835569298647492,0.006542946689806373,0.008067715440656098
2017-11-22,0.009217308019892956,0.0032068598637400303,-0.0008848106012780965,0.0028451878715760603
2017-11-24,-0.002527909692056296,-0.000846015377318543,0.002309956215949205,0.005320382841916826
2017-11-27,0.004169409233999888,0.0006585002245491633,-0.0004994142299842297,-0.007408801987147884
2017-11-28,-0.0001628614521104188,0.00018810763191168256,0.010144926660596632,0.006042255103661853
2017-11-29,-0.0062698205225436565,-0.0031966087873198656,-0.0006086872611505978,-0.0068891185222828
2017-11-30,-0.007702412605330111,-0.0031117674745139157,0.008755034004906292,-0.0005338320113418282
2017-12-01,0.004046225185331043,0.003694795827883901,-0.00207579154013926,-0.0016016459661369886
2017-12-04,-0.00337195530112111,-0.0004718183276707366,-0.001209791476446287,-0.003564991698496889
2017-12-05,-0.007096885692240984,0.0007556918144602243,-0.003596468532190089,-0.0014311694451971668
2017-12-06,-0.002077792558461522,0.0020758735324617472,0.0001899710423596268,-0.005732527441878688
2017-12-07,-0.01315900587216201,-0.0017895205485455312,0.003152973431138628,0.002522105923627782
2017-12-08,-8.434894941455884e-05,-0.0007544643724221034,0.005452894205053793,0.0061109390894655835
2017-12-11,-0.003966924437765251,-0.0006612205759062295,0.0030129782696706187,0.0021435978667758704
2017-12-12,0.0011863349471583629,-0.0008502084267352217,0.0017651485239185138,-0.0003563843496131591
2017-12-13,0.008633065001213636,0.004066126466097497,-0.00011237021191412566,0.005527561335644471
2017-12-14,-0.002013911785324396,-0.00037633579953832985,-0.004086190303574488,-0.004610488822530234
2017-12-15,0.0021020768465358497,-0.00018890295648621436,0.008327041209476693,-0.0005345997061113605
2017-12-18,0.004614893860962033,-0.002261240410123544,0.00634168260674195,0.011408185411011296
2017-12-19,0.0007516606979649509,-0.004533618209260792,-0.003840458410533265,-0.0029959279412393736
2017-12-20,0.002670670135530351,-0.002941196143509406,-0.000524088522819155,-0.0001769306439758367
2017-12-21,0.0014150005810633637,0.0007053789663256094,0.0020595710856319283,0.0049800773253654285
2017-12-22,0.005236513137702126,0.00038122250773442445,-0.0002615128838615588,0.00301968404068087
2017-12-26,0.006862859144246114,0.0003810772325161249,-0.001196217869796623,0.0005311839849420075
2017-12-27,0.0037776687734956127,0.00428135490703907,0.00048664513311291735,0.0017703392048440403
2017-12-28,0.005072364396301321,-0.0012310393744946468,0.0020572065982236154,0.0017665169727139052
2017-12-29,0.006512031434223742,0.001613044691978871,-0.003770312708141099,0.0019400623392387129
2018-01-02,0.012131014811884722,-0.0033161961269261298,0.007157208349409805,0.01003338818697963
2018-01-03,-0.002636850395774437,0.001046192675705715,0.006325023033270316,0.0069712141695277285
2018-01-04,0.00512737855482448,-0.00047528004678309976,0.004215262624452931,0.008307356476094263
2018-01-05,-0.0010361649479244672,-0.0012341405495669422,0.006663636422392871,0.006693985100797217
2018-01-08,-0.00015961279955856167,-0.00047618286814532507,0.0018285510139670613,-0.0005114400400985097
2018-01-09,-0.0046284750854691525,-0.004757578441955346,0.0022639246690947523,0.0008527804275422213
2018-01-10,0.002405158456580736,-0.0002861355611410987,-0.001530184681325597,-0.003408884446914562
2018-01-11,0.003279242310744168,0.0006690075048390032,0.007295843357073339,0.00632824269348764
2018-01-12,0.012117319941670202,-0.000668560233025639,0.006519108765788761,0.009687232417343372
2018-01-16,0.0016540570729914883,0.0004780163631301626,-0.003418336993030402,-0.0010100426841543886
2018-01-17,-0.008099385028916384,-0.0021983988092439954,0.009532057171257824,0.006908178661036102
2018-01-18,-0.002219746160232239,-0.00316128335049648,-0.0016814635458702876,-0.001171331186727742
2018-01-19,0.004449368789751107,-0.0025942644064470555,0.004549902036883102,0.004523501413897346
2018-01-22,0.0018193589642852004,-0.00038557626470647755,0.008131183910344397,0.0055034181302915375
2018-01-23,0.004974316982453653,0.0028913995991499686,0.002122490989512116,0.003981119333781313
2018-01-24,0.012177899643490031,-0.0019224332071043904,-0.00038861515877663955,0.004295162426867671
2018-01-25,-0.006675468432262743,0.0022151513787693755,0.0004238742734647971,-0.0036189054994671954
2018-01-26,0.0007814808358339587,-0.002978537952755822,0.011577920341350856,0.009905530736541435
2018-01-29,-0.005621994291566623,-0.002505553677347505,-0.006629898120393718,-0.010298824362301673
2018-01-30,-0.004318770545372663,-0.0023188095677415532,-0.01025723871582851,-0.009415290394634956
2018-01-31,0.006703457836465088,0.0002904567068189312,0.0004968888159611051,0.0015003844254302123
2018-02-01,0.003290292152912322,-0.005158197972354062,-0.001135402007223063,-0.0008323344529999055
2018-02-02,-0.013117887393550687,-0.0037036350400734275,-0.02176956157553067,-0.0218293195857302
2018-02-05,0.002531843471552664,0.00821772097734863,-0.041822566014076856,-0.040204632464439394
2018-02-06,-0.010496423649786535,-0.004366718132522207,0.019702226567143155,0.02413900908223532
2018-02-07,-0.004705665583148222,-0.0029241568393464368,-0.005425073562016158,-0.018024161954295126
2018-02-08,0.0015225774502147793,0.0008797648318816798,-0.03750864192704895,-0.02753266627896922
2018-02-09,-0.0016803225174144565,-0.0017572510166827815,0.01502148412859583,0.009437243541788876
2018-02-12,0.004808897328354433,-0.0002933296202691782,0.014684391269071506,0.014023963103713344
2018-02-13,0.0056632293923437604,0.001663391872513742,0.002487528459192534,0.0
2018-02-14,0.017052616317100977,-0.006057668454445553,0.013496159076516134,0.017907679086580197
2018-02-15,0.001169844500285011,0.0002954504952341619,0.012760563222280696,0.008883470255274695
2018-02-16,-0.003271582663696204,0.002358486440222185,0.00029238753488214364,0.001381142440354921
2018-02-20,-0.013441710167313103,-0.0010785519626991258,-0.006261170148888273,-0.010861706984966468
2018-02-21,-0.004594377467322608,-0.0029442550153897518,-0.004973930525205117,-0.002440426701696752
2018-02-22,0.005093103382117992,0.001377563414306282,0.0012959908276597432,0.004543002363987192
2018-02-23,-0.0012668539845070992,0.003833672791339504,0.015939094249297847,0.010958487334354894
2018-02-26,0.0024575674654647717,0.0011751784763891493,0.011612469070407805,0.007570564449733919
2018-02-27,-0.01043890649807222,-0.0031290922370177388,-0.012486373265269024,-0.017076518703582177
2018-02-28,-0.0010388975966705294,0.0023538638998577,-0.010130248953268417,-0.011292519605281881
2018-03-01,-0.0022399902343750444,0.004303418321351282,-0.01454060348578301,-0.010367429261122885
2018-03-02,0.005372018620811936,-0.003709221981124,0.005154869431400311,0.0028407588241943227
2018-03-05,-0.0016747674096407872,-0.001273487779090976,0.011557851883206238,0.0040726748715091965
2018-03-06,0.010784458146907872,-9.829023629215339e-05,0.0025349502320139994,0.007581990462020016
2018-03-07,-0.006401624645603676,0.0,-0.0003661791369484746,-0.001049911237666179
2018-03-08,-0.0023862794212923255,0.002060442964489928,0.004838916143443228,0.0021025452972809333
2018-03-09,0.0009568071147663115,-0.002153662880178153,0.017402486721758148,0.009440315452806658
2018-03-12,0.0,0.0023550219447729948,-0.0012550016828091204,0.0017319800594077783
2018-03-13,0.0019117242474055995,0.0016635802305202674,-0.006462868274408451,-0.007088611418550439
2018-03-14,-0.0006360457292980959,0.00195465564599262,-0.005131493822585376,0.002612036372303006
2018-03-15,-0.006364323323672649,-0.00039044222258066696,-0.0010900170349491534,-0.001389382885063184
2018-03-16,-0.0024019459414951205,-0.0011705975186508955,0.0010846965197750524,-0.0019129847563801317
2018-03-19,0.0021669685053569143,-0.0009767630376343872,-0.013530504481347072,-0.008712712076527906
2018-03-20,-0.004484705499084418,-0.0019559849416054265,0.0017008230767674437,0.0031641791353791415
2018-03-21,0.01745640608927701,0.0006859639080694091,-0.001919193874680425,0.002803770384930182
2018-03-22,-0.003953194075975608,0.004111588186463511,-0.024997175335638944,-0.021667180763334515
2018-03-23,0.012938539529958382,0.0013654647341754256,-0.021314851003582436,-0.011430622519133626
2018-03-26,0.005250357853935794,-0.002726203519058945,0.02735936667397243,0.020504500823627314
2018-03-27,-0.0061584106879087885,0.0056632452197329375,-0.017011930964945354,-0.010827400290075673
2018-03-28,-0.01380496145836152,-0.00019492063705439655,-0.002954928210696095,0.003409196512470958
2018-03-29,0.0004771936450476133,0.0020394345181991014,0.012777454934747912,0.011266318948122134
2018-04-02,0.011686153191860393,0.0010192284399004325,-0.02158413993061281,-0.015561564359125035
2018-04-03,-0.007543604183229413,-0.0031999372529356584,0.012816775977722905,0.00934092366549355
2018-04-04,0.0011876001018218396,-0.0005834184322244251,0.01069923851423149,0.001601739977821648
2018-04-05,-0.005140323544257752,-0.0025313194299108055,0.007891960323639369,0.006574236247878007
2018-04-06,0.004689954877408642,0.0043913540454916244,-0.02228603462109746,-0.01041490786363608
2018-04-09,0.0034021703240154633,0.00019474145440279145,0.004928525679544382,0.007492091700387338
2018-04-10,0.0023655815524343815,-0.0017489748804310201,0.015900068198391182,0.01186244421698368
2018-04-11,0.007787899955785216,0.0009736782406497557,-0.005242120480499213,-0.0029745918565836638
2018-04-12,-0.011630613197024187,-0.003597643254019345,0.008227405155581513,0.00280803917406236
2018-04-13,0.006555000660688037,0.0008784640438925795,-0.002933524739697879,-0.0015751098040690525
2018-04-16,0.0014123209845888773,-0.0004878297938358811,0.00822214420812939,0.0019284477664369692
2018-04-17,0.0009402393572395251,0.000585171353457481,0.01069824392216323,0.004373582567877898
2018-04-18,0.0007827669207129961,-0.0038987091244359062,0.0007401589201676551,0.005747870309642078
2018-04-19,-0.001955416527053,-0.002740280654165095,-0.005547406298644697,-0.004329566584688416
2018-04-20,-0.007601890535287481,-0.00333599197257739,-0.008479261948887928,-0.006261825911345498
2018-04-23,-0.007975949843974872,-0.0009841661704304006,-0.0001501883392942549,-0.0029759749912537936
2018-04-24,0.004855919415812648,-0.0011832121388453132,-0.013467352021482859,-0.004213022185764692
2018-04-25,-0.006496075996334616,-0.002170271437362703,0.0024718624051451865,-0.003173717675313492
2018-04-26,-0.0035085115107064135,0.0028675425308275493,0.010165462511963597,0.00725152005130969
2018-04-27,0.004241008034887361,0.0016756396019315112,0.0009390034537386516,0.0024583065620022992
2018-04-30,-0.007251025196090666,0.0010830779934749568,-0.007690721549054924,-0.004904556221262402
2018-05-01,-0.007063145351023148,-0.0015662431305246693,0.0017771692587809085,-0.0022885848644060847
2018-05-02,-0.0004849855228984401,0.00019729473506346906,-0.006717665014275953,-0.002646373370792432
2018-05-03,0.005095004008440096,0.0025646015101428166,-0.0022036762797966736,0.0021228374270223505
2018-05-04,0.002092067418605348,9.860492830182643e-05,0.0129465825094639,0.003000845608014391
2018-05-07,0.0002408766587147504,-0.0004919671504618472,0.003383120372304038,-0.001583894365919325
2018-05-08,0.00016052535213439967,-0.0016730895208878493,0.0,0.0026438679650266916
2018-05-09,-0.0020868008225221057,-0.002268196261433153,0.009665812069472146,0.001055016725444613
2018-05-10,0.0068366320405601755,0.0020757459331934847,0.00935057246770743,0.010362036385894724
2018-05-11,-0.0014379318160805399,9.827693594766096e-05,0.0030513259292253014,0.0012164208993294956
2018-05-14,-0.004080017089843735,-0.0021695098604641583,0.00047617189519910674,0.0010419139193835747
2018-05-15,-0.01614583132241265,-0.005533909915095392,-0.00688665209764705,-0.009365257876536415
2018-05-16,-0.0015512935679184991,-0.0020870189349098123,0.004205037449807714,0.004901980528682071
2018-05-17,0.0005724073456552237,-0.000597272967113649,-0.0008449130789390802,-0.002264805257193192
2018-05-18,0.0004086552101045804,0.0038859877427348533,-0.002499905967131677,-0.004365182612846019
2018-05-21,0.0005718461950008358,0.0006947826807859325,0.00751844967537485,0.006664219390837722
2018-05-22,-0.0005715193738216051,-0.00039721854555696545,-0.0027802281657763883,-0.0003485430992261618
2018-05-23,0.001061982268841355,0.004564833539899338,0.0027514015624445776,-0.008539766620775269
2018-05-24,0.00856859323093273,0.0025678024805853017,-0.002048373922315938,-0.0035153011195202533
2018-05-25,-0.003074660285441455,0.003941626058283854,-0.0023831358206559683,-0.0037043721089274895
2018-05-29,-0.000162297242228715,0.010795016001645896,-0.011500778433496062,-0.01965304242239352
2018-05-30,0.001461160009810003,-0.004272126580133873,0.013344508884402195,0.013003599159173707
2018-05-31,-0.00218857312515075,-0.00048773566581139516,-0.006125642151926569,-0.0037439978216740055
2018-06-01,-0.004955325896935703,-0.0036948136656270725,0.00981765451381511,0.009126411246522359
2018-06-04,-0.000979631964080463,-0.0035317156609724343,0.004751133526473161,0.003724601380149517
2018-06-05,0.003922495029546447,0.002559728838200881,0.0007274775421537427,-0.002120470540698416
2018-06-06,0.0005697980927446,-0.004026087615143781,0.008360728156928232,0.010269188534244744
2018-06-07,-0.00048810250152531154,0.0042397746786067,-0.0001078386396954345,-0.00788641801103862
2018-06-08,0.0012209142530825723,-0.001374772100694699,0.0029561459456317607,0.0014131094218132745
2018-06-11,0.0017884823744616085,-0.0009832404564892316,0.0013299665573025532,0.00440984344062767
2018-06-12,-0.0033271415316106223,-0.0005902135884637838,0.001292465720946545,-0.004214759653988431
2018-06-13,0.003012561044629436,-0.0011823153114459695,-0.0031909639091877162,-0.0007056058411352151
2018-06-14,0.0015422908372948463,0.003154891264716575,0.0025180671834097446,-0.003706160833626182
2018-06-15,-0.01653429211330959,0.0007866309136530525,-0.0012759013153093024,-0.006731771385471097
2018-06-18,-0.0018954650937899054,0.0004906297484075228,-0.002057059873265543,-0.00784730352996399
2018-06-19,-0.0025596363391253707,0.0026504757277006075,-0.0038325175915928655,-0.010426008731853842
2018-06-20,-0.004470206141435118,-0.0032304717395883475,0.001706217443854241,0.002906485866872366
2018-06-21,-0.001746208886931222,0.0026520366058535583,-0.006269122049384124,-0.009237519405165706
2018-06-22,0.0024156041546103957,0.00019502297716966766,0.0018228389796450806,0.010590204398757352
2018-06-25,-0.0037393797734436296,0.001371637124624403,-0.013612668833206665,-0.013716179323284505
2018-06-26,-0.0052547940330739396,0.000488614464080106,0.0022143096077851254,0.0012980087950713592
2018-06-27,-0.005701830395735019,0.0038126055532969882,-0.008284537461200059,-0.012407680362573226
2018-06-28,-0.00303593021413906,-0.0009738572466068129,0.005717713452088491,0.005062687989517256
2018-06-29,0.003637288959023266,-0.0007794643651473088,0.0014394813744431634,0.009328641354504397
2018-07-02,-0.010029518972628937,-0.0006844125650922184,0.0021380125402878924,-0.010536173255071613
2018-07-03,0.01013112932642235,0.002542897719093773,-0.0035312820276800494,0.0022420184063325355
2018-07-05,0.003371272825408722,9.720377444155659e-05,0.008157970961661931,0.006523734695739636
2018-07-06,-0.0015959885471287238,0.0008784627969917747,0.008458462406377931,0.005370289104852599
2018-07-09,0.0024398528860691826,-0.002534337269853637,0.009004248855094321,0.01068356305827134
2018-07-10,-0.001846422307055895,-0.0007814772560449379,0.0035983461114941218,0.0
2018-07-11,-0.010846724226159843,0.002053697231617635,-0.007314373397501406,-0.0164025420838384
2018-07-12,0.004165231777556899,-0.0003901974710927014,0.009065855074924745,0.008523347649265434
2018-07-13,-0.004401901762097649,0.0016593945208887018,0.0007874053636098832,0.0031230951583707256
2018-07-16,-0.0005101399394812356,-0.0016566454924354934,-0.000894041200604101,-0.0020146859770743264
2018-07-17,-0.01080394929383155,-0.000585796634470559,0.004045047580701899,0.0033032445693914614
2018-07-18,0.00025798744076199753,-0.0007820642250516707,0.0021037818177260803,-0.00018262892477260984
2018-07-19,-0.004298856594405098,0.0027372792856386052,-0.003770787851532731,-0.005122693777930842
2018-07-20,0.006476124823511453,-0.0035093509968403547,-0.0011436736217320664,0.0077234282547473665
2018-07-23,-0.004804371742649027,-0.004891329380309006,0.0018593574254475165,-0.003284646508629474
2018-07-24,0.0003448354786839136,0.0006883584167245438,0.005032057044372484,0.007506517983073113
2018-07-25,0.005515334234738045,-0.0006878849053602032,0.008522614263471118,0.010357759599950889
2018-07-26,-0.0077991400388178755,-0.0010813800326394674,-0.002359061460541545,-0.005215836454109057
2018-07-27,0.0005183138095208317,0.001574610864385484,-0.006776168620543865,0.0014466642679615838
2018-07-30,-0.0015540041641225466,-0.0012772174052694263,-0.005223356628068054,0.0005412892597529417
2018-07-31,0.002939873181190933,0.0013774347570936207,0.004929308067256333,0.0010826044399625534
2018-08-01,-0.007328204929526905,-0.002362943484154556,-0.0016706758107865038,-0.00450587182440676
2018-08-02,-0.005384772884042377,0.0011840871924237995,0.005447680356117202,-0.0076045627376425395
2018-08-03,0.003492853105171001,0.002562229220722134,0.0042849627474148555,0.0023718215444579194
2018-08-06,-0.0051339744804317355,0.0004920202963838438,0.003666703918307368,-0.004368427110652884
2018-08-07,0.0022740706959851753,-0.0020635565208577678,0.0033027389398236906,0.005667242520305704
2018-08-08,0.002792628802213759,0.000886666402625691,-0.0004199622498655131,0.00018194022748607708
2018-08-09,-0.0014794690881722028,0.0027546556616597773,-0.001366431818052849,-0.002726230823516529
2018-08-10,-0.0004357279352805721,0.004316125750671196,-0.00670010087089945,-0.01895399764365624
2018-08-13,-0.01508416880379293,-0.0002930659881031916,-0.0037437951605828745,-0.007616771775784459
2018-08-14,0.0009738014451408095,-0.000977082440346,0.006380933552810442,0.001872195785180164
2018-08-15,-0.016626844065553037,0.00244504983470617,-0.007467285212123698,-0.01625572065170533
2018-08-16,-0.0008094609704913935,-0.0002927228926121739,0.008091231058310111,0.00588799646258531
2018-08-17,0.009270916232611892,0.0003907732996544233,0.003520374354657685,0.006608730824344544
2018-08-20,0.0049942495470025605,0.0031220717579185653,0.002139916889364324,0.004501814022872752
2018-08-21,0.002928336094692563,-0.0013616552088179246,0.0023450512697549275,0.0072830694901724335
2018-08-22,0.002211997942183075,0.0018502998308924656,-0.0005936937017188004,0.005191072733726099
2018-08-23,-0.009446452957847074,-9.712373203074609e-05,-0.0013276912577618871,-0.009406288171826427
2018-08-24,0.01746886601762876,0.00029103907798821993,0.006018554979949631,0.009309352815032756
2018-08-27,0.00376657902932398,-0.002234854067002079,0.007895329015600971,0.013097133388164206
2018-08-28,-0.007941321771505638,-0.0022403112294708816,0.00048339989994183874,-0.0018207968110840467
2018-08-29,0.004574213948543848,-0.00029343713328844334,0.005380813303053067,0.004560295399030245
2018-08-30,-0.004903656511020316,0.0018555412992571352,-0.004048748167225447,-0.012529471528184732
2018-08-31,-0.0011439392301669793,0.00019495838343175365,3.490773138570269e-05,-0.004229364983539874
2018-09-04,-0.005109698001402485,-0.002285030503052621,-0.0017226482835197565,-0.012003739516143086
2018-09-05,0.0034534613352918964,-9.795499484011039e-05,-0.002691071871177786,-0.009158999021089964
2018-09-06,0.0019414156485668688,0.0020561699267356293,-0.003010842168223782,-0.002075023844916757
2018-09-07,-0.0027302937827557994,-0.004493690861283484,-0.001942676742047067,-0.007183360825049889
2018-09-10,-0.000706542689065337,0.0005886846745846164,0.0017384012353494072,0.0011424746672468178
2018-09-11,0.0006186451072049959,-0.0036284491969490462,0.003297409898343373,0.0015214998183077366
2018-09-12,0.008390716640166218,0.0011809617172486853,0.00024171412159601502,0.0037979709336839473
2018-09-13,-0.003591101333891067,-9.793366335553166e-05,0.005915080848260423,0.00889111867352943
2018-09-14,-0.006504970809317334,-0.0018681971156666588,0.0001716131469893245,-0.0001873085603008029
2018-09-17,0.005220350246058381,0.0001966175942680337,-0.005294328850590668,-0.0007501919069177188
2018-09-18,-0.0014963310274801467,-0.004136082912225003,0.005426506468457104,0.010135057764794508
2018-09-19,0.0038786565809445506,-0.001680970819418648,0.001065296603527388,0.00575990700946738
2018-09-20,0.0034246522572403126,9.840575349295833e-05,0.00810378257793265,0.01034552593170912
2018-09-21,-0.006825928084458366,0.00039669924242358157,-0.000913663174114232,0.0005486602402204888
2018-09-24,-0.00017619740455376842,-0.0010890708280675288,-0.003321903078647881,-0.0062135302743132614
2018-09-25,0.0015863250483771907,-0.000991610549357369,-0.0009279224723721669,0.005700591696166102
2018-09-26,-0.005279352979018381,0.003274479998149893,-0.002992054468538341,0.0005143966428402535
2018-09-27,-0.008845643281780058,0.0,0.002794241395894348,-0.0011018887853349035
2018-09-28,0.006336448595585464,0.0004943117107327755,0.00010293099550917617,-0.007170266431753558
2018-10-01,-0.001685016298391906,-0.00253488437367122,0.0034747438409161724,0.0016663387526150153
2018-10-02,0.011548397044346626,0.0025808311986810217,-0.000583274043411186,-0.006100635317676684
2018-10-03,-0.003951915050342092,-0.007427450639080901,0.0005491318867447692,-0.0037202232241486666
2018-10-04,0.0005290529796950771,-0.002594647767585112,-0.007815835724419795,-0.013816531240376961
2018-10-05,0.002819877382429281,-0.0024006364512394462,-0.005596741110475922,-0.005300892950970915
2018-10-08,-0.011072074713894375,0.00040128488922186456,0.0,-0.0038064253075468235
2018-10-09,0.0005331220730910857,0.0019043901926265594,-0.001459217725775841,-0.0034393881146176364
2018-10-10,0.00248666770063255,0.0005001055162607848,-0.03166360149267844,-0.024156037041652367
2018-10-11,0.025691013434101517,0.004099830796824078,-0.022026525140071196,-0.01335983256072848
2018-10-12,-0.004750349180877911,-0.0011944791949358713,0.013888498415082662,0.009358804279006705
2018-10-15,0.006682258271583086,0.0005976316922806646,-0.005616863310454634,-0.004142870083894468
2018-10-16,-0.0017241116227775244,-9.953045908006608e-05,0.0218657099353059,0.019215572445375972
2018-10-17,-8.63742311474347e-05,-0.002890166497362179,0.0001782958841611837,-0.008357390643580875
2018-10-18,0.001122698440194414,0.0017987652587347913,-0.014440982684218118,-0.01666053751090546
2018-10-19,0.0007764317521294917,-0.0011969008777088508,-0.000542504245530262,0.005780556110453805
2018-10-22,-0.002586010225269386,0.0001995381116870476,-0.004488895698369855,-0.0015851979692736995
2018-10-23,0.005876763551604158,0.002597257728023994,-0.00509081594419869,-0.010520272366589256
2018-10-24,0.0023198236435848507,0.0053787530977069675,-0.030298439582862935,-0.027883581809969527
2018-10-25,-0.002228717024418514,-0.002378295936876551,0.01794026326870779,0.012794125893816899
2018-10-26,0.0031786521678458524,0.0044700732269118415,-0.017587238700615182,-0.008353831847780047
2018-10-29,-0.003939360261170033,-9.957437658314472e-05,-0.005540361621381051,-0.005752889487992796
2018-10-30,-0.0043847864976440665,-0.002175063344646677,0.014818636146317177,0.01198617809734448
2018-10-31,-0.005613139108367582,-0.002477562073065598,0.010680727808508372,0.008372201210298691
2018-11-01,0.01285276342099273,0.0008564252065406119,0.010642154166600193,0.018226125023247608
2018-11-02,0.00017151910256396619,-0.00557056740769557,-0.005923148919519505,0.005568580971588855
2018-11-05,-0.0024003324100665413,0.0005998246411280661,0.005516734395113465,0.00019774592517118883
2018-11-06,-0.002835798085983776,-0.0010996638759772637,0.006328009359507281,0.002175060965163844
2018-11-07,-8.619558903444346e-05,0.0,0.021409198780932615,0.01341764334200457
2018-11-08,-0.0021546152083956605,-0.0014007525991589498,-0.0018150482389868161,-0.01129267930008504
2018-11-09,-0.011228151978489587,0.003908592117549459,-0.009767973846214972,-0.010437214504745884
2018-11-12,-0.007162820324765118,0.0029944224697548982,-0.01868552749026564,-0.015920335420924414
2018-11-13,0.0003518677181439944,0.0007967949242759786,-0.0018709989497858182,0.005257678779494457
2018-11-14,0.008267391966898296,0.002088283953851855,-0.006836697564750027,0.00301739299765158
2018-11-15,0.0011339606953078007,0.0006946745094769113,0.010436788852084655,0.0072203442931826345
2018-11-16,0.00740616997802257,0.003074488867938596,0.002600501826534707,0.0
2018-11-19,0.0004324115306661991,0.0014834898121069973,-0.016914793934132866,-0.008562369497574496
2018-11-20,0.0,-0.0001980633982932023,-0.018506052001223794,-0.02028508177709376
2018-11-21,0.0016426250921932617,-0.00019719307302934475,0.0034075991038480247,0.01537519208371596
2018-11-23,-0.0007768338236752159,0.0005922417423442905,-0.006678699507981056,-0.006258769276356602
2018-11-26,-0.0011228924348919422,-0.0007894610271467206,0.016144158479645565,0.01320605844646594
2018-11-27,-0.00596681464067883,0.0009879016848104438,0.003364414364087409,-0.0024063623966696923
2018-11-28,0.0037407596049732206,-9.844723351004614e-05,0.0230257587888143,0.017286227927209907
2018-11-29,0.0031201301691909933,0.0025655165843101457,-0.002185337351729766,-0.004939621401687577
2018-11-30,-0.0017279847238081958,0.0019692682795013905,0.006095274975251197,-0.002978447160309483
2018-12-03,0.007529883500850154,0.002186037937238039,0.013241191112805195,0.0143397349007377
2018-12-04,0.00609912432039339,0.0046170131262672776,-0.03240210080162165,-0.024347463125543145
2018-12-06,0.0001707363609755319,0.002542841974897181,-0.0015172666853309202,-0.008251088463738898
2018-12-07,0.00810992789134457,0.0029257858005962145,-0.023236040439696848,-0.012986906323853353
2018-12-10,-0.003471894702593792,0.0005835931476081413,0.00189713350905385,-0.008634855386702722
2018-12-11,-0.001189661703648759,-0.002527071264320946,0.00022719895715872518,0.0033180726240822356
2018-12-12,0.0021269354947484054,-0.0027282045273792077,0.005035370226471159,0.01570907086002804
2018-12-13,-0.002207336227265433,0.0005859707781654677,-0.00033891701923127737,-0.0014243194256441383
2018-12-14,-0.0039989894119348834,0.0015624516109919995,-0.01846469742823209,-0.013857776720785031
2018-12-17,0.0069195729103175285,0.0029255419023694884,-0.019618605390105626,-0.008473248914830478
2018-12-18,0.0023754880187698557,0.0024646493062299157,-0.0010964036361713614,0.0012510789275348433
2018-12-19,-0.006093958623821227,0.003498275465993128,-0.014975586835387467,-0.011449046028173981
2018-12-20,0.015413416962360094,-0.001258854890657024,-0.016278091905412517,-0.0012633783723867698
2018-12-21,-0.004360924625816387,0.0008727297308475102,-0.02048942478278759,-0.015391021694062812
2018-12-24,0.010950096100037499,0.002518862811288658,-0.02642279951554627,-0.0104753771528876
2018-12-26,-0.002999441684935489,-0.004735024010638744,0.05052451848414141,0.024496831698612498
2018-12-27,0.007604847107346435,0.0025239531958005657,0.007677423364512492,0.00021362632674271076
2018-12-28,0.004064011487183938,0.005423880657745572,-0.0012898418030584669,0.005549638586655359
2018-12-31,0.0015694898830167503,0.003756909729015101,0.0087586924096128,0.002334903529140897
2019-01-02,0.0006598089159148834,0.0021117949323787855,0.0010403284060773732,-0.0019060539524320408
2019-01-03,0.009066170423806419,0.007947980940868904,-0.023862665824978424,-0.011245244857051584
2019-01-04,-0.00808623590052937,-0.008075652109343578,0.033495525881369836,0.03261776249469839
2019-01-07,0.003458482876331992,-0.0027778812610399495,0.007884753251218957,0.0031173742370769197
2019-01-08,-0.00270804061547536,-0.0024975065464170054,0.009395462471725402,0.007250873262154345
2019-01-09,0.006418158373500793,0.0005780217136188703,0.004673269073613984,0.013369404992157108
2019-01-10,-0.005886691481276518,-0.00048111223968960726,0.003527758301809625,0.0032468298973460374
2019-01-11,0.001727170986037363,0.0029845966444772554,0.00038616612087727376,-0.006473801530330836
2019-01-14,0.002380897199235621,-0.0005759818306394493,-0.006100926763653702,-0.00427616957635224
2019-01-15,-0.0017200351443329431,-0.0009602880071050146,0.011460882858806087,0.006339925817613334
2019-01-16,0.003199863787636481,-0.0005773968916168437,0.0024198112802711336,0.0040640435605949765
2019-01-17,-0.001308546962521917,-0.001827700247981956,0.007586669265270851,0.00445252702544674
2019-01-18,-0.008926410300850951,-0.0031800205842482665,0.013310001776007496,0.008059591819092216
2019-01-22,0.0035531343340227117,0.003480527096096253,-0.01351060956687633,-0.015190478422888787
2019-01-23,-0.0013997379433262624,-0.0004816684925880166,0.002092631909817122,0.00608844706381384
2019-01-24,-0.0015666428373899421,0.0031807208631839945,0.0005311149022604322,0.003631288300960156
2019-01-25,0.01461726258147622,-0.002306141419248342,0.008461808891329303,0.011055292560931074
2019-01-28,0.0034999210730881636,0.0002892432093664077,-0.007600469081724293,-0.005367833750498763
2019-01-29,0.005596580714432919,0.00288815124052455,-0.0013268015662427635,0.0019990982142279456
2019-01-30,0.005726722578225818,0.002304413082711454,0.015830681967852644,0.011968661751101672
2019-01-31,0.00048117377030232333,0.004597614902152047,0.008782620563343002,0.0021681949028014014
2019-02-01,-0.002004008016032066,-0.00535095358329174,0.00048150940687397004,-0.0015734233604046688
2019-02-04,-0.004337356751223598,-0.0022088406031330887,0.007035622631823335,0.0033489345844386342
2019-02-05,0.002581475453272253,0.0017326494034473061,0.004191605124104214,0.008835662168743319
2019-02-06,-0.006758902044908588,0.000768714904509249,-0.00131827443017285,-0.00700664015010688
2019-02-07,0.002430293392984062,0.003265539773558812,-0.009532660307473906,-0.013132098756895916
2019-02-08,0.0037982966608789415,0.0013397110237187704,0.001221527473823647,-0.0037735788318284946
2019-02-11,-0.004911042708701019,-0.0015296373470570224,0.0005543960879097476,-0.0019934421218930076
2019-02-12,0.002103577179937588,-0.0013400559018283964,0.012859261985851855,0.010587251188598046
2019-02-13,-0.003956062177902009,-0.0024925788213113753,0.0032470413584417823,-0.0013835958471581922
2019-02-14,0.005592889654295163,0.004709588429617773,-0.002218102907941555,0.00039565860691936905
2019-02-15,0.005964900110646543,-0.0009568710177620954,0.010897590314634442,0.010091010764015307
2019-02-19,0.015224309695700766,0.0017234565646262467,0.0017301066788426578,0.0052889731195071565
2019-02-20,-0.0017363346220005127,-0.00019143791308873226,0.0020155241771737664,0.004676585480449136
2019-02-21,-0.011306137470128319,-0.0029633927403309723,-0.0035559128561495346,-0.0031033653183831778
2019-02-22,0.0035985360836492397,0.0029722005378276517,0.0062000018445249605,0.006225774113107541
2019-02-25,-0.0010358346885893654,-0.0015293462342387265,0.0013611819576297979,0.0044471317806593635
2019-02-26,0.001675034536747555,0.002967931735554208,-0.0007155469134487724,0.003464835198717431
2019-02-27,-0.0070871108191714605,-0.0035317890727760703,-0.0004291104053379957,-0.004795685437712138
2019-02-28,-0.005613959130088775,-0.0025869335607339172,-0.0018625778253047454,-0.004047761955466633
2019-03-01,-0.017017506627186707,-0.003281905068212021,0.006243701885835229,0.0027096290505006504
2019-03-04,-0.0026255308667169075,0.0030901753225272,-0.003637843376326444,-0.0011580657633397662
2019-03-05,0.0013162525939691694,0.0005770677903396138,-0.0013598545776704052,0.0019321938594281107
2019-03-06,-0.0009037184460104486,0.0027901597868769112,-0.0060568573970423145,-0.003278624919333062
2019-03-07,-0.0008222882461903502,0.003357526725984661,-0.00836542105657434,-0.013351627100123387
2019-03-08,0.010945553273622899,0.0014341498704959488,-0.0019998064883465227,-0.0021572332665301674
2019-03-11,-0.004884390198699684,-0.0007636740616425719,0.01450119033732089,0.011792616794812139
2019-03-12,0.006053709964792153,0.0027705323877662558,0.003770854144775626,0.0015539550011449688
2019-03-13,0.006992949727453013,-0.0003807683930546757,0.0066194267211752145,0.006206360803270972
2019-03-14,-0.011547098821608426,-0.0014299493752636394,-0.0006402867242873977,-0.0015420658131856113
2019-03-15,0.004574769560006908,0.003150044686680342,0.004940968035403781,0.010231895352319276
2019-03-18,0.0005692420438265788,-0.0013323916351608567,0.0036259458690663937,0.0057325172662396895
2019-03-19,0.002763299214570525,-0.0006673457935887361,0.00024775759526796115,0.0009501700568896876
2019-03-20,0.006484057947534483,0.006961111645390705,-0.0030096985791292497,0.0001898536181548227
2019-03-21,-0.004026413261163153,-0.0004738076583131745,0.011294459422054981,0.0001896366296179064
2019-03-22,0.002344768069306058,0.007389087097130931,-0.019246299334551797,-0.02144206328953735
2019-03-25,0.007663119616744263,0.002539469252816229,-0.0007520181525481062,0.0008945462444911456
2019-03-26,-0.004963137418149799,-0.0008444598242283163,0.00745402731090361,0.005831381196610197
2019-03-27,-0.005229296137734152,0.0029100764172738103,-0.005229171240120012,-0.0030922105145625434
2019-03-28,-0.014152850613865509,9.415831065107128e-05,0.00379054177845628,0.0005817490511808021
2019-03-29,0.0009023839948698598,-0.0015912196962351022,0.006305852796202327,0.005424260977235917
2019-04-01,-0.003934131206699276,-0.006876497464876619,0.011858934106899532,0.01290953910564907
2019-04-02,0.0037028271386223555,0.0017024169922947863,0.0004898041246925722,0.0009509040639037458
2019-04-03,-0.0014756542074283452,-0.003116137821212339,0.001573565711303626,0.006271630125353145
2019-04-04,0.00254513588527594,0.0010419019200997859,0.0026536289662728585,0.0009441695265763883
2019-04-05,-0.0010645913747292512,0.00047338905583504953,0.004840007957084724,0.002641288539972697
2019-04-08,0.004344964459018774,-0.0016079161282800403,0.0007625688507042483,-0.00018787265471031933
2019-04-09,0.0052240582686200465,0.0017997483099019274,-0.005125158757255388,-0.0031998909579334933
2019-04-10,0.003085645543724258,0.002364430019673902,0.003410967702200063,0.003021203334736544
2019-04-11,-0.012790430232882732,-0.0022644091157476565,-0.00027733149608089036,-0.0033883476907388133
2019-04-12,-0.0009839698252590567,-0.004632892415427525,0.006765513159046943,0.007555500743109622
2019-04-15,-0.0018879040751599296,0.0013294733856317187,-0.0006545638681446642,-0.0009374444887296773
2019-04-16,-0.008963785785923273,-0.003414848275817284,0.0006549926026362396,0.0037532964620017317
2019-04-17,-0.0019085831288392363,0.00019050851017565762,-0.0024465378054528975,0.001121636434333162
2019-04-18,0.0007482870651696061,0.0023790371216914075,0.001969211676995819,-0.0007470677435776896
2019-04-22,0.0,-0.0014245884873235193,0.0008619302506367443,-0.001868754869694178
2019-04-23,-0.002076929420084306,0.0018069432463947432,0.008991574633053112,0.002434000923493329
2019-04-24,0.0029137401441747812,0.0037965373730735053,-0.0022192511601579756,-0.009525628527468188
2019-04-25,0.0008300695036758121,-0.0012289148005567574,-0.000615989554676788,-0.001696959487309968
2019-04-26,0.006635175033447016,0.002650316216689763,0.0046568439895045,0.005288832568502322
2019-04-29,-0.004449212353194509,-0.0020771144225070204,0.0015679288233241273,0.0024427798529367273
2019-04-30,0.0030621129817147708,0.001986889736850017,0.0005103827523915694,-0.00018757842488281717
2019-05-01,-0.0066006224629272525,-0.00045380898645108747,-0.00751668121023763,-0.0052490833569260875
2019-05-02,-0.0038205903541769226,-0.0028400271909433394,-0.0021590665197337433,-0.0015080229075477014
2019-05-03,0.005919618726200282,0.0013292129000337383,0.009787911667226146,0.010192801663438278
2019-05-06,0.001326117121353887,0.0025597463942022003,-0.004115148378100231,-0.012145167028453363
2019-05-07,0.003310996887363693,0.0034039369163412214,-0.016699696824673982,-0.017022836634928318
2019-05-08,-0.0024750055657883907,-0.0018845941013756473,-0.0013893346799664918,0.0009619738265582711
2019-05-09,0.002398422606480155,0.0026436025162765997,-0.0030257530983108794,-0.008073417189400689
2019-05-10,0.001897717514232511,-0.0006591152329139538,0.005023432336743294,0.007364380562308259
2019-05-13,0.010211626950944463,0.004993955840335351,-0.025130021489089716,-0.02500997349299694
2019-05-14,-0.001711902564663248,-0.0009373128317836654,0.009043229882166326,0.01006318368198067
2019-05-15,-0.0005716127335255727,0.0031914419380629777,0.005857819112300433,0.0031255743664100333
2019-05-16,-0.007190107507202059,-0.001964906306862302,0.009260999037405071,0.004673522041684253
2019-05-17,-0.007077611679961793,0.00046860967671302767,-0.006464898981969114,-0.008334595969481162
2019-05-20,-8.290208125960596e-05,-0.0016865968366867046,-0.006612302136526305,-0.003909282067300457
2019-05-21,-0.002320944800343727,-0.0011259843716614482,0.009016052200796931,0.006671926975818865
2019-05-22,-0.0009970317877491253,0.0030065226819933066,-0.0030714948210164295,-0.0033139463258703428
2019-05-23,0.007734533613593886,0.006088954447061701,-0.012218774889348305,-0.010170339289187758
2019-05-24,0.0010729131367257505,-0.00027941648552176623,0.002268638289156355,0.008101455315665751
2019-05-28,-0.0038747008151563955,0.004377505482898947,-0.009301075895189026,-0.006272070366253435
2019-05-29,0.00033105118696652447,-0.0003710914840073798,-0.006710354479647629,-0.0033531647138015375
2019-05-30,0.0067841455794739325,0.003617670343198043,0.0027311044245270644,0.0035624931527589165
2019-05-31,0.013476862164072179,0.0066552643543902334,-0.013475183218440323,-0.005127473263936255
2019-06-03,0.014432812396575123,0.004811382493796312,-0.002542908927659182,0.00614485680477439
2019-06-04,0.0003197259638094696,-0.003662432894130152,0.021706290817080642,0.009850079323183714
2019-06-05,0.00255692921232642,0.0,0.00866287013697642,-0.0023409566840046914
2019-06-06,0.003267681746441209,-0.00018343175612622886,0.006502313256621761,0.002346449620928448
2019-06-07,0.0056402851919619135,0.003952102006099967,0.010006757672534228,0.011510298522267037
2019-06-10,-0.00995334973762696,-0.004943710441669857,0.004589103117617066,0.004050079745138158
2019-06-11,-0.0011968524989021123,0.0,-0.00024235845096987063,0.006531134564884633
2019-06-12,0.00519253494403471,0.002575710962901656,-0.0017652251699594723,-0.008778963351598112
2019-06-13,0.006119340633088832,0.002478254126346835,0.004126260072156551,0.0011550170050522723
2019-06-14,-0.00031596300165459557,0.0007323190546775216,-0.0011046188267489487,-0.008076431025659803
2019-06-17,-0.0006320654488249922,-0.00018317423757774343,0.00038019867083116665,0.000969154895088975
2019-06-18,0.005060083591572395,0.0019213138715969968,0.010470856370743187,0.01588206459845054
2019-06-19,0.006057242183997058,0.0027395299535486473,0.002257043984422058,0.00667309784051362
2019-06-20,0.025177896911959374,0.0016393099614917528,0.00955463877237217,0.010606162465591096
2019-06-21,0.006635612181659978,-0.004091567556276043,-0.0014539220364873096,-0.003962185012391539
2019-06-24,0.014850786310930397,0.0034688449785025277,-0.0012242684050688402,0.000951638711310876
2019-06-25,0.0019411266395166216,0.0015472024816047814,-0.009807994307293177,-0.007035734966742591
2019-06-26,-0.009165393111099984,-0.004087850467906495,-0.00099751243810009,0.0030641933392294707
2019-06-27,-0.000977700846950591,0.0030099512521915006,0.0035462701211499414,0.0032454907497685426
2019-06-28,0.0027100317696175935,0.00045444440517239393,0.005145464660643473,0.003805919811181502
2019-07-01,-0.019369383559800002,-0.0012563976526223097,0.009078786019077967,0.005876777875802208
2019-07-02,0.021359735486276676,0.003555414430293169,0.0026040967051701447,0.003580680895961752
2019-07-03,0.001649060899963084,0.0019075826720043043,0.00799507420055523,0.0035679935794288298
2019-07-05,-0.011150231525253074,-0.006346666824486702,-0.0011379745500927907,-0.006549196546216773
2019-07-08,-0.006432617734537516,-0.001003760254336683,-0.005494434559185968,-0.0062157123830174354
2019-07-09,0.0035037454291328984,-0.0006395112454777863,0.0012463431018012727,-0.0037907706837926325
2019-07-10,0.015787490178783115,0.0005483612260388515,0.004778203032628658,0.004565930502836046
2019-07-11,-0.008443584154164463,-0.004932629030902302,0.0023439527705062524,0.0005682250373990616
2019-07-12,0.006254723814186791,0.0011017213918207425,0.004476951070408575,0.0007571142060767144
2019-07-15,0.0,0.0021089901221882368,0.0003327711449643278,0.0017021515540374121
2019-07-16,-0.008462554430785363,-0.0021958050160982845,-0.0032254576946946223,-0.0032097708732008456
2019-07-17,0.01646531748539748,0.00467713345992804,-0.0068049630284909846,-0.00189435312988262
2019-07-18,0.014117951186161548,0.002464222514543035,0.003660953623417784,0.003226485729324269
2019-07-19,-0.014727392803034478,-0.001820798793849776,-0.005554929694714161,-0.003216108999533396
2019-07-22,-0.00014876383044060137,0.00045592666205029886,0.002456539116501233,0.0015180735265378775
2019-07-23,-0.005652618252780628,-0.00164101784106796,0.0071499386973057355,0.004358691514843249
2019-07-24,0.005086339018351538,0.0014611445828522918,0.00469974119767369,0.0
2019-07-25,-0.007070008058076338,-0.0017330892137478182,-0.004777214508873029,-0.009245189221402605
2019-07-26,0.001648937368628589,-0.00018237228577322462,0.006699924243209532,0.0026662721007388868
2019-07-29,0.006659678193005059,0.000913270302081548,-0.001821215974189383,0.00037962823020798453
2019-07-30,0.003344956160896251,0.0004566736842244179,-0.0024545446187371756,-0.010822032271048165
2019-07-31,-0.013112972808538625,0.0025547328114949863,-0.01094033836292696,-0.00767758644970995
2019-08-01,0.02402219643390402,0.011343028016093548,-0.008708101162568815,-0.007350020334193075
2019-08-02,-0.0038120684590625675,0.0020731183371192063,-0.0075296557144540754,-0.00740462620490967
2019-08-05,0.013981852270352535,0.008637220300940163,-0.03007314183222587,-0.027286777385354566
2019-08-06,0.008128386897085838,0.001605777278780307,0.014023224767686804,0.008476361425255874
2019-08-07,0.015189695160357397,0.0,0.0005906170227358842,0.004402505554246705
2019-08-08,0.005034686098196239,8.897280414066344e-05,0.019620291570758397,0.011556122766524846
2019-08-09,-0.0033161732510501585,-0.0015133701173063452,-0.006811430623752779,-0.0076817301671189275
2019-08-12,0.009698502260031328,0.0063313267062719,-0.012173377265513818,-0.009726074949322094
2019-08-13,-0.005959518154781018,-0.003544694110437674,0.015551671079528484,0.011024431929349099
2019-08-14,0.0068415942238304606,0.006669853825314709,-0.02956769667990622,-0.0281525316678497
2019-08-15,0.0066549698650941735,0.006361025324175484,0.0026418431040453605,0.0036721541835209592
2019-08-16,-0.006402214255277094,-0.0026334492544625165,0.014755102605445991,0.012601436811651157
2019-08-19,-0.011696303286335752,-0.004752931820292683,0.012047895298453959,0.0048176146966147915
2019-08-20,0.007795380191040424,0.004421793725339684,-0.007662867587844957,-0.001997754332705992
2019-08-21,-0.003164420123660472,-0.002641571827271094,0.00813497020008902,0.007606192591801397
2019-08-22,-0.0025395077899371676,-0.0022069937029094433,-0.00030754490519679933,-0.0037746208606053155
2019-08-23,0.019589847185487175,0.006724744674292182,-0.025687148298433216,-0.013559043255594094
2019-08-26,0.00013875475282665306,-0.0009671568333090574,0.011058733935272125,0.007681151273472242
2019-08-27,0.00957073902105865,0.004310800886091926,-0.003924070019698966,-0.0010029911638965716
2019-08-28,-0.002816539407023644,0.0003503787023020344,0.0070415723051910906,0.0020078076798313305
2019-08-29,-0.007164566813753437,-0.0019261701600606917,0.012772910679480498,0.00821677773647278
2019-08-30,-0.0025672712303844714,0.0002626431764580772,-0.00044465012769967505,0.005366760704880402
2019-09-03,0.013913043478260834,0.0021969555837619836,-0.005846820446824275,-0.003954153844324959
2019-09-04,0.006243592878966586,0.0015779317965651796,0.011350639621493519,0.015085192315922535
2019-09-05,-0.024001119491110168,-0.008052463303648949,0.012855077371629164,0.00762633765403975
2019-09-06,-0.008523132778435305,0.0006175805335937312,0.0007720790432801383,0.003104676212298596
2019-09-09,-0.0037344897557421985,-0.006172790327489297,0.0005031709294440745,0.001161036361267076
2019-09-10,-0.008557937047107611,-0.007275872628539459,-0.00023428696174354613,0.001739081023802047
2019-09-11,0.006063676329913781,-0.0009833152153110314,0.00711075073632883,0.005594198641034831
2019-09-12,0.002056360685188219,-0.0022370878218632706,0.003464079871514203,0.005754650045225906
2019-09-13,-0.008279177519783909,-0.009146236986851242,-0.0006641283948656262,0.005722171497246187
2019-09-16,0.008348294532203537,0.004344091415930729,-0.003088340965595182,-0.007965175297195204
2019-09-17,0.0019813102518067005,0.0026129115292921057,0.0025317245364793184,0.0030586515586048524
2019-09-18,-0.006285306153149484,0.0003596107370071877,0.0005983382438552454,-0.0019059062951934935
2019-09-19,0.004050828215713009,0.0004493315381715046,-6.656699951668177e-05,0.0015276186290360538
2019-09-20,0.011820485442912032,0.00574676741797453,-0.004724887667726607,-0.0009529135331275418
2019-09-23,0.005596383832365381,0.0014285835283753823,-0.0002345009162906253,-0.0011453040918624202
2019-09-24,0.005286918308423871,0.004993231762105976,-0.007846961682881792,-0.005380736900866379
2019-09-25,-0.018545379403875573,-0.006565012855271224,0.005914824256431084,-0.000772577313224776
2019-09-26,-0.0002820880237280887,0.0021430960125248255,-0.0020830834563924094,0.0009668746767150793
2019-09-27,-0.005148429100112373,0.0014254606300430073,-0.0053873116502639595,-0.00598825516388557
2019-09-30,-0.015525325955691782,0.0008015947321615702,0.004637907562348609,0.003886585720257685
2019-10-01,0.005472814807717441,0.0027690744381543286,-0.011895009476509788,-0.009098111315121615
2019-10-02,0.011673634369571584,0.003463320120316693,-0.01766474468596524,-0.01562788682799432
2019-10-03,0.004530648552570016,0.005220956855837677,0.008192717667351301,0.007739509369494524
2019-10-04,0.0,0.001936859753850717,0.013532063247790216,0.006695756417211207
2019-10-07,-0.008527071931805796,-0.0033387440067195184,-0.004314407441638468,-0.0033253366404278895
2019-10-08,0.00874259511120079,0.0021157443540784637,-0.015524596261313195,-0.008440033840069638
2019-10-09,0.0009160434363713055,-0.0025514046534128587,0.00949609158002418,0.007917803353626018
2019-10-10,-0.008729359144837523,-0.006262117352621832,0.006763555439635249,0.007462484642333234
2019-10-11,-0.005539370732339566,-0.006834082663433105,0.010366992950187726,0.015984584703331528
2019-10-14,0.003999125640758994,0.0027702432153264844,-0.001113875327724001,-0.00402904511218638
2019-10-15,-0.006970593591764218,-0.004812103431363068,0.009900432939311532,0.010402801528021088
2019-10-16,0.0057302703836425994,0.0019704838594891694,-0.0016060163870631472,0.002096948494264783
2019-10-17,0.0014243781997433924,-0.0003578803742724235,0.002949193636768266,0.0026635738701226153
2019-10-18,-0.0010667370445437419,0.0008940937630628198,-0.004377450223773893,-0.0018973467100900088
2019-10-21,-0.004770136663166058,-0.0036624614541886924,0.006779148509409305,0.00608342405682416
2019-10-22,0.002932997222985456,0.002331137122444815,-0.003266654786018841,-0.0009450384422716729
2019-10-23,0.0023537934253772264,0.00035776515388374897,0.002909758989591227,0.003594066032228893
2019-10-24,0.007115918371069618,-0.0001788992597941963,0.0016340943549528752,0.0016961053481319155
2019-10-25,0.0023316740895991117,-0.002146449194450284,0.00409475659009173,0.0020693317980085
2019-10-28,-0.008600036764796815,-0.0037635374406166378,0.005636682151767047,0.004318917852868864
2019-10-29,-0.0027730332148816483,0.0008990752160531468,-0.0002967327779900275,-0.001682732313018298
2019-10-30,0.005490226541611021,0.004853677404122569,0.0030670748554455507,0.003745474932063786
2019-10-31,0.009998499224238566,0.006350291138050634,-0.002663108775172396,-0.003171651902686201
2019-11-01,0.000912763389017579,-0.0018867398079008835,0.00926369081085654,0.009732380940309593
2019-11-04,-0.002876007780098777,-0.0050833913310031065,0.0040181307131044175,0.005746023410539314
2019-11-05,-0.016180006273117664,-0.005378711579853035,-0.0011069616316787823,0.0016584224698470429
2019-11-06,0.004290245395359271,0.0028843540595748784,0.00022825633745560125,-0.0016556766584737703
2019-11-07,-0.015521486102876958,-0.007998036004638998,0.0035167337365855644,0.003870140192518967
2019-11-08,-0.006364394703267995,-0.0013586445442029804,0.0024665148744176246,-0.00238659739583591
2019-11-11,-0.002401934875323586,0.001088247304955825,-0.0019097235267897528,-0.003312391838446671
2019-11-12,0.0026995120660886496,0.00045354879281500615,0.002107704956221701,-0.0011079438053109847
2019-11-13,0.004002059820052306,0.0027169590160469603,0.000323705922152584,-0.00369683947936561
2019-11-14,0.004203521155341949,0.005057876715282239,0.0014558243040478924,-0.0011132017039688913
2019-11-15,-0.0025259154943226836,-0.0008085293532663629,0.007236476711870221,0.0066864803236783565
2019-11-18,0.0029664162029099383,0.0017090236367001133,0.0007374403675763919,0.0005533907939452298
2019-11-19,0.0005050304911609071,0.0018854129597878355,-0.0002884400557945366,-0.0007373888803100526
2019-11-20,0.0005046655432805469,0.003674689886235649,-0.003718768433806141,-0.005166996346274821
2019-11-21,-0.005477043362080103,-0.0025002346533681274,-0.0016086616344430649,-0.0018550207541926378
2019-11-22,-0.0018840181654777854,-0.00017900126486158907,0.0022238097282891722,0.0020443845130191374
2019-11-25,-0.004791662812458131,0.00044742198885527884,0.007749942656331887,0.007418099987267057
2019-11-26,0.004814733391401704,0.0018795733335483789,0.0022656927648463387,0.0
2019-11-27,-0.005299919828770094,-0.0025905172441537117,0.0044577264759431134,0.002209275241646713
2019-11-29,0.006203971517371398,-0.0008060277842423247,-0.003708808465429758,-0.008817363042485704
2019-12-02,-0.0005078146228696401,-0.00359008842052988,-0.008494352815521244,-0.004076884879804954
2019-12-03,0.00957984896245434,0.008917420601656012,-0.006706875097568399,-0.0033492877440385316
2019-12-04,-0.0013658431498282386,-0.0038387612656853864,0.006170460436862424,0.008588403571080594
2019-12-05,0.0005758841931267078,-0.0023306259322806167,0.0017977004729847756,0.0
2019-12-06,-0.009928092682104261,-0.00305418382458289,0.009133899157474756,0.008515270987324408
2019-12-09,-0.00029060665275248976,0.0008106868662405287,-0.003143908811578333,-0.005139407389893491
2019-12-10,0.0028347098739491816,-0.0011705835132860276,-0.001115087944884241,0.0018450093879103235
2019-12-11,0.00688553265084435,0.004147087454920539,0.002838745234687412,0.006629750142565616
2019-12-12,-0.003527249493396556,-0.00790027373996327,0.008618929607848269,0.009879428117295808
2019-12-13,0.004478873140076667,0.005882046053482526,0.0005993057219850773,0.004166451263655002
2019-12-16,-7.198680622300113e-05,-0.0046783626677355805,0.006869810241279417,0.009562043832522127
2019-12-17,-0.00021575647831872935,9.072439035806568e-05,0.00021924215295787697,-0.0012513293235376644
2019-12-18,7.200752478642158e-05,-0.002711730379866606,6.253664420996508e-05,0.0007157382612448249
2019-12-19,0.002589559770448613,0.0007808457717120021,0.004099052271154147,-0.0005362736248072375
2019-12-20,0.0010044438566789715,0.0,0.004383850554237956,0.00035767972884181987
2019-12-23,0.003081942822633188,-0.0009072082127142833,0.001528010835327498,0.0015917362678921076
2019-12-24,0.009431992518777577,0.001724681995198818,3.126819743948239e-05,0.0001805348116563632
2019-12-26,0.007857298625196796,0.0014497475901149581,0.00532303571769166,0.004333053867533243
2019-12-27,-0.0003511943393945671,0.0014472425641107733,-0.0002477765938411203,0.0048532808955856765
2019-12-30,0.0021077991140190377,-0.0006316957415755109,-0.0055130993272494155,-0.007692188222340524
2019-12-31,0.0018929327941459295,-0.0036167852612813967,0.002429138568195155,0.003965987647311264
2020-01-02,0.0073478173310379535,0.004627579962614536,0.009351822697330592,0.011133091428223718
2020-01-03,0.013268521727000326,0.00668292772745005,-0.007572373112149755,-0.012253464562479888
2020-01-06,0.010489502076611812,-0.0010762384013496273,0.003815594946309675,0.0014383784682281409
2020-01-07,0.003935150508558971,-0.001437390975669084,-0.002811818762913587,-0.001795473542881565
2020-01-08,-0.007501524641443713,-0.0023383551802225178,0.005329313214480935,0.0017987030666490877
2020-01-09,-0.005651653463197515,0.000721740818774963,0.006780802749964732,0.004488020586593144
2020-01-10,0.006026192495848015,0.0021617190448111057,-0.0028779492856118027,-0.0012511169507940512
2020-01-13,-0.007419483430124996,-0.001168627404122935,0.006877612742985262,0.0075161878732104
2020-01-14,-0.0008915435213457945,0.001980140239322248,-0.0015248947723581763,0.00017766673379071563
2020-01-15,0.005834242779070742,0.0025146113585541308,0.0022599065302741916,-0.0026638715233512356
2020-01-16,-0.0015695082440052577,-0.0020603465485996564,0.008318612742991727,0.005341726688215864
2020-01-17,0.0018454259925253513,-0.0008083428399289216,0.0031123598006503883,0.003188202856042155
2020-01-21,0.0010915790702048511,0.003953391778542814,-0.0019577599498451503,-0.010946035092245121
2020-01-22,0.0003406555206315609,0.00017908699552715568,0.000120559947903498,0.0035699400267221737
2020-01-23,0.002248122121045526,0.002504920595005622,0.0011467476230677676,-0.003913244261848248
2020-01-24,0.005845572586286041,0.003570627494432932,-0.008893086156143593,-0.005714143403789507
2020-01-27,0.006825312844883635,0.006759183913434663,-0.01602935502230618,-0.021911054970884414
2020-01-28,-0.008926785569624784,-0.003357338427393941,0.01047946735187133,0.007528411523993306
2020-01-29,0.005417872354848807,0.004786435479251061,-0.0008264224113385676,0.0005468910698698259
2020-01-30,6.732120695107646e-05,0.0009708234013363626,0.0032451787431413415,-0.0036431064535725755
2020-01-31,0.005792420039608892,0.005023232678708522,-0.01815790608337564,-0.016453247035685292
2020-02-03,-0.006495688802043542,-0.0008517000015515475,0.007428787164228012,0.0018587110104377746
2020-02-04,-0.01300895070524588,-0.005800580081655959,0.015241247007550474,0.01762533753758988
2020-02-05,0.0012293105482077404,-0.004331080182148672,0.011548053264646585,0.009115478329395854
2020-02-06,0.005388399719282511,0.0007102284038487117,0.00336468692077041,0.0023486423095355757
2020-02-07,0.002645857569860688,0.004790619384283268,-0.0053293376917290525,-0.009913268060608327
2020-02-10,0.0025712490701368385,0.0019422582654671228,0.007465250500056753,0.0020024040955377576
2020-02-11,-0.0034419552752806837,-0.0023789915867418188,0.0017331159494085036,0.007267513080483123
2020-02-12,-0.0008127480224853212,-0.0025615060546381185,0.006442527994698466,0.007215077411021786
2020-02-13,0.00569345014846645,0.0008852066354594346,-0.00106714584872325,-0.0077004531020969935
2020-02-14,0.004178427664004669,0.0024774816780084308,0.0016021804752506252,-0.0005414778536640963
2020-02-18,0.012818816524224008,0.0015886459198233283,-0.0025770404793498125,-0.006139601190679245
2020-02-19,0.005831221275388376,-0.00017594641743923223,0.0047813241908616355,0.004723992576259439
2020-02-20,0.004084659090851872,0.0029086072623636383,-0.004108348869847789,-0.008137322781305412
2020-02-21,0.015025216397275942,0.0040422839247067355,-0.01029813960212611,-0.005286940385842653
2020-02-24,0.008985128746405113,0.007789878425986441,-0.033165364904651384,-0.037023729568156694
2020-02-25,-0.017874260693127697,0.0027796974116842676,-0.03030231286710472,-0.013704116974659342
2020-02-26,0.004370503298157802,-0.0005200301328485146,-0.0036780248855375897,0.0019299987140470876
2020-02-27,0.00019483522153040944,0.0048529272200046325,-0.0449118661698098,-0.02850579227367156
2020-02-28,-0.03649347478693177,0.011210332738684325,-0.004200996486134478,-0.003766564552544205
2020-03-02,0.005526297603759334,-0.000682781252751341,0.04330586398707004,0.010945127779084851
2020-03-03,0.031434333360162325,0.011620034330788842,-0.02863258782966349,-0.009054689671090355
2020-03-04,0.0017545277375516921,-0.0021959188491420534,0.04203333183165836,0.025824226027294284
2020-03-05,0.021600945458936538,0.008887408290328969,-0.033241484566293056,-0.024012374582777274
2020-03-06,0.00038096105467699815,0.010152091963533616,-0.01653129589220903,-0.014880935200810241
2020-03-09,0.0016502348575044845,0.008970006964741817,-0.0780941394743252,-0.078952924635739
2020-03-10,-0.02110133630677158,-0.018356790272682888,0.05174464326907713,0.038705559855814364
2020-03-11,-0.0035603512879937016,-0.009979146941079264,-0.04874853172842164,-0.04968389876243795
2020-03-12,-0.0398882588306293,0.0005083500614322389,-0.09567692353875634,-0.1074436796279884
2020-03-13,-0.03051623730778741,-0.006518577015381388,0.08548613926103776,0.06353935588847692
2020-03-16,-0.011446115323986206,0.026416171216017803,-0.10942378011467724,-0.11131831439710727
2020-03-17,0.0135554799295321,-0.02507211392922326,0.05399211711279439,0.05173268862138669
2020-03-18,-0.019921988429849713,-0.013880714037058262,-0.05063291977445039,-0.0679149204466234
2020-03-19,-0.018905499074657994,0.0032814551634778866,0.002124927460214643,0.01125124898760399
2020-03-20,0.014995707221804766,0.025477088633686362,-0.04309401301903437,-0.0034439427893850905
2020-03-23,0.044179590424960224,0.011835344692232352,-0.02556822583196805,-0.020365576240975347
2020-03-24,0.048530353360380474,-0.006802015834880604,0.09060305345562769,0.0838092313086265
2020-03-25,-0.01368964099270864,0.0005846156079423181,0.014970148611177514,0.03615355462204106
2020-03-26,0.012822223412266576,0.0024201792531493016,0.05838987974117393,0.03925373154313294
2020-03-27,-0.006460489804721581,0.007411533712563756,-0.02978558208831983,-0.034506875681987736
2020-03-30,0.004400644787818209,0.0023145232315409103,0.032475847397383184,0.018594858890495836
2020-03-31,-0.03184668568859872,0.0018140221332421103,-0.014905497238106746,-0.005216063164399265
2020-04-01,0.009456223354449733,0.004070969578977124,-0.04500479376109212,-0.038131489309537026
2020-04-02,0.0163934225377782,0.0001645259925360243,0.023075271323846236,0.023042853299371613
2020-04-03,0.0049374590529023266,0.0007388498734313131,-0.014454358459102257,-0.020828607315240277
2020-04-06,0.027710521817620126,-0.004510473964111861,0.06716615519115066,0.05119945564507411
2020-04-07,-0.005354484768834378,-0.004448865396316282,0.0010197885475045076,0.00682376077775948
2020-04-08,-0.008907968786563414,-0.0012410633590204112,0.03356820858368437,0.009815485320142425
2020-04-09,0.026123560972308058,0.002154338855060667,0.015217526892710831,0.01596854738514053
2020-04-13,0.017140343933811808,-0.0021497076563297135,-0.00913005786086829,-0.0036445666386415443
2020-04-14,0.007868093580683189,0.0013256386340665394,0.02949270551824723,0.01760410833417292
2020-04-15,-0.005101958505246418,0.008936233098290502,-0.02124791218859634,-0.028083936359203587
2020-04-16,-0.0008649946516461338,0.0010659585911119152,0.004824383628371454,0.00023120860572900526
2020-04-17,-0.019417471147623044,-0.0026216679640370666,0.027015095045029414,0.026115318328965298
2020-04-20,0.007126124562213176,0.002628559173413647,-0.01761818154160888,-0.014414407126232098
2020-04-21,-0.006825274631933054,0.0027851373623091202,-0.030362795181611557,-0.021480855849930536
2020-04-22,0.019670860003665247,-0.003104017481096566,0.022194608668695937,0.02031742952248128
2020-04-23,0.00995486708021609,0.0006556317269439393,-7.22091190398233e-05,-0.0022885924213261744
2020-04-24,-0.004285520778353313,0.00024534356526406675,0.013939095707188764,0.008258697805927806
2020-04-27,-0.006640444141094992,-0.005321360065608127,0.014418515584879055,0.014106942898817643
2020-04-28,-0.004456556273727319,0.004362341167531536,-0.004598793235654153,0.007179662242089213
2020-04-29,0.005533445721913166,-0.000491782444422717,0.026178750262972228,0.026286412562558592
2020-04-30,-0.018116569301821484,-0.00237794679958514,-0.009310737947015313,-0.01996967310122022
2020-05-01,0.00617125761149806,0.001382217173721001,-0.026473799939729092,-0.02414157853654897
2020-05-04,0.003504803873276119,0.00016444144367988578,0.0027582835014039464,0.0015886553286843519
2020-05-05,0.004241037483481591,-0.0007393875236560987,0.009239569508692869,0.0036257805456305636
2020-05-06,-0.012855591040204617,-0.003699232191984092,-0.006778719570281755,-0.004064344954233801
2020-05-07,0.015350754880484763,0.006105643910951919,0.012066847515594947,0.0122422718081876
2020-05-08,-0.006010293229887331,-0.003280476126869658,0.016545944792086598,0.01657318959925691
2020-05-11,-0.006233636774804485,-0.0027972915750779093,0.00020532305716480792,-0.0008810292011873777
2020-05-12,0.0038890673962401756,0.0033003580274413302,-0.019931592754539817,-0.010143410266278186
2020-05-13,0.00962264814750724,0.002055966002970866,-0.017685770016719338,-0.007351192717169441
2020-05-14,0.008850059782004704,0.0015593164978899843,0.01196717536932912,-0.004263974540992366
2020-05-15,0.0056438144895878395,-0.0006553817743507606,0.0045969713576377025,-0.003380536157269076
2020-05-18,-0.007564144999551381,-0.006150203501698148,0.030460121180102773,0.03889629314436749
2020-05-19,0.00965020617044443,0.002805571877549262,-0.010271269374772074,-0.010230860965482425
2020-05-20,0.0023742810342795018,0.00024660263137432636,0.016987844442516664,0.01693442807073553
2020-05-21,-0.0145763375976391,0.0006581556670872679,-0.006904116161149054,-0.009948076123681204
2020-05-22,0.005916836449104457,0.0018907968556574062,0.0018995507967016767,-0.007208580487131133
2020-05-26,-0.014214859559966153,-0.002625559331267513,0.012320009301181267,0.027722670756226808
2020-05-27,0.0018024320171106112,0.0008224863427557239,0.014879060475104344,0.009205487209386964
2020-05-28,0.003350344766475555,-0.0009038077705719738,-0.0018448691386421245,0.004455061176132258
2020-05-29,0.0073584122707384125,0.0032084380125334544,0.004455798074423756,0.0012674235483054463
2020-06-01,0.004603768848692402,-0.0003946040625085745,0.0040417447904048664,0.02151426440915949
2020-06-02,-0.0064768271714218395,-0.0016419603818940143,0.008280469518907152,0.014867062762882854
2020-06-03,-0.01845018380928054,-0.005922762348563926,0.013307944533575311,0.021566529646939614
2020-06-04,0.010526269495827023,-0.0039717380724826334,-0.002626441896236842,-0.006970615064628816
2020-06-05,-0.02027532426346157,-0.00498480344182306,0.025629436656530835,0.019454179831258633
2020-06-08,0.010822142733466267,0.0010856553030620386,0.012087533201839307,0.011607381643156334
2020-06-09,0.00964183116931494,0.0035860537076133348,-0.007457014804867379,-0.010890733719155943
2020-06-10,0.014324773012967418,0.0074799890700374405,-0.005579736685650705,-0.001179773698941844
2020-06-11,-0.007214084989501601,0.0035467841827125923,-0.057648928703305735,-0.05393691733125827
2020-06-12,0.0014163170663434865,-0.002219420268664618,0.011975595070562006,0.019351105518749856
2020-06-15,-0.0017832572551969017,-0.0008236969907362557,0.009335566939981055,0.0010202647668848819
2020-06-16,-0.0004928345355281749,-0.0020614922523967127,0.019247808858915638,0.011419469261223503
2020-06-17,0.0019106166939522051,0.0015702657012921506,-0.004154035052828076,0.002620863405935925
2020-06-18,-0.001968455156468263,0.002226997428784072,0.0003854284343018932,-0.0022120347543551633
2020-06-19,0.011032995719469696,0.00032919515642859665,-0.005715252612435995,-0.004030544529999847
2020-06-22,0.006462217682632332,-0.0009053377603434054,0.006415187811390055,0.012853588530300053
2020-06-23,0.008419646377624934,-0.00032923794762607095,0.0046037586249128015,0.006024436115300347
2020-06-24,-0.0034839130582626776,0.0018946428504431623,-0.02550883383257685,-0.021556869252227773
2020-06-25,-0.0006027175913517757,0.00016461877097473376,0.010720682186593278,0.010199835767811694
2020-06-26,0.004463149702982783,0.0027126059017494875,-0.023751362839674828,-0.01312619123682679
2020-06-29,0.0005404803669293301,0.000984219540920206,0.01469761213916132,0.007980505389508341
2020-06-30,0.004440918278166173,-0.0018022260270841306,0.012809191750177362,-0.0018269381816314878
2020-07-01,-0.004481089931769877,-0.00156052376796334,0.007005309273453664,0.0050841270021708684
2020-07-02,0.0021606086958432247,0.0012338871061916556,0.0055068004465972376,0.014771771768987918
2020-07-06,0.005988741319838731,-0.0014785759317128555,0.015437037618810878,0.022332641764714944
2020-07-07,0.006310260659329048,0.0032087653792185478,-0.010313810463651651,-0.013848068367465327
2020-07-08,0.006211565862881185,-0.0015584941663848717,0.007648604583523122,0.01285600860776448
2020-07-09,-0.0027044004055614135,0.003203787909767941,-0.005692674796244357,-0.00878748112725114
2020-07-10,-0.0025938951172596036,-0.0019651812056179496,0.010210507253480383,0.005122268885946468
2020-07-13,0.0012411575864292868,0.0010666149023199623,-0.008658814494519884,-0.0064681092106417815
2020-07-14,0.004663568910189042,-8.203862322808675e-05,0.012958730949977237,0.011244856286953153
2020-07-15,0.0008813320073604025,-0.00032774267125490475,0.009187133607248876,0.00877882057362056
2020-07-16,-0.009451688651900159,0.0007378456443296599,-0.0032934492412206584,-0.008895749712978906
2020-07-17,0.008238009985450212,-0.00024603522206911865,0.002899180120332856,0.005658478290661684
2020-07-20,0.004820170160796611,0.000655743601839065,0.008081774234816264,0.006791045306822063
2020-07-21,0.012050997596656066,0.0010648393962227054,0.002127344562075084,0.005588598749981966
2020-07-22,0.015202340363078104,0.000327052957982632,0.00569207627214996,0.000383081814615549
2020-07-23,0.008825301770064575,0.0009815677153308666,-0.011931673306469937,-0.00766273974586551
2020-07-24,0.008578870839228259,-0.0004906306028269469,-0.0064406159489922565,-0.0036679650908713057
2020-07-27,0.019753770786684832,-0.001552979839776536,0.0072925459964114925,0.014338295280572178
2020-07-28,0.00834113103275036,0.0023743243123812707,-0.006342342334953122,-0.007067807331776921
2020-07-29,0.0075102306547618625,0.0013067309065577515,0.012298965175786325,0.012697217069201683
2020-07-30,-0.007400261112960993,0.001386894422607421,-0.003567937588357495,-0.012538019118832011
2020-07-31,0.00908793109962347,0.00024424894032226696,0.007902119326083312,-0.014813287703724032
2020-08-03,0.0011325390830079218,-0.0004892504398459341,0.006952436742609258,0.014450289921925208
2020-08-04,0.021277725496816835,0.0034248302958643784,0.003862427356492004,0.007699613987464549
2020-08-05,0.009283241730161151,-0.0033320066929898307,0.006211005513821144,0.005921593626502242
2020-08-06,0.013274069532868138,0.0011414202541621954,0.006684245460252924,0.0030386346659094787
2020-08-07,-0.01588530528005727,-0.0021172495836722094,0.0007179167864763691,-0.008898330665256693
2020-08-10,-0.003458957447482258,-0.0010607617884792475,0.002989058409953227,0.0030565407083087415
2020-08-11,-0.05369440853432972,-0.0034311807228107893,-0.008254714884972203,0.0022852673632811626
2020-08-12,-0.004668202325739945,-0.002951879202066632,0.013942105862700505,0.018240280487381355
2020-08-13,0.023618065792215592,-0.0020552297457178126,-0.0018075647655876326,-0.004291625341851457
2020-08-14,-0.0043092158240957135,0.0004943914372665947,2.9613290759789024e-05,-0.004872596414730701
2020-08-17,0.02169391289315903,0.0016469613475043055,0.0031765954499591853,0.009416206256107618
2020-08-18,0.009008003623491856,0.0017264879799980815,0.0021602548606469707,-0.0003732749177034478
2020-08-19,-0.03156545548841261,-0.001313120914605892,-0.00416323636435878,-0.006158899030636267
2020-08-20,0.006913929262821528,0.002876150995216431,0.003113174572337618,-0.0026291522201529194
2020-08-21,-0.008010905834894388,0.0007374668980002497,0.0035473755670736296,-0.002259622849847265
2020-08-24,-0.005658401286623649,-0.0013918691685320672,0.01013322306737341,0.011511839091212561
2020-08-25,0.0012154763574758753,-0.002378181868156082,0.003499086308347499,0.0037312106039821824
2020-08-26,0.011808847672626355,-0.0004106323290891112,0.010025770537730017,0.005204719417951642
2020-08-27,-0.011561927956646234,-0.0035358649300329947,0.0021869771033851126,-0.008691094366770624
2020-08-28,0.0173802350530341,0.0016502854398670053,0.0064589947588273855,0.009140069768119652
2020-08-31,0.002386259791001155,0.0010711054970611311,-0.003622457896713449,-0.011460005535097184
2020-09-01,0.0011902895553947967,0.003277521174507969,0.009418403905982808,0.005983314773346793
2020-09-02,-0.013131628719242117,0.0013956756577302443,0.014464339469130172,0.008364356588085764
2020-09-03,-0.00810423703378893,0.0013114327448378038,-0.03441459584417139,-0.021751157522258424
2020-09-04,0.0027602959130217375,-0.005566526367652869,-0.008164418601192658,0.00207286780842586
2020-09-08,-0.0019269219593246456,0.0021398797416773974,-0.02732286214265056,-0.014291301815725688
2020-09-09,0.00970825655471863,-0.0004927920923774032,0.01974715761664858,0.016978403533633557
2020-09-10,-0.0032231430104036063,0.0012328805035020096,-0.017363525556390647,-0.01238044066211208
2020-09-11,-5.486005292487661e-05,0.0015598426833827173,0.0005091488995534466,0.009306812502866135
2020-09-14,0.007892586821005798,-0.000901475917662653,0.013171417098379878,0.008656364578628173
2020-09-15,-0.0023927480714920346,-0.0004923238908042249,0.005052309942110256,0.006903064427233652
2020-09-16,0.0028345831622316187,-0.0005745998638332361,-0.003969061137744867,-0.0014824389180496667
2020-09-17,-0.005489995652194879,0.00032861515997129054,-0.00879503501670753,-0.0003710111729283705
2020-09-18,0.0013117087099276947,-0.0009031754258471691,-0.011512775049852042,-0.0074254438541649925
2020-09-21,-0.020087296599797022,0.0018078373827656868,-0.011129483953820185,-0.01902846905809863
2020-09-22,-0.004846314367596194,0.0,0.010184516700059598,-0.001918296568020561
2020-09-23,-0.021606497297661065,0.0,-0.023191295309988202,-0.012110981463912207
2020-09-24,0.003718800733685912,0.0004921701041002979,0.0026655419067360686,-0.0017513634413113266
2020-09-25,-0.0028499771605223767,0.0008193200921255972,0.016167136627134315,0.0037037503756018886
2020-09-28,0.01006056066236427,-0.00016359852542413567,0.016609442353114012,0.013594848029860218
2020-09-29,0.008432402483858015,0.0007374085519249451,-0.005446288713350844,-0.0013413204867099848
2020-09-30,-0.006004867330144381,-0.00270162021367637,0.0075820890660855955,0.0009593229763487088
2020-10-01,0.008920516455577454,0.0005669429620864808,0.00641989807679999,0.008050572432987124
2020-10-02,-0.0008953758525005462,-0.0009853941247620623,-0.009494481905281349,-0.004372945528884786
2020-10-05,0.004872915921881216,-0.006327505874997752,0.01773313890528727,0.014705484703936289
2020-10-06,-0.011760774579356315,0.002315562965540252,-0.014216013617498802,-0.007152186480902323
2020-10-07,-0.0004512229536247636,-0.0028876934487980233,0.01740659279148904,0.010047391548885454
2020-10-08,0.0035549310375408982,0.0018205508768611711,0.008862652567630525,0.006944414182859848
2020-10-09,0.018161347296547614,-0.0004955982201405584,0.008930154732190942,0.006896606733718613
2020-10-12,-0.002871682500567352,0.0010742304891655508,0.016087646886528084,0.005923450892191928
2020-10-13,-0.015728823528417535,0.002228829973394353,-0.0065260424993029975,-0.00864887942237591
2020-10-14,0.003094772946095059,0.0003296691129590634,-0.006283183688383098,-0.003341556588514205
2020-10-15,0.003646120384284801,-0.0010707050138417662,-0.0012360850312663763,-0.010430262532107548
2020-10-16,-0.0034652086045857677,-0.0005771288496475568,-0.0006044651395341605,0.004140847776160195
2020-10-19,0.0005047466985432791,-0.0016491995082797972,-0.015203262664570172,-0.004498636943469747
2020-10-20,0.0048209014703402,-0.0021478246077820673,0.0040057965733202305,0.0075315245011127185
2020-10-21,0.007531414803434444,-0.0013248553205809088,-0.0018933065935937687,-0.0028031241715605892
2020-10-22,-0.009800687777642758,-0.00348139944966519,0.005485470389197777,0.00018735474887976444
2020-10-23,-0.001062475196895396,0.0014137469225639077,0.003395156767877383,0.005621125016590955
2020-10-26,-0.0005037860400700644,0.0026582924955929066,-0.01847988245359511,-0.016769198588467704
2020-10-27,0.0026323226696718383,0.0022372504823664485,-0.003447278529835396,-0.003600489635533166
2020-10-28,-0.01614344386479838,-8.286422931524928e-05,-0.03417904107451464,-0.02852799161609121
2020-10-29,-0.004144728133141373,-0.004216048628111646,0.010163466024123213,0.006068936235216871
2020-10-30,0.004561020978312902,-0.0032378961191809053,-0.010424799945106256,-0.008172675045099553
2020-11-02,0.009704919089013941,0.0017167085376368352,0.011208411686149944,0.013929681892574708
2020-11-03,0.005676996717700833,-0.0022460615459206634,0.01765633377754794,0.01934972097550669
2020-11-04,-0.0005588578456844351,0.008422606227931562,0.022348616892822637,0.015565721536896504
2020-11-05,0.022983923404670703,-0.00016582538851439566,0.019502829270692246,0.021682493562066973
2020-11-06,0.0014213621387162423,-0.0033913016413034125,-0.0002281524046754413,0.0031098625427263826
2020-11-09,-0.04427097823171633,-0.007385559706881151,0.012565573437489874,0.02097388246857612
2020-11-10,0.0033127817282887495,-0.0028431515186135847,-0.001466736745330155,0.003215526128060864
2020-11-11,-0.004326595410341194,0.0015933895926694142,0.007428640470134695,0.006944399409604118
2020-11-12,0.006060679556170845,0.005692327158856703,-0.009700872864790488,-0.013439442528233592
2020-11-13,0.006819714153532219,-0.0013319207932933619,0.013844564105784496,0.01398115505751063
2020-11-16,-5.650127239831271e-05,-0.0007496763266897633,0.012482548681884476,0.012550669191441655
2020-11-17,-0.0036691725592956637,0.0025853925321930316,-0.005378202943386978,0.0
2020-11-18,-0.005722348480656891,-0.0003325549292959584,-0.01203488947325404,-0.004713503983064249
2020-11-19,-0.0018804594035273237,0.0010815888012318808,0.0042100822228270385,0.005788303149421026
2020-11-20,0.0030257979459697992,0.0017456981590773246,-0.006847653884939131,0.0031391007156860162
2020-11-23,-0.0196938167555728,-0.0019916174133589593,0.005994402140755639,0.0013907548675826664
2020-11-24,-0.015328336846880064,-0.0015796062125752464,0.016113551177890928,0.01475723609609747
2020-11-25,-0.0004717367343725076,0.0003330631039362153,-0.0015417205987175997,-0.0034219549702347862
2020-11-27,-0.010146901518740647,0.002996866175285051,0.0027852250468753947,0.007382289804072961
2020-11-30,-0.006674981596057172,-0.000663767055279596,-0.0044270288544661085,-0.021813350608141824
2020-12-01,0.0210595460814611,-0.0053195754301297304,0.010937196742917044,0.022648040513596035
2020-12-02,0.00752153069206285,-0.0016714805872217742,0.002103716496675734,0.0006813987147264999
2020-12-03,0.007873502810363364,0.002678861463412785,-0.0002726597581462764,0.004596503160696486
2020-12-04,-0.002835427586930339,-0.003923799017057417,0.00861758814645297,0.00915102112610855
2020-12-07,0.014914066598165077,0.0031012130273300187,-0.00205480185552398,-0.005037774132224726
2020-12-08,0.003487910186290799,0.0010024383132740677,0.002926196306975992,0.0025317177362924603
2020-12-09,-0.017094017094017144,-0.0014192244244627394,-0.008968933738511153,-0.0011785102333882191
2020-12-10,-0.001913054093070632,0.0022571915748061944,-0.0003270482193236113,0.004382214490411984
2020-12-11,0.0018586706605219216,0.0020015690759320748,-0.0011728986960052312,-0.004866549020773214
2020-12-14,-0.005507636250083436,-0.0005828807257468593,-0.004477062421347711,0.0001687412318662762
2020-12-15,0.013990959829817351,-0.0009994049327719523,0.013519648783115734,0.010790555155564263
2020-12-16,0.005519095329445722,-0.0008335717984584434,0.0015693563897354323,0.0025021566388023775
2020-12-17,0.010520363984510617,-0.00072619152526332,0.005591896751868886,0.0069881733942653845
2020-12-18,-0.0016974258370123785,-0.0008353931135518522,-0.003992952215892576,-0.0039653689357743716
2020-12-21,-0.003173869592184575,0.0006689326972282306,-0.0035754985894482783,-0.01239743133705351
2020-12-22,-0.007903112071065643,0.0016712138135064336,-0.0016854771816855463,-0.0028839240637780206
2020-12-23,0.00664787877129025,-0.002085568956819772,0.0008987980913583993,0.009357202068430048
2020-12-24,0.003985267471422693,0.001421088408291915,0.0038903404854890855,0.000505346291756581
2020-12-28,-0.003629142996869339,8.343990772807786e-05,0.008590886390686725,0.006064813714357298
2020-12-29,0.003642361648136694,-0.00016694005480022422,-0.0019079257381080517,0.008372343631206647
2020-12-30,0.007655178894261816,0.0006679458887430823,0.001426711994670704,0.00547994980648947
2020-12-31,0.003714145601823482,0.0006672776583698248,0.005080782192718125,-0.0064408590174557245
2021-01-04,0.022258360658879317,0.0002501548560043254,-0.01361367360763277,0.005984013506985297
2021-01-05,0.0029616260665272787,-0.00233377508652699,0.006887280294270326,0.014540660322899024
2021-01-06,-0.01624105266038789,-0.005847677564090437,0.00597844428569827,0.005374487297126862
2021-01-07,-0.00233462025122122,-0.0035300508298348188,0.014857463216633171,0.004211874615013489
2021-01-08,-0.03420993723985433,-0.0028668202071597815,0.005697778956831989,0.012744138917069936
2021-01-11,-0.0019614419353504164,-0.0019450388808636143,-0.006740720485997387,-0.013220824336754422
2021-01-12,0.006473960214956609,-0.0001694110503891455,0.00021098406840303063,0.005165374577159376
2021-01-13,-0.004307374345463466,0.003474493970053283,0.0026931021114087184,-0.00016049570223353182
2021-01-14,-0.0005190998467168306,-0.002280342034795102,-0.0035021783687914088,0.008833966139311089
2021-01-15,-0.012407628760563338,0.0027090274639542944,-0.007292277725214347,-0.01528437919522696
2021-01-19,0.00847307255811236,0.0005909612189014535,0.007851740797988116,0.010024500950563509
2021-01-20,0.016282289539807593,0.00042170520040096804,0.013838755702857863,0.010885043054742471
2021-01-21,-0.0006271772092728556,-0.0014337928019899637,0.0009115259099548023,0.0012669300560095298
2021-01-22,-0.007873145210082533,0.0015199778704910738,-0.003539456341900893,-0.006800526492373615
2021-01-25,0.0008626173693986328,0.00404804694454608,0.0039437989761264,0.001433131957895073
2021-01-26,-0.0024705999829396363,-0.00033575952364084394,-0.0015608400577138415,-0.0019081797194063777
2021-01-27,-0.006335623059913753,0.0011765608767229097,-0.02444043478968294,-0.023259506659223605
2021-01-28,0.0009273614616172043,-0.0026017222624388214,0.008600092872435683,0.007013493698061257
2021-01-29,-0.0004053281700162614,-0.0017666178896713625,-0.02001959626950245,-0.023161703180313187
2021-02-01,0.009385291185094458,0.0012476585338563329,0.016645680723429868,0.0180734040409416
2021-02-02,-0.012167796413785958,-0.002527064740699858,0.014140219563537393,0.012052087513624743
2021-02-03,-0.0015106298641213156,-0.0024491780555445652,0.0007863580784748248,0.003701372334102615
2021-02-04,-0.021530474690833024,-0.00033835933385384376,0.0113657333609678,0.0009620083322496864
2021-02-05,0.009872160109213546,-0.0021174732148060427,0.00393569748080802,0.006887670681724689
2021-02-08,0.010070118005137685,0.00042442342808279854,0.007221971067865818,0.006204239484762786
2021-02-09,0.0032649110578624185,0.0007638188501903898,-0.0006657220315109402,0.006798518977823909
2021-02-10,0.0036611162023989507,0.0025427647308851054,-0.0004356604546802423,-0.0012563853690993332
2021-02-11,-0.008685078696598514,-0.0007608495958615347,0.0016149969588212798,0.007547086360972344
2021-02-12,-0.0030372306060941767,-0.003300351854700012,0.004939719905608486,0.004837717197976321
2021-02-16,-0.014353488272303538,-0.007216065540205707,-0.000866017268113084,0.0045038633797303
2021-02-17,-0.011352850687983307,0.0006841545478546429,0.00022946813157642687,-0.0043289448914693995
2021-02-18,-6.0088418961767864e-05,-8.551776071852313e-05,-0.004255954646928406,-0.008385157536173415
2021-02-19,0.004148551901348441,-0.004016567125193382,-0.001765864963020114,0.005637234122681134
2021-02-22,0.014969164015496528,-0.0016304628582252123,-0.007691684126509002,-0.010588567688179729
2021-02-23,-0.0023007456922117253,0.0007733287440867542,0.0012139994104936047,0.0025180948380936208
2021-02-24,-0.0007095264939214196,-0.001373803612657376,0.011019784230171803,0.0003141393194789899
2021-02-25,-0.018816524708764826,-0.013329985545099565,-0.02409587107571831,-0.018047893783933233
2021-02-26,-0.024182906697045592,0.008977486743318108,-0.005152778126404467,-0.013904247715220253
2021-03-01,-0.0017304170540851649,-0.0011235249180981954,0.02424020172459951,0.021880086026080825
2021-03-02,0.005447934683729505,0.0018172320968772304,-0.007803239842821608,-0.003965113464891257
2021-03-03,-0.011021541189334294,-0.005355418420186497,-0.013245510049194609,-0.004777106526317132
2021-03-04,-0.009836893780889033,-0.004950060501081932,-0.0123749909631502,-0.012799977958057873
2021-03-05,0.0006288110395962221,-0.0013964219688232804,0.018396746854683954,0.007455389094420228
2021-03-08,-0.010368190918767173,-0.00393297728940234,-0.00497879503650589,-0.010456917494122475
2021-03-09,0.02127113294736649,0.004737896553952625,0.01427746343586933,0.0154446402283408
2021-03-10,0.005098279923459348,0.002096069043260318,0.006224505976632599,0.002721642645217237
2021-03-11,-0.000866011298261804,-0.00034885901602577096,0.010139251251398473,0.014050860295165002
2021-03-12,-0.00018572795011984056,-0.007235451927377956,0.0013469493701374624,-0.0031491584002470985
2021-03-15,0.004396503999798185,0.0012295164683748805,0.005963376361943329,0.002053451545229512
2021-03-16,0.0009248406787658592,-0.0001755073465974366,-0.0012613013864448686,0.00236438603913669
2021-03-17,0.00714498527693741,-0.001666717265247919,0.003409806245802116,0.0040886777172592925
2021-03-18,-0.005810023730399405,-0.006238460345460384,-0.014549672074971154,-0.011746371844912118
2021-03-19,0.004183119739068708,-0.0006190764039146757,-0.0018500843187451155,0.005071593482670167
2021-03-22,-0.0014702614866924923,0.0032735589863217562,0.00798498685205673,-7.904147708615028e-05
2021-03-23,-0.007300628474884996,0.004938335562190366,-0.007870915221380614,-0.015175599332103551
2021-03-24,0.0034608341081703298,0.001316336417088726,-0.005083717545305788,-0.010754318852597367
2021-03-25,-0.003633653726877295,-0.0013146059533980514,0.005625692972368368,0.006490414906874298
2021-03-26,0.0028434090575977233,-0.0033343710981612595,0.016115046832870572,0.016443609616693777
2021-03-29,-0.011896005111092234,-0.003433815279036412,-0.0005051403365230467,-0.005551414075364858
2021-03-30,-0.017091823816998808,-0.0008833444375329069,-0.002652789062132732,0.00031923018691148997
2021-03-31,0.015167857324082767,-0.0014148203966722894,0.004053255326702754,-0.000319128311520811
2021-04-01,0.012628087827510459,0.004430033639966302,0.010799018780478065,0.013556847537713912
2021-04-05,-0.0003704010382533651,-0.002822795034146397,0.014353100584550083,0.011014907437684185
2021-04-06,0.00802867506459215,0.0048657881483902266,-0.00059058783885646,-0.0057589794115890935
2021-04-07,-0.002818323186048577,-0.0006164140241021743,0.001157432801301983,-0.002347993733896492
2021-04-08,0.01075202788807239,0.0034356102376122966,0.004746683609938573,0.006276546689185203
2021-04-09,-0.00753747660190629,-0.0026335190252966267,0.007270101736678747,-0.00015581046827561895
2021-04-12,-0.006063609158189043,-0.000616305467687206,0.00036485399590757694,-0.005926489480733599
2021-04-13,0.007086479573175097,0.004139330781762762,0.002963526634097713,0.0058047761459385505
2021-04-14,-0.004344315528953313,-0.0012277422610931232,-0.0034151362718004563,0.0026517086840864845
2021-04-15,0.016162763416190717,0.006410597404685081,0.010742461964479144,0.00684511949961486
2021-04-16,0.006047777218550321,-0.0027052669784387584,0.0033422883765481526,0.006644122845574252
2021-04-19,-0.0027652942409929215,-0.0010494399999131376,-0.0049130410035074235,-0.0030700438391326745
2021-04-20,0.0035565515706876827,0.002977779907932243,-0.007321487941454596,-0.013856702602452087
2021-04-21,0.009911155680072392,0.0005240215392525727,0.009461968846159685,0.009523891768991488
2021-04-22,-0.006483147356353358,0.0007857754440954157,-0.00913298309313959,-0.00417587671051578
2021-04-23,-0.003831414124593202,-0.0013084943458688825,0.010842431466030922,0.01133724610969411
2021-04-26,0.002644245538133694,-0.0010478881800304318,0.00208757616661992,0.0012285005498213764
2021-04-27,-0.002517371003141977,-0.0039335864600148485,-0.00021548462979592564,-0.0015337069995443597
2021-04-28,0.002944390689552989,0.0013161400458940875,-0.0002874009180823256,0.004147376656472579
2021-04-29,-0.004133978948338446,-0.0017530650264926395,0.00637282651886939,-0.0001529237009791906
2021-04-30,-0.0033690142851713345,0.0008777603468181905,-0.006570562324185181,-0.014075948447404674
2021-05-03,0.012978352341882271,0.001703409448624127,0.0021567610620552014,0.008535049768832126
2021-05-04,-0.007329692780131181,0.001314646903208816,-0.006169424769818632,-0.012924990164098649
2021-05-05,0.004142168530566259,0.0012249584350318976,0.00031291229840713086,0.01028820575486189
2021-05-06,0.01667957921247054,0.00043702738327899837,0.007985592571752909,0.007714890700742494
2021-05-07,0.00899681760120985,0.0003497169855666282,0.007277970085466823,0.011789937519094185
2021-05-10,0.0030305045955998366,-0.002008776252020894,-0.009902153413377746,-0.008171739365067876
2021-05-11,0.000174300035968189,-0.0016632968415898342,-0.008925006462568108,-0.010833055564437144
2021-05-12,-0.009933813872024522,-0.0048216752471926805,-0.0212449641021748,-0.019589736261998336
2021-05-13,0.004107329913244362,0.0033476557431291187,0.012012191091595348,0.005349308621953819
2021-05-14,0.009115862292308208,0.0021951182313557638,0.01535524836133928,0.016744886318013075
2021-05-17,0.011639321781340195,-0.0009637054490042596,-0.0025441618864843196,-0.0015392056541547738
2021-05-18,0.001946172546249958,0.0,-0.008615828874509512,0.006012003487718909
2021-05-19,0.000685616890880425,-0.002981571055725163,-0.0026218840077560923,-0.007048827882746966
2021-05-20,0.004567270124640199,0.004133707307954815,0.01075820942457395,0.010802568732925844
2021-05-21,0.0004545724551812125,0.00035049699931088973,-0.0008188919581669785,-0.00274812451555273
2021-05-24,0.001761036294059215,0.0009630440199583923,0.010194051160916207,0.007195325310408451
2021-05-25,0.009072814229376336,0.003673800161614116,-0.0022184921287177195,0.00273601102606702
2021-05-26,-0.0017420486873281904,-0.0011330123080297572,0.001984532131883432,0.0022738789670353476
2021-05-27,0.00039409662496781017,-0.0017446744934327407,0.0005249137429530482,0.0022684481268471224
2021-05-28,0.003770176937892389,-8.776964473278248e-05,0.0017886925473149518,0.0022633817739783346
2021-06-01,-0.0026909461441234628,-0.0001837668769966161,-0.0008806609980028801,0.009485209801144201
2021-06-02,0.004890446350902078,0.0011375958657560137,0.001572645783139981,0.0022371856784972888
2021-06-03,-0.019578228541437537,-0.002534294398739534,-0.0037115457965144483,-0.007589331840075042
2021-06-04,0.010783359066451448,0.005519187064646269,0.009145831799771242,0.009596636484103138
2021-06-07,0.0040076283608136976,-0.0007839732077020711,-0.0009702074380399939,0.000742493779936515
2021-06-08,-0.0030920774052216604,0.0028776218332258185,0.0002133022052297484,-0.0016325146244572375
2021-06-09,-0.0019175027218333307,0.0031305032739714633,-0.0014918661064327043,-0.003418905805749106
2021-06-10,0.004294325821970535,0.0035534802695786905,0.00464815773591809,0.004474904393793722
2021-06-11,-0.011252390785353672,-0.0014678263525012003,0.0016525967809239983,0.0011880673721214041
2021-06-14,-0.005860923791407013,-0.003114408011581471,0.0022390213374463563,0.0011864574433761987
2021-06-15,-0.0037777095572453234,0.00017360163841839693,-0.001834066618469965,-0.0008888551935505307
2021-06-16,-0.016891711518855712,-0.0068535005008525385,-0.005583464259083737,-0.008600066533408723
2021-06-17,-0.030740427140865334,0.0035813391273078476,-0.0003316938262651892,-0.00463673599183001
2021-06-18,-0.005547261946798776,0.005657458277324556,-0.013490381996013823,-0.015927900300174436
2021-06-21,0.012247646651096789,-0.0032019216742654732,0.014315908327570348,0.011619995268943972
2021-06-22,-0.0041928539145718036,0.0018230446968940939,0.005346160974933456,-0.0001521798198019786
2021-06-23,-0.0006616578066259704,-0.0019931333045781763,-0.0012054183322520728,-0.003043177107585282
2021-06-24,-0.0006019387497473438,-0.00017390619464474621,0.005915918957774657,0.00900479942735366
2021-06-25,0.0033124733437563947,-0.0020846217336240036,0.0035520109525202237,0.004538073344778182
2021-06-28,-5.999463986816611e-05,0.003133464689028198,0.0020160963182918046,-0.004065707552563413
2021-06-29,-0.010505462725200698,0.0005204975197021788,0.0005380512781811841,-0.0003024054556292066
2021-06-30,0.004853503869870712,0.0015609874645554633,0.0008416081158384436,-0.006654595129482299
2021-07-01,0.0034413575356286863,-0.0007190379248025458,0.005536715897937805,0.0009133664516411955
2021-07-02,0.006558341503640763,0.003641751091880696,0.007643482470717222,0.001369274527462494
2021-07-06,0.004961455343207799,0.005270336433949474,-0.0018213367496038302,-0.008203057596937069
2021-07-07,0.003806801143447114,0.002921733579672514,0.003533775179675347,0.003216424820366326
2021-07-08,-0.0006518168637834609,0.0025704096258052367,-0.008147973787596685,-0.015267196371042124
2021-07-09,0.003320562334123478,-0.005042382718928762,0.010674948533216488,0.017209590367382788
2021-07-12,-0.001241101031467462,-0.0005155754577870209,0.0035819600624611425,0.0021335296475279986
2021-07-13,0.001301782371024407,-0.0030943638334997026,-0.0034090081394710925,-0.00288979078788687
2021-07-14,0.010755182911599048,0.004310851352889777,0.0014920873271000445,0.001677842529289597
2021-07-15,0.00017547964957964624,0.004206338128923015,-0.0034154980469341956,-0.005177415145918074
2021-07-16,-0.00970365108457183,-0.0001706176054669939,-0.007843543706948286,-0.007653326380254621
2021-07-19,0.0011805498135817327,0.008549968273331432,-0.014767894320537378,-0.016967489919892498
2021-07-20,-0.001297100524211059,-0.0012717392070992206,0.014330328316503271,0.005805606787034234
2021-07-21,-0.0037192566567244567,-0.005772298481743987,0.008096345642035985,0.012792728783236118
2021-07-22,0.001955450591350383,0.002305186397359993,0.0020939217884483607,0.0012322160233440016
2021-07-23,-0.0031344183025339145,-0.00153323135916128,0.010288168752151439,0.001076879253480767
2021-07-26,-0.0023730060647713103,-0.0006824322252984016,0.002454950030407632,-0.004149365644223302
2021-07-27,0.0016650735799190741,0.0042687563544747675,-0.004557599722389005,-0.008796056656643292
2021-07-28,0.005046252863966982,0.0008498063088657748,-0.0004101862141284718,0.010742501910377733
2021-07-29,0.011105233370970247,-0.003057607186707445,0.004147371074640693,0.006161286287834189
2021-07-30,-0.007886842666167015,0.0028115158591708322,-0.0048562699842175094,-0.005817492133046054
2021-08-02,-0.0012366429443513294,0.004386288438580133,-0.002098169741917233,0.004157672071885443
2021-08-03,-0.0007074766626713469,0.000254089367737409,0.00813535854092895,0.006594272119807121
2021-08-04,0.0002359625041987723,-0.00025402482273084726,-0.004918786654882434,-0.0009141948288517998
2021-08-05,-0.0039520921003340925,-0.0036391526711013755,0.006332771331087006,0.0028970776824195354
2021-08-06,-0.024991124040327772,-0.005861944210995729,0.0016524097420331785,-0.004713349370560782
2021-08-09,-0.017735654639032372,-0.002136063673471744,-0.0008132566216105808,0.00015280752821755783
2021-08-10,0.00030919522248562537,-0.0018835659627178813,0.0012437348913461044,0.001832933155080596
2021-08-11,0.01378497662510525,0.001114985571511573,0.0024848224319691248,0.006098485490053207
2021-08-12,0.0002438615008097944,-0.0010282402605976682,0.0029971608091001745,-0.003333953987486593
2021-08-13,0.014325811995228088,0.005747834204689717,0.0018198448921140642,0.003345106418368715
2021-08-16,0.004988291568599701,0.0022176406774780943,0.00235458845629255,-0.006667569928048733
2021-08-17,-0.0014950364679763295,-0.000510312351960307,-0.006555167528131345,-0.012204548704563334
2021-08-18,0.0007786122169375354,-0.000511552022626427,-0.01094515970910559,-0.002007591169658207
2021-08-19,-0.002932408589264246,0.002215448609504511,0.0015483649939254107,-0.011761226127518287
2021-08-20,0.0005401616803368814,-0.0009352737060944749,0.007957157013328331,0.0026620449938212776
2021-08-23,0.012177557387281546,0.00025512870791755127,0.008796365681064788,0.010776268879949091
2021-08-24,-0.00047414113127741686,-0.0027217321213371948,0.0015874840986949135,0.009116176672429033
2021-08-25,-0.006937433805443538,-0.003923912758918124,0.002098251250772565,0.0009188142555158763
2021-08-26,0.0011344784228162208,0.0,-0.005903199572136364,-0.00673101243922114
2021-08-27,0.015029547921398434,0.003254051829269855,0.008941075343590343,0.01093500700186767
2021-08-30,-0.0049356385559711224,0.0019632210868245625,0.004397742692239248,0.00030457301324049446
2021-08-31,0.0020076547129428413,-0.0018740793769665975,-0.0014816618265905968,0.0035029161409947385
2021-09-01,5.8898619200498104e-05,0.0004267474394210602,0.000531329187789531,0.008802491097058107
2021-09-02,-0.0026517204262498373,0.0011957111953762034,0.0030767193839971174,0.0027079359760813215
2021-09-03,0.01069422486613747,-0.0023879634102866865,-0.0002427340456221394,0.005251367314162758
2021-09-07,-0.01958371853465668,-0.003931242986263905,-0.0035755932591329254,-0.00029832409116858916
2021-09-08,-0.0025044029033459703,0.002745802075013959,-0.0012182487941188036,-0.010152440476408509
2021-09-09,0.004423489287242344,0.0028239066457338424,-0.00428022326562183,-0.0009050270690507123
2021-09-10,-0.005058656845151166,-0.003157483625390367,-0.00788446808875809,-0.0018114917073486225
2021-09-13,0.0033497597913456634,0.00119868367250886,0.0025592219109213943,0.006503245448628903
2021-09-14,0.006438546534438316,0.003761787895198987,-0.005396305462840756,-0.0051090202082102465
2021-09-15,-0.005864266379652205,-0.0017036870504274493,0.008352333228823117,0.0024167537333672495
2021-09-16,-0.02264197706190263,-0.0031570641686490264,-0.0015851407507733173,-0.004821518121110313
2021-09-17,-0.0015850424237688898,-0.0029099753701475883,-0.009740913120243722,-0.010749583144621155
2021-09-20,0.0071441542310690664,0.005064636987557103,-0.016674411563575964,-0.020974649978098614
2021-09-21,0.006669036185550814,-0.0005979354015355209,-0.0009445475028057038,0.008959492056690221
2021-09-22,-0.0037340107339023376,0.000940649773547575,0.009754640322032326,0.007945148076869524
2021-09-23,-0.011546389089901132,-0.009050792785871176,0.012150139189837095,0.010046307697825885
2021-09-24,-0.00128427290155253,-0.00301587502263867,0.0016473633373637053,-0.009487321516912228
2021-09-27,0.00208203509820426,-0.002679024248492423,-0.0028611157852982405,0.0015448853033883658
2021-09-28,-0.009716428402719801,-0.003812794238634898,-0.020151822321544555,-0.019281107820138366
2021-09-29,-0.004504756024632184,0.0010440775414606307,0.0016831444070213308,-0.004246712864467206
2021-09-30,0.01797665363761114,0.0012159623107754758,-0.012222279408960812,-0.0007895227077664435
2021-10-01,0.0022530453929923144,0.004082116744503539,0.011884089869509395,0.002845158842602613
2021-10-04,0.0046783175745395145,-0.0012107704861419322,-0.012896025448164927,-0.01040356114798957
2021-10-05,-0.004656532835140448,-0.0031179161956083057,0.010405118585442796,0.006052866602000995
2021-10-06,0.0026733243283083574,0.0002607477090190713,0.004155980559131356,-0.0058580297686406935
2021-10-07,-0.005271739220885419,-0.003995350418621868,0.008645695760987504,0.011466672527297384
2021-10-08,0.00042636491147840516,-0.002179376344828121,-0.0018239379727532645,0.0012595377954609521
2021-10-11,-0.0018875818465466931,-0.0024472825738335313,-0.007239506870291401,-0.002987743886334826
2021-10-12,0.004514430828637339,0.004555572811513198,-0.002461615318620991,-0.0006310015042275685
2021-10-13,0.017794197805277356,0.0019188958203104622,0.0035976509658564026,0.011363657850434805
2021-10-14,0.0024464685904206362,0.002349607007258392,0.016820522654629855,0.008427224401759803
2021-10-15,-0.015892846243722114,-0.004949906871890342,0.007616099285266076,0.008665931945603278
2021-10-18,-0.0024799108302698825,-0.001395680512959241,0.002960225798245286,-0.0030685068404046056
2021-10-19,0.003213671993580469,-0.003583157008414717,0.007714905636716063,0.008002605759986015
2021-10-20,0.008763958748792211,-0.0004385530677101235,0.003927772665007767,0.0025951663747620923
2021-10-21,-0.0008987052245035265,-0.002632162872614918,0.0026082224547421262,-0.005938655470077214
2021-10-22,0.006116967151190034,0.002550911181246729,-0.001036298281116843,0.003063806497662469
2021-10-25,0.006914158513320778,0.0012286109232355624,0.005362922631575229,0.0010690399498114456
2021-10-26,-0.00739951491266011,0.0012271807056103423,0.0008999482079663501,-0.0007627458362727824
2021-10-27,0.002624060476058121,0.00560191104102481,-0.004430165643309447,-0.005343499659997919
2021-10-28,-0.00023788536339730548,-0.0026113133640623953,0.009648957707073968,0.007367466480326046
2021-10-29,-0.008507900517562339,0.0004361013938438685,0.00202904981213603,-0.00838031582783283
2021-11-01,0.005220584505493342,-7.859811174970588e-05,0.0017202644358200736,0.009680359680499517
2021-11-02,-0.0021490007233168074,0.0024446704788718687,0.004043139556906716,-0.0050220139794728835
2021-11-03,-0.008315382622616663,-0.0031351201257922012,0.006105150562380368,0.006576888130463754
2021-11-04,0.011340951773961994,0.005416765761839137,0.004712601486710266,-0.0010637468701825137
2021-11-05,0.0130629437586407,0.005474638569617163,0.0034696168552568185,0.0021295567780226232
2021-11-08,0.003591619309376348,-0.0043210176498512665,0.0008536201852831216,0.003187715485162057
2021-11-09,0.0049281100201232775,0.004600107030903633,-0.0033053040826311886,-0.0030261223518072145
2021-11-10,0.010858781500706183,-0.008553541177639623,-0.008044803879266538,-0.010016521694977465
2021-11-11,0.005602086369596027,-0.0032247221002154047,0.00032335727693588723,0.006592010992580333
2021-11-12,0.0018952552280546708,0.0020981199030611908,0.007547032362891892,0.005787305393332831
2021-11-15,-0.0015477459282561279,-0.003925776653511459,0.0003422155436905161,-0.0021199496995707445
2021-11-16,-0.007233864736584827,-0.0008760307141888468,0.003957911512849632,-0.00212452076580516
2021-11-17,0.009137183945092442,0.003594248366903141,-0.002429151538510088,-0.0022807281407278834
2021-11-18,-0.0032091550635745536,0.0006115842004639216,0.003396537024255908,-0.0027435899828938126
2021-11-19,-0.007646325240812324,0.0027062935252384346,-0.0017884522428996963,-0.006419073290755195
2021-11-22,-0.022420457120115533,-0.007313191956534015,-0.002815103280728537,-0.006306836901142088
2021-11-23,-0.008652404091134991,-0.004122242061825543,0.0013258000011973081,-0.0006192801074811349
2021-11-24,-0.0009565020521100642,0.0030824994193203725,0.002670056932665643,-0.0040271277508237
2021-11-26,-0.001615539860939763,0.012905875670049971,-0.022303357387305933,-0.028615790378042405
2021-11-29,-0.0013785494630753625,-0.0022537903508271784,0.012266693973578269,0.004322791547248128
2021-11-30,-0.006721853018899604,0.005994340297438061,-0.019457541304322534,-0.006695713964984473
2021-12-01,0.003987937535404162,0.0018841936285458605,-0.011107142706596851,-0.004814444358516301
2021-12-02,-0.005536820827328315,-0.0021565964759664435,0.015316295415298331,0.013223701468622728
2021-12-03,0.008412002804647267,0.005878763567997769,-0.008701362152198522,-0.007162178758281179
2021-12-06,-0.002460563224478851,-0.004984833940440581,0.011843223563124283,0.009778695781725633
2021-12-07,0.003549490636251651,-0.003800301565043851,0.020684869728496258,0.019209502398387812
2021-12-08,0.0005395140531609943,-0.0032083127532553934,0.0026480664194192816,0.002336285661738824
2021-12-09,-0.006111378376110088,0.0025229742788115406,-0.006751479906039082,-0.007458991886638011
2021-12-10,0.004219899491422874,0.0006939141479438415,0.009413405076316828,0.0015656868034492621
2021-12-13,0.00252130006200435,0.00476853692450252,-0.008858359928095472,-0.012193293976170527
2021-12-14,-0.009341302746070368,-0.0017257355305542177,-0.006879972029185777,-0.003956303845146447
2021-12-15,0.004291534360497673,-0.0014695825534720708,0.015625037316530754,0.00826170230405543
2021-12-16,0.012097561477355745,0.0029114233127953693,-0.008818597942105821,0.0012606700723636344
2021-12-17,-0.002140821851282393,0.002246049752480106,-0.010642892056557551,-0.010544451697729662
2021-12-20,-0.0042312675861405635,-0.0008618300222962283,-0.01063346369057483,-0.0067657791486624985
2021-12-21,-0.0004188884251822289,-0.003968780407404338,0.01775903267474388,0.013331189288377843
2021-12-22,0.009400024100517657,0.0009530999562721298,0.009998611060816787,0.00898441233490721
2021-12-23,0.0022540179789249937,-0.002077025481117545,0.006222193681286514,0.00556536139196373
2021-12-27,0.002367247994286892,0.0003468404735553765,0.014152189484489375,0.007273668727592497
2021-12-28,-0.004310065233419702,-0.00017324552809983018,-0.0008172669075064976,-0.0010987266216114788
2021-12-29,-0.0002965076609273698,-0.005115754254017779,0.0012791377576342189,-0.0009429781886149957
2021-12-30,0.0071772153754725565,0.003311698439389499,-0.002764630123735845,0.0014155960887496377
2021-12-31,0.00683158799329231,-0.0011289580887895445,-0.0025199952591721253,-0.001413595009183699
2022-01-03,-0.015383743445999576,-0.00930439341524858,0.0057899544277022486,0.006449491257908724
2022-01-04,0.007366515057776857,-0.0005264921376555431,-0.00033499058848895924,0.0012503580527314373
2022-01-05,-0.00300766493835114,-0.004215316617708131,-0.01920212651076436,-0.009990577565873404
2022-01-06,-0.012244126909514819,-0.002469440901980091,-0.000939470784411367,-0.0028380954126864255
2022-01-07,0.004551137683908024,-0.003271134412399457,-0.003953480086905992,0.004427357376530772
2022-01-10,0.0030402057039400354,-0.0002660637555664813,-0.0012441457337992734,-0.0073991115781567585
2022-01-11,0.0120646549718888,0.0023953674447376727,0.009108090618133557,0.014274167217199096
2022-01-12,0.002642622730480104,0.0001772070545877913,0.00270365645404258,0.011728179939214156
2022-01-13,-0.0033969884760131075,0.003185652639636549,-0.013778681600910891,-0.008655510324300453
2022-01-14,-0.0028796749096049457,-0.0068809897916580764,0.00040921895385448437,-0.000935344116480441
2022-01-18,-0.001650255097062403,-0.007549842029016762,-0.017709748150282256,-0.014825162690870086
2022-01-19,0.015880526897095182,0.002416220000632574,-0.01038358900699754,0.0007917620194335395
2022-01-20,-0.0024988838330701757,0.0021432036094570783,-0.011068055113113373,-0.002848946086417503
2022-01-21,-0.0032624385581478954,0.005791311031440705,-0.01963081302721248,-0.014444302298572742
2022-01-24,0.005494198734739664,-0.0008861950128601359,0.004246948306604326,-0.011596259214905924
2022-01-25,0.0031971345443269072,-0.0013296512382382497,-0.012209276430843241,-0.0037476531320227435
2022-01-26,-0.016166464916677392,-0.007102401409167958,-0.002508437103787564,-0.006378841718725714
2022-01-27,-0.012898211138547944,0.004202480170056422,-0.004937962084988867,-0.00707803174038113
2022-01-28,-0.0029832934474428585,0.0023151591729797527,0.024835271997785124,0.0048076839469874955
2022-01-31,0.005924537392067553,0.0,0.018011012445932284,0.019138506519064347
2022-02-01,0.0008328835308379912,-0.0013518977254536324,0.006756951106217324,0.008580533577365435
2022-02-02,0.0036259919505645666,0.002048150225379519,0.009714242464450074,0.0051362313976393015
2022-02-03,-0.0014214062993387344,-0.004265187592687902,-0.023505155721204596,-0.013414208803810057
2022-02-04,0.0015420788696549614,-0.00767461939182823,0.004702101813220727,0.0016186929606170075
2022-02-07,0.007402581993851909,0.00026980638541784785,-0.0032091174905215514,0.001454328059822485
2022-02-08,0.003056870675416823,-0.00323656587325305,0.008228028888021655,0.005809428486328816
2022-02-09,0.0033991784238243117,0.0013531266786539486,0.014635915341864925,0.01636441523658827
2022-02-10,-0.0037965605384254753,-0.009187574876082794,-0.0179656182191823,-0.011365409032537244
2022-02-11,0.019054878321533186,0.010363607828524302,-0.01971862462284668,-0.01373162022301666
2022-02-14,0.005350715998122091,-0.006928134623674365,-0.00326952021607807,-0.00598970986949221
2022-02-15,-0.009499848975192515,-0.002989869507877607,0.016126991087907827,0.01824099096229248
2022-02-16,0.010284254451501385,0.0020900805935077926,0.0011207508529047505,0.004478694288357454
2022-02-17,0.013668073780773726,0.005350384008230069,-0.0213613523775259,-0.013853547614379624
2022-02-18,-0.0007334549100845855,0.0032473679111482134,-0.006475108437937083,-0.0062974701009557155
2022-02-22,0.0020890378623359407,-8.968181793356234e-05,-0.010731693107248641,-0.011862256348601163
2022-02-23,0.0045072272703239324,-0.005215548564724726,-0.017738434704715922,-0.009866863433243278
2022-02-24,-0.006450131470019049,0.002350210300611888,0.01504891011085685,-0.012788575207494657
2022-02-25,-0.003330678220184624,-0.00027063999093690505,0.022063995226180966,0.022712111724239037
2022-02-28,0.010365345791119474,0.011365906806028336,-0.002558398805398876,-0.012831278345817543
2022-03-01,0.018163415997793697,0.009739327455774882,-0.015230282317301502,-0.018663434789559563
2022-03-02,-0.010406339832951472,-0.015029520230640747,0.018396172332535876,0.01052810641928592
2022-03-03,0.005953415398956663,0.004308040359535914,-0.004978430922474741,-0.015291616172744327
2022-03-04,0.015929145881701023,0.009920591872599749,-0.008124639389803123,-0.02320810824135544
2022-03-07,0.014862865283030269,-0.004247735149681464,-0.029479277629289813,-0.03179585983319211
2022-03-08,0.027358997610294145,-0.006487583391992846,-0.007581573599507618,0.0057740161151620395
2022-03-09,-0.029711176156992036,-0.006172268835164418,0.026810845954397422,0.034445601562430817
2022-03-10,0.0031212277978962533,-0.00459089612528496,-0.004515734726613152,-0.012487045406721187
2022-03-11,-0.007027884128157469,-0.0002712093247650982,-0.012715104127678845,-0.011942352715409665
2022-03-14,-0.015073711931138378,-0.01266262654034589,-0.00730835667405727,-0.0014218545934208127
2022-03-15,-0.01870545038411886,-0.00045823229178354463,0.021990584552783465,0.006942091561917385
2022-03-16,0.006260803404375848,-0.001374520971259341,0.022174193011722076,0.04330908571141601
2022-03-17,0.004888644573449508,-0.00192734935862926,0.012511009004433138,0.005083018764246772
2022-03-18,-0.008789852082788041,0.0029426270623986728,0.01095257350732437,0.011631567891349448
2022-03-21,0.007640798069546317,-0.013019227845962766,-0.0002920417991462143,-0.007344411592368316
2022-03-22,-0.007250775291250955,-0.005480813068977519,0.011701164222948757,0.010762006498322041
2022-03-23,0.013659661796972422,0.006725282164446567,-0.012878251440254118,-0.010314442069979113
2022-03-24,0.007260367097212672,-0.005566908005980142,0.015074347752344286,0.006891774495505487
2022-03-25,-0.004095451209537915,-0.010262995149037946,0.0048835561010358575,-0.0006677057409290033
2022-03-28,-0.018203790082975457,0.0022622492830559615,0.007113136213890758,-0.0018375998783535241
2022-03-29,0.00044678784846130526,0.004985337752868579,0.012370725314097886,0.019581502653610805
2022-03-30,0.008038419372069505,0.003930652910671073,-0.006174825229692482,-0.003447013017282008
2022-03-31,0.000387595883929448,0.0018644853142366635,-0.015391293412822526,-0.015977589113332247
2022-04-01,-0.006365867342034592,-0.006511630876144703,0.0028340001554956196,0.010880408632337746
2022-04-04,0.004846769455083555,-0.0006564772240956751,0.008566567207992648,0.008113930872771347
2022-04-05,-0.006264842571455875,-0.011916017932801615,-0.012631171092341353,-0.013633408415893222
2022-04-06,0.002343216670796844,-0.003513449116807288,-0.009999443702714772,-0.012489480983878698
2022-04-07,0.003784886240234764,-0.0024773956795478558,0.0050389974141720195,-0.0006746086728862677
2022-04-08,0.006265969312183373,-0.005062943948651477,-0.002674091921900823,0.00033753203848374547
2022-04-11,0.004959463770487282,-0.004801052901252656,-0.01709224068173909,-0.01180845749190107
2022-04-12,0.007676751619003053,0.004824214208876354,-0.0037050468161807792,-0.0054626809661578735
2022-04-13,0.004788537865617837,0.0022080254364529317,0.011453332542501915,0.011843610683119232
2022-04-14,-0.003303550666205468,-0.009005561813158813,-0.01245167064047481,-0.006615746435814529
2022-04-18,0.0030971927027434454,-0.002900371048405792,0.00041115548206072106,-0.003757010444684239
2022-04-19,-0.015112904376299419,-0.006592604568603222,0.016142755464064518,0.0020569046281662118
2022-04-20,0.004894947496407287,0.007807840149873124,-0.0007416385125439406,0.003592212958284824
2022-04-21,-0.0035576001936850066,-0.005520123064566396,-0.014953493224835746,-0.012953640705539171
2022-04-22,-0.0097220932450649,0.0004868971119069698,-0.027439133980566188,-0.015541443661390764
2022-04-25,-0.017970993150090764,0.006423982503152015,0.005797599041747814,-0.006840951382013127
2022-04-26,0.001525017044941901,0.006673229607598419,-0.02896094818930317,-0.02560930413429996
2022-04-27,-0.00755702425744631,-0.005571821319532377,0.0028117815863080153,0.006706552442914848
2022-04-28,0.005398323510093839,-0.0014495436500813197,0.02525964239359957,0.014764070896577719
2022-04-29,-0.00011297696546286318,-0.005321320532062357,-0.03695581787092839,-0.008871487651710197
2022-05-02,-0.018540493535693647,-0.007449778917340111,0.006019418374808128,-0.003043415361791535
2022-05-03,0.00264926246698316,0.0011777234542778015,0.004584146516699139,0.00861920702981922
2022-05-04,0.009822544372671826,0.006467838389606184,0.030452814417700758,0.014420505904707559
2022-05-05,-0.003811138551277793,-0.010029331822468346,-0.03554272383137491,-0.03194086692930198
2022-05-06,0.0016558743678838361,-0.005704931802593238,-0.005968788992174789,-0.010333735058417615
2022-05-09,-0.014479496708730832,0.007419407593206806,-0.03201719623976107,-0.03059161518200082
2022-05-10,-0.008445202872691127,0.0033384558316993385,0.0023103596376736757,0.005102094243212063
2022-05-11,0.008167128516088473,0.006165361748684539,-0.015886190891927,-0.00545224592383875
2022-05-12,-0.015333925720196762,0.003307556493136632,-0.0010438876549664355,-0.00378071225533938
2022-05-13,-0.00810956630229509,-0.005235324612924863,0.023907756418809267,0.026945052229998545
2022-05-16,0.009538483763206873,0.004190478861902935,-0.004057524904978682,-0.00018479441862806478
2022-05-17,-0.006279296383541522,-0.00756973821566842,0.020570456664833037,0.020513875045562013
2022-05-18,0.0005314848929158789,0.0071386113405838,-0.0403116044030114,-0.0229989318111814
2022-05-19,0.014697234801531733,0.003592657128905774,-0.006124820793151464,0.010935931562026102
2022-05-20,0.0006980112537449124,0.004643818942764,0.0004368564731387359,0.005683872400088719
2022-05-23,0.004650369455528214,-0.006066971099705887,0.018710071891341773,0.014402953508791283
2022-05-24,0.007521859850632806,0.00862309369969938,-0.007633755060333036,-0.007907966847034986
2022-05-25,-0.006029994959596108,0.0020175819177454812,0.008834803611608821,0.0016303727897777343
2022-05-26,-0.0018488983177334939,-0.00047917304961175855,0.01998146754036756,0.011937000605945602
2022-05-27,0.00052102106703944,0.0014382924643034922,0.02454896374702087,0.012690252598565932
2022-05-31,-0.009893009276743081,-0.010439685073940552,-0.005610801017761569,0.0008821663016322923
2022-06-01,0.006369033199590923,-0.005629878306368741,-0.00808862185387449,-0.009698508102351844
2022-06-02,0.012309182073779512,0.001461560497689085,0.019043433683362032,0.019943222044105813
2022-06-03,-0.010152017266979896,-0.0019465002823845223,-0.016411542894653852,-0.015188578007730102
2022-06-06,-0.0044037229040009285,-0.0075075692236490355,0.0030448668346261254,0.004432004742653595
2022-06-07,0.006518420844169315,0.004027993708191735,0.009592197345303477,0.003000135540173865
2022-06-08,-0.0009251975242893229,-0.003718212027012502,-0.01087219935523065,-0.008094264474217905
2022-06-09,-0.0031832564859568535,-0.0008839814386276679,-0.023782805313167676,-0.020933200512098127
2022-06-10,0.013412283666592417,-0.00983017967247557,-0.028995708244383245,-0.019931074717495112
2022-06-13,-0.026412288230091452,-0.017769671178079927,-0.03796812850789466,-0.0336476876552354
2022-06-14,-0.008003209616781914,-0.007985097366705385,-0.003013209336525713,-0.0022958516476796476
2022-06-15,0.013050939388113303,0.013958400712055008,0.01425609267363992,0.015532366452899904
2022-06-16,0.011243181594596585,0.0065311335801927495,-0.033095980509265654,-0.025868718552079395
2022-06-17,-0.008222816311715064,0.0002993100383039682,0.0021555272478910315,-0.003101455634780481
2022-06-21,-0.0037367862070599722,-0.005189432977630415,0.025173686885610502,0.017092537056624835
2022-06-22,0.003985188163408093,0.012640642323393125,-0.0018127578012575585,-0.01102315241555063
2022-06-23,-0.006129257292171064,0.005646981314751054,0.00980266204927882,-0.0013687809473924561
2022-06-24,-0.0009984622015154487,-0.0035465511822988516,0.03179369777031282,0.027217695361920535
2022-06-27,-0.0011170700540719114,-0.005635171064412914,-0.0038196869409969914,-0.0011438252308062502
2022-06-28,-0.0016480211262837052,0.0012922166211646324,-0.020432791387883342,-0.005152572721962456
2022-06-29,-0.0007663579045243951,0.00804300042971895,-0.0008145621485292631,-0.006330407993367815
2022-06-30,-0.006077047294322124,0.0076832378856488415,-0.008124159517530982,-0.003667805996495521
2022-07-01,-0.0008310541616338707,0.010720180442192362,0.010576449525474763,-0.0003876381054777056
2022-07-05,-0.02120964335120412,0.0036806890374647683,0.0018886399132569398,-0.018414348339023112
2022-07-06,-0.015842188833696924,-0.008492456221764422,0.0033771288799431254,-0.001777358769569637
2022-07-07,0.000555053276362516,-0.006131856027781768,0.014977209470840247,0.017408613992323296
2022-07-08,0.0004315313201161963,-0.00607233288615272,-0.0008225064514366665,0.0007777380228093378
2022-07-11,-0.005360507452973451,0.007882956483321157,-0.011423680085933086,-0.01942859182936152
2022-07-12,-0.0037167247224720867,0.002346005481455471,-0.008848798229838195,-0.0013872931570432234
2022-07-13,0.004787690503602615,0.0042914128897209025,-0.005251700887301869,-0.001190405786387183
2022-07-14,-0.014047055610919013,-0.0055355111590231765,-0.00242857204773661,-0.013508087423659054
2022-07-15,-0.0020084561635671516,0.003418106908177121,0.019105126584327392,0.012484910140090566
2022-07-18,0.0009433945063559435,-0.0029199108109261296,-0.008256842695167688,0.006364382654625134
2022-07-19,0.0023874693093759447,-0.004587481951758843,0.02701916990267117,0.023715287317745082
2022-07-20,-0.009402031234323593,-0.0009812246713605255,0.006373034248616349,-0.00540527982197081
2022-07-21,0.014110421925231709,0.011386600098313382,0.010183235110745592,0.011257626589901149
2022-07-22,0.00249575020790771,0.011452036766908869,-0.009278126885295612,-0.004990411366176062
2022-07-25,-0.0027385476219622396,-0.003550358558170208,0.001215118413338212,0.006751573690555013
2022-07-26,-0.0011858106875901608,0.00038525387699639424,-0.011831072713062496,-0.011688101092069636
2022-07-27,0.010184984698782484,0.002021045864702087,0.02596626688132253,0.02132631131232965
2022-07-28,0.012185323455280006,0.00989461641307443,0.012542475554254251,0.006074269290803791
2022-07-29,0.0028110896821249565,0.0003801470512341254,0.014578560356758974,0.009245291633579455
2022-08-01,0.0056672312077465925,0.005848977966089963,-0.0029610083369592255,-0.002804136700394033
2022-08-02,-0.005938288400823777,-0.01382604519253372,-0.006597252157283795,-0.012373446677883093
2022-08-03,0.002438243761313297,0.004129431406930895,0.015659422047862304,0.006453952062041024
2022-08-04,0.016539989487255546,0.005068030549528091,-0.0006755787337415775,0.005280902935066223
2022-08-05,-0.011246066300201418,-0.014462248885062645,-0.0016902829523557372,-0.004877976142063534
2022-08-08,0.008470017618367853,0.005889153365259414,-0.0011608690049377257,0.0030166024141928816
2022-08-09,0.0030595386607856767,-0.0029752946662684465,-0.003971139508589627,-0.0052630354200637885
2022-08-10,-0.0025119508170524663,0.0005775439832791385,0.021003960675313627,0.020785972753235793
2022-08-11,-0.0026382206776995876,-0.0066385104200887834,0.0,0.001480898517169038
2022-08-12,0.00919802099904432,0.003971026464992811,0.016929153414315667,0.007948238657492501
2022-08-15,-0.012867030834262327,0.0031834863545006087,0.004120731780213882,-0.005684910847906566
2022-08-16,-0.001750096754401964,-0.0011542021653134782,0.001958561669544334,0.0005533879338517345
2022-08-17,-0.006468335614034371,-0.00673919630712938,-0.007097951688345594,-0.007004722981998612
2022-08-18,-0.0026164156896926194,0.0019387061665876448,0.0029064272586158957,-0.0038983231485286707
2022-08-19,-0.007320625681104476,-0.008610071652569107,-0.013437946500116205,-0.013417745858567032
2022-08-22,-0.006637179344595956,-0.0043910969346113715,-0.02082263724322897,-0.014355948019982856
2022-08-23,0.0069908740848763085,-0.00245009589509404,-0.0024190691720286095,0.002683164765478585
2022-08-24,0.0029489200401788818,-0.0033404758631071507,0.0032010800600272837,0.0019112291680183358
2022-08-25,0.003062787136294043,0.006407539931623241,0.014117635705384046,0.013162999795351515
2022-08-26,-0.012152705301765265,-0.0011753411107555678,-0.03384915341814876,-0.022782920107373705
2022-08-29,0.0006182375550920494,-0.005688214014394122,-0.006612095807118079,-0.002890293033625868
2022-08-30,-0.008340578885610683,-0.0002958639783883221,-0.010977942246522931,-0.008888724406366788
2022-08-31,-0.007725314789180926,-0.00414340773977917,-0.007608962009519438,-0.003899556808909743
2022-09-01,-0.008790162100319021,-0.007949252862830103,0.003137797506642004,-0.01096104815397625
2022-09-02,0.008804709144487166,0.005601868010477684,-0.010544556127941584,-0.006134762982516584
2022-09-06,-0.0058394619355668365,-0.011142104534924369,-0.003773044739336151,-0.006371986005783592
2022-09-07,0.010168638866495439,0.006539554810233161,0.017965142911754883,0.008617141027518427
2022-09-08,-0.006002292729855863,-0.0036982164071921453,0.006536219611281036,0.0003973252026221452
2022-09-09,0.005283756568463582,0.00010051432014135386,0.015535157681034306,0.021648535980659078
2022-09-12,0.005068186218703863,-0.0024079900940803256,0.010747631768706745,0.01321922800459796
2022-09-13,-0.01301133993119441,-0.005630773706606806,-0.04348260688674177,-0.03357651245551596
2022-09-14,-0.003847613448870524,0.0005057929428657904,0.0038159767840801884,0.004963306998752692
2022-09-15,-0.018679143196684067,-0.0034367014223523062,-0.011353419430593648,-0.009877332853411858
2022-09-16,0.005549107201315628,0.0008116843635612714,-0.007628771153287639,-0.0075818419979103435
2022-09-19,0.0007700871329356929,-0.0028375308365312657,0.007755024516774567,0.004852381928610594
2022-09-20,-0.005706587274526553,-0.00619934497286434,-0.011478408369622217,-0.014084423171158322
2022-09-21,0.004642973675810236,0.003988153867746869,-0.017443958545138027,-0.014285715536214605
2022-09-22,-0.0005776772692025478,-0.015074356612071571,-0.008399868042125558,-0.0031056410828397274
2022-09-23,-0.01727683040546535,0.0012410881609945523,-0.016754839737265437,-0.030321864037277657
2022-09-26,-0.011633219026207842,-0.016628952398965113,-0.009892995798709614,-0.015420783672573934
2022-09-27,0.002049841746687875,-0.006826888819893462,-0.0025524388807851572,-0.004785689899871937
2022-09-28,0.02078665233491006,0.022525624651306586,0.019676596669826685,0.0192348114423333
2022-09-29,-0.00019392836526865853,-0.0046547181768490375,-0.020889167866860348,-0.015440626595348395
2022-09-30,6.462244018679009e-05,-0.0025971517226245355,-0.015463457870274366,-0.0030494447282537473
2022-10-03,0.024309785681440932,0.011868050648789374,0.026401126094728333,0.021192962424706696
2022-10-04,0.014328122056449066,0.0020629901947142315,0.030986678215641383,0.0355155139024641
2022-10-05,-0.005538266375543777,-0.009470630053849516,-0.002328368499773359,-0.008884437793205358
2022-10-06,-0.00112629171222689,-0.0055086140439946085,-0.010315733338412292,-0.013758577092345625
2022-10-07,-0.010962851258976669,-0.00491157205776338,-0.027893836116614334,-0.017332206949310702
2022-10-10,-0.015201476317757034,-0.00588124486395325,-0.007635397169242442,-0.007743745347737363
2022-10-11,-0.002058091550185215,0.002535510757670778,-0.0063330753033218334,-0.01322348675424423
2022-10-12,0.00534932850905423,0.003266514934225029,-0.003298302961687982,-0.001537691485887338
2022-10-13,-0.006923532232980256,-0.004201043501216306,0.02639101391946852,0.016061578980597346
2022-10-14,-0.012458897998479546,-0.005590262918601874,-0.02278854585450829,-0.015807682637416276
2022-10-17,0.0028762090057179446,0.0010610131484767304,0.02569667250575991,0.02574256042863099
2022-10-18,0.0021509701146735782,0.0025427551718211205,0.011749663680354017,0.005147886857445716
2022-10-19,-0.013398358104674823,-0.01046282548071853,-0.007086456899410121,-0.014297844966344897
2022-10-20,-0.0015822103586343728,-0.007476512679723046,-0.008385254835684308,0.001082472178134175
2022-10-21,0.017827646105301076,0.0022598027725053704,0.024301254266776207,0.017301012705781993
2022-10-24,-0.003243594030472474,-0.0012882574960150217,0.012236787303873786,-0.011054396724585414
2022-10-25,0.002277944142005106,0.012470310899822312,0.015968406433568783,0.01719678714489148
2022-10-26,0.006363608620383543,0.005096496325111222,-0.007534104799765129,0.01162294270342823
2022-10-27,-0.001548523944967184,0.007078063354486908,-0.005339901732513752,-0.007729281345195793
2022-10-28,-0.010210687443231947,-0.005140094342637069,0.02379075135163511,0.004842209649148499
2022-10-31,-0.008161399648159207,-0.004533747402014843,-0.007223432725760981,-0.008380371978306433
2022-11-01,0.010203429757038585,-0.00018067878253102965,-0.004375822090691428,0.010986482490474847
2022-11-02,-0.006972548399621914,-0.001698595272865533,-0.025096309877285505,-0.012539213614915057
2022-11-03,-0.003806036048150885,-0.004360339199885321,-0.010296768066299977,-0.0035976770872395702
2022-11-04,0.030696289684813083,-0.0021360088590519632,0.014393027797068525,0.03823269361031634
2022-11-07,-0.003962389674382338,-0.0035326514621293326,0.009565867528870342,0.002864245336157145
2022-11-08,0.023099074133724695,0.006660287552695543,0.005395321017212407,0.010811851816074247
2022-11-09,-0.0050172660211307285,0.0034146835563160227,-0.020602047774236576,-0.01614545836053949
2022-11-10,0.030444387121793204,0.02243978766112309,0.054953886651240236,0.04923105998384081
2022-11-11,0.006606324071935177,-0.002080200589545278,0.009678643118312902,0.019941121604339473
2022-11-14,0.002187655661719301,-0.002397185689698489,-0.008506626447184473,-0.009584101369227827
2022-11-15,0.0035168677995043307,0.007417801653289979,0.008528974624218977,0.010064095029190145
2022-11-16,-0.0022961020109516506,0.007363633358663302,-0.0076286698888281546,-0.007281147461830395
2022-11-17,-0.007267423593311895,-0.006794721725406516,-0.0030599097740118264,0.0007719926849036884
2022-11-18,-0.006893636502166456,-0.003524486684512329,0.004540354199351837,-0.0011570543961159085
2022-11-21,-0.005589952950737276,-0.0006243328464663467,-0.003636073652512617,-0.008303057327246233
2022-11-22,0.00117372396636517,0.005724833570696752,0.013457033317886724,0.011877022732099451
2022-11-23,0.006231840940288613,0.005382157349793859,0.0063016301400034,0.010198300143004158
2022-11-25,0.000858470616118101,-0.0003087866428231889,-0.00022372569572481904,0.0022857029878600166
2022-11-28,-0.007903495498554403,0.00041172345883833117,-0.015957092432458464,-0.011212363898687405
2022-11-29,0.004940425418036076,-0.004220305828253834,-0.0017174382788784914,0.007880022640597284
2022-11-30,0.012781920270785507,0.008993366491152566,0.03150070557446427,0.020213544729637878
2022-12-01,0.01838479961277617,0.010922399415365325,-0.0007358944326130157,0.005233645639057594
2022-12-02,-0.0034556830535615868,0.0020306964847143227,-0.001153805409222386,0.0009297023923506842
2022-12-05,-0.017158885635801036,-0.010134047353174802,-0.017989425994013764,-0.013747006193905675
2022-12-06,0.0027373742314797944,0.006142785082378088,-0.01441463951646238,-0.004520603104717358
2022-12-07,0.009039101712364994,0.008750365756029055,-0.0017011896522795,-0.0022704035629145247
2022-12-08,0.0008416965556858891,-0.005648081683043871,0.00783394726246911,0.007206337789925632
2022-12-09,0.003544160110315664,-0.007405480359664818,-0.007470181055943215,-0.0015063540731605762
2022-12-12,-0.008260534556326027,-0.0014309233383817954,0.014417232131443525,0.000754151533825631
2022-12-13,0.017081132038632596,0.009006579704833095,0.007569804300587624,0.011871360338132853
2022-12-14,-0.0024330212847030186,0.002738478189930227,-0.006393450834678127,-0.001303458450115258
2022-12-15,-0.01635930934057528,0.0019455663976697402,-0.02446179797803516,-0.023867250729418643
2022-12-16,0.008708721678036602,-0.002528560049888662,-0.011806117011975203,-0.005539848003626058
2022-12-19,-0.0028178306902848504,-0.008112903617722544,-0.008479682030660296,-0.0011860022241970691
2022-12-20,0.016594482836064905,-0.00725896716232477,0.0013684530995747846,0.0031147356941370052
2022-12-21,-0.0016560135809358112,0.001236238858416172,0.014952316787592235,0.009508930307836394
2022-12-22,-0.012085358459954287,-0.0003089227972389308,-0.014265978748989383,-0.0076893783730836995
2022-12-23,0.002998321039039853,-0.004527135309946528,0.005752208791338642,0.0023249844422315036
2022-12-27,0.008430011409881644,-0.008371959701796605,-0.003943345847684299,0.005411397225629999
2022-12-28,-0.004505807286929064,-0.002397512451223216,-0.01242808019604158,-0.01191846316697509
2022-12-29,0.005598251568726287,0.004910936683197642,0.018000272674914664,0.016342488218768825
2022-12-30,0.0046786689817972515,-0.004158982626311647,-0.002634253232740913,-0.009954061112064205
2023-01-03,0.008370656531798915,0.007830513244336368,-0.004209596705429974,0.0067671296938836
2023-01-04,0.0094119059589024,0.007665813027822654,0.007720285599779109,0.017092392996053585
2023-01-05,-0.012451461859522062,-0.0014393279899004296,-0.01141344936735178,-0.008685776008641177
2023-01-06,0.01870749684189077,0.012869583741441204,0.022932029615311933,0.023428586971444787
2023-01-09,0.0022451175785793698,0.0025409837939414093,-0.0005669681587425757,0.005397254219766889
2023-01-10,0.0036760446135073455,-0.006286148643582012,0.0070131139066722525,0.004072666984249018
2023-01-11,-0.000686793935011365,0.006427852627688191,0.012647672210225558,0.006084065222416557
2023-01-12,0.011568000967502767,0.008921349150168956,0.003640823803058746,0.012094546435484244
2023-01-13,0.012001783992939385,-0.005325451501702716,0.003879512872373647,0.005612877194546506
2023-01-17,-0.00654507834469964,-0.0031316873754934083,-0.0018319870676481997,0.000720295808803062
2023-01-18,-0.0028717524486322477,0.013579003128814993,-0.015787904410342835,-0.005397758374988015
2023-01-19,0.015868520044824974,-0.0018992038219314278,-0.007279971388174933,0.0019899958269953277
2023-01-20,-0.003335405556458948,-0.006611251579182742,0.018629117499697534,0.009929529533113435
2023-01-23,0.0018964337632443318,-0.0032271849026571653,0.011998495622915772,0.0048267194828350846
2023-01-24,0.003618515163479552,0.005766536690538171,-0.0010732410541470783,0.00017790867299494195
2023-01-25,0.004603959599926544,0.001106550031409359,0.00037498524622070484,0.00409102088072788
2023-01-26,-0.009055266877154966,-0.003616951637297028,0.010990155982264493,0.003543045867956618
2023-01-27,-0.0013929904624704337,-0.0015126720520536319,0.002297716532322358,-0.0022949238582097298
2023-01-30,-0.002566715270248765,-0.003130563890243687,-0.01254667268776466,-0.010438816079001989
2023-01-31,0.0036362115419990015,0.0050654162806824665,0.014703242615294654,0.005006381848895902
2023-02-01,0.012596814339808304,0.007191929344798176,0.010627651995806842,0.009428933513644377
2023-02-02,-0.02075193653580043,-0.0004013299986123098,0.01455721575476554,-0.0024675306247577966
2023-02-03,-0.024957770292002968,-0.010735384350246457,-0.010629123224835668,-0.01183744970622358
2023-02-06,0.0020754098721176284,-0.008620682108385957,-0.006111294807802703,-0.01037013511397289
2023-02-07,0.000920425708082595,-0.00245502679142251,0.013078453823804015,0.006865419165848374
2023-02-08,0.002471594120761589,0.0036919572569660275,-0.01093472664336459,-0.004485949388205013
2023-02-09,-0.007912418174625069,-0.004496215303271822,-0.008669124403046569,0.0018025724521317787
2023-02-10,0.0019071943211166342,-0.0048236779891286385,0.0023336657509502867,-0.004678057258323043
2023-02-13,-0.005076170279846859,0.002372029265918174,0.011738934482071972,0.008496157392045234
2023-02-14,0.0007537389032514774,-0.00452705294475142,-0.0004601509437346385,0.0001791720640447192
2023-02-15,-0.00996466725346834,-0.0029975010416044556,0.003247290147818882,-0.0050178175542587855
2023-02-16,-0.0008192368783922488,-0.0033178309723641553,-0.013768801868919378,-0.003962786351230263
2023-02-17,0.002986790669610162,0.002808853837696912,-0.002498216899446848,-0.0009041050229972036
2023-02-21,-0.003737004613899475,-0.010891122793949104,-0.020060866592698012,-0.011764538055857865
2023-02-22,-0.005626488586046308,0.0017826441390074166,-0.0013781568733265415,-0.0056777181904129614
2023-02-23,-0.0005304511136865475,0.0038736540563359956,0.00531946883952461,0.005157459072161474
2023-02-24,-0.00719467575637045,-0.006048496521079416,-0.010682376190238707,-0.016492598616840937
2023-02-27,0.003920334893926292,0.0030427422840479945,0.0034057003389516005,0.0096889214946132
2023-02-28,0.00455596886271592,0.0015688027011899752,-0.0036957834798574396,-0.0070124589827567085
2023-03-01,0.005772150633673867,-0.007995058940540423,-0.0038360261710301824,0.010221008288548994
2023-03-02,-0.0005855636445488699,-0.004113661805969504,0.007777355364443572,0.002207716484366129
2023-03-03,0.010723085619275707,0.00805008536490126,0.016037753332985183,0.012665122600502343
2023-03-06,-0.005043830646819902,-0.0017865293802078464,0.0006926625151135735,-0.0021752259271016205
2023-03-07,-0.017480480627863337,0.00010536338625954933,-0.01532855654422316,-0.017075273048266393
2023-03-08,-0.00047445044105887124,-0.0003158755287220316,0.0016319822032602183,0.0046200978367210155
2023-03-09,0.009849316056938173,0.0062122166186884265,-0.018449874810535727,-0.011589225358260902
2023-03-10,0.021562856843419187,0.018415412656559438,-0.01442945232930426,-0.008561300558692309
2023-03-13,0.022948211912439564,0.012124007222948485,-0.0014250598482130616,-0.004693030033467216
2023-03-14,-0.005791064746217711,-0.00944082079220876,0.01652996875732704,0.00886463847774821
2023-03-15,0.007804133170404848,0.014449579895358555,-0.006254309492505827,-0.02598633054719557
2023-03-16,0.002020092008242713,-0.00899066595566056,0.017545033361856754,0.014395425241932047
2023-03-17,0.02912021467748982,0.011824862153328564,-0.011692763119198202,-0.009839090508712456
2023-03-20,0.0003808677357699519,-0.004030271862191959,0.00961585261111475,0.012277345576669596
2023-03-21,-0.018875115806276432,-0.008698915524044892,0.013130339721821205,0.011920780373396278
2023-03-22,0.01702060989813825,0.013163403423239073,-0.01704642638925047,-0.0026179783923108157
2023-03-23,0.012538176085624908,0.005740671560537924,0.00270332947633789,0.003937116775081684
2023-03-24,-0.011252350246951037,0.000300447799200354,0.006562234931536404,-0.0026143984862446734
2023-03-27,-0.009256722051406152,-0.012313366325235275,0.0018697592531311535,0.005242423810677188
2023-03-28,0.008189093257242153,-0.0006084660865939284,-0.0022446078010766035,0.004097672964279875
2023-03-29,-0.00496077000653139,-0.0017242069181094832,0.014534807321999521,0.009460214300093028
2023-03-30,0.009039576549164652,0.0015243264757602848,0.005855336362785124,0.01102530676282365
2023-03-31,-0.005212246135594234,0.005477318276730037,0.014094558134893687,0.0034532276367935655
2023-04-03,0.007204410308019105,0.00471061122448857,0.0038104826950544624,0.007245184381282188
2023-04-04,0.018640958960437715,0.006439759359729624,-0.005547954940158029,-0.0005396056317555908
2023-04-05,-0.0007979247786651378,0.004198723537853111,-0.0026182146923600103,-0.007016835003517574
2023-04-06,-0.007134091065472581,0.00029843477933422236,0.003900618435818126,0.00344282056818912
2023-04-10,-0.007399886547073353,-0.009852767616644442,0.0010264366091476962,0.0007221568090989283
2023-04-11,0.006320556237305208,-0.0004018967174690413,0.0002684938426886774,0.0045109857970504486
2023-04-12,0.004885138866613126,0.0029159816576351805,-0.004075758417610542,0.002694512851866504
2023-04-13,0.013515672558895409,-0.0033089099137660893,0.013282697702353241,0.013077824629034618
2023-04-14,-0.017710313033589165,-0.0049290355007995945,-0.002442945582270206,-0.004067312276299084
2023-04-17,-0.0044537552497120325,-0.006368673357887378,0.003588482629638179,0.0
2023-04-18,0.003880780603893852,0.0016280882750268066,0.0006520386943371648,0.0031959927923708165
2023-04-19,-0.004778520212877502,-0.002133141454226495,-0.00016902504710170074,-0.0060175514786406925
2023-04-20,0.00393825919904689,0.00580184501454295,-0.005457007905982247,-0.00017818226984789298
2023-04-21,-0.00988766926809792,-0.0024284975733295244,0.0007769577115002146,0.00017821402442730339
2023-04-24,0.003039335460481629,0.0048696040177176325,0.00104323843424603,0.0014244042712556748
2023-04-25,0.005086318131183543,0.009894069729262212,-0.015873908717415786,-0.01582506657108973
2023-04-26,-0.0054373863086726315,-0.003899121657700788,-0.004235687700674062,0.0012646886970071325
2023-04-27,5.410039265330013e-05,-0.006523427419309558,0.01990807568635411,0.01281124543332779
2023-04-28,0.0002706525128974846,0.007475639773481424,0.008535243352076005,0.002137974604603521
2023-05-01,-0.004491351825477108,-0.011770051473448118,-0.001009727060280019,-0.001955666547767909
2023-05-02,0.019296640909943763,0.013018923142479544,-0.011239125031832109,-0.010509422213339614
2023-05-03,0.008479075840785555,0.0065262500932123935,-0.006864130899539633,0.0012601353835026696
2023-05-04,0.00703295344911492,-0.0001998452397095063,-0.007082928354303686,0.0017979060558741544
2023-05-05,-0.015647950479605433,-0.005387487615204578,0.018512606346502203,0.014357510999562173
2023-05-08,0.0012269055761324754,-0.006119111160970747,0.0002663746228894759,0.0007078155084074833
2023-05-09,0.007086162362163639,-0.0012109807126002847,-0.004385190526151939,-0.004597060745363257
2023-05-10,-0.001428442843921074,0.0074777508248380364,0.0046722912324459465,-0.0007104312650429989
2023-05-11,-0.008582755587748347,0.0037112535809944447,-0.0017439512922760025,-0.004265918594220097
2023-05-12,-0.0017100802429794726,-0.005996028815768439,-0.001310190618347029,-0.004462595818952031
2023-05-15,0.0021412620336231925,-0.002211828943617822,0.003450067758428599,0.010579296474245048
2023-05-16,-0.0124993937971285,-0.0032238660797665464,-0.006682645729398584,-0.009403996966873662
2023-05-17,-0.0034618889303412725,-0.003234899849009154,0.012138858327776614,0.005194421664550308
2023-05-18,-0.012972911279784505,-0.006185956326669961,0.009633195523003346,-0.0032076083445425896
2023-05-19,0.0098988291245512,-0.0037755455581067743,-0.0014549266985116605,0.003396586545393987
2023-05-22,-0.002341497915543389,-0.0018436250691897804,0.00040603477346823347,0.00302860906171043
2023-05-23,0.001200731149241463,0.0016419709495145707,-0.011222767954280233,-0.014564854655194526
2023-05-24,-0.008068450017086337,-0.0025611487554806356,-0.007245074299270016,-0.011896094114749678
2023-05-25,-0.009618027091793824,-0.006265464137295784,0.008660256943720412,-0.002553831468253387
2023-05-26,0.003995567330169925,0.0018603936230170426,0.01295050713886603,0.011704361822155507
2023-05-30,0.006190554546333882,0.007840782634262577,0.00038091226822878355,-0.009399828145027045
2023-05-31,0.0015382006614657051,0.003787613748907015,-0.005545187619041769,-0.009489023333627222
2023-06-01,0.00789813034647624,0.002780116868636995,0.009501039442507908,0.015659549279758878
2023-06-02,-0.014747450675273721,-0.007950910729503713,0.014461214117278187,0.014692523528604395
2023-06-05,0.006020416015011243,-0.000308414095684717,-0.001916283858174661,-0.004469053608087248
2023-06-06,0.0010980396887689814,0.000616666710638869,0.002177461877481246,0.008439780450472334
2023-06-07,-0.012010543410059138,-0.007293311496699428,-0.0034577989932048636,-0.007478687006695961
2023-06-08,0.013211240429905624,0.006726080227785536,0.006048701934462164,0.008790727384453634
2023-06-09,-0.0026845203333208945,-0.003597369052864341,0.0017941131601959537,0.0007113908088789422
2023-06-12,-0.0008788640365902101,0.001650322752044353,0.00907187222610184,0.003554425458792032
2023-06-13,-0.007367558613950331,-0.007106160996203648,0.006593033199851384,0.009385304621126744
2023-06-14,0.0005539277015322863,0.0013486028258180571,0.001190643487758214,0.004035128498872886
2023-06-15,0.007030581691497284,0.0077687497662444205,0.012397798939964177,0.00926089329684232
2023-06-16,-0.0015392159510752013,-0.004316930807919617,-0.003406109791601275,-0.002423840708666747
2023-06-20,-0.010350739592973501,0.002993713942657017,-0.00518843654775647,-0.014595988788435155
2023-06-21,-0.0014464228474878604,0.0009261495874683945,-0.005123548149295609,0.0008901340092841714
2023-06-22,-0.009916979914319946,-0.005655221027659918,0.0036097097061593697,-0.005336203034000286
2023-06-23,0.0027572461643308177,0.004136223289342933,-0.007559998055156614,-0.01555794966413715
2023-06-26,0.0017396047357047806,0.0024718460941843823,-0.004085814610613303,0.0025433110054478014
2023-06-27,-0.004593535884055422,-0.003492854446232263,0.010963382020643841,0.008515986371875561
2023-06-28,-0.002307409851291853,0.00402040484018662,0.0005043830487496681,-0.0010780231968471332
2023-06-29,-0.001071764681377263,-0.010267606483884917,0.0039412780350402965,-0.0017985941614554468
2023-06-30,0.006663323502016594,0.0021783964779231724,0.011800770150806938,0.010450356248786319
2023-07-03,0.0011218766110339118,-0.0043376683444983355,0.0011505137043690272,0.0041014118757636275
2023-07-05,-0.00353003237800964,-0.004794419525185667,-0.001487310819695442,-0.009589768655567377
2023-07-06,-0.002980200124891419,-0.008168012672227665,-0.007830574453721262,-0.01793074124179228
2023-07-07,0.007500997402107412,-0.0012670421860430103,-0.0025248082239451852,0.009676755513116309
2023-07-10,0.0007836956455820054,0.005180266637501818,0.0025311990160372666,0.0016274482814950808
2023-07-11,0.0037476125602418087,0.002103459392173823,0.00636847084218628,0.009749201509899663
2023-07-12,0.013541420874312982,0.00976098972470818,0.008045899082185892,0.01859468258031116
2023-07-13,0.0007146999149643118,0.00831510250620604,0.007936935756444496,0.014217894664512398
2023-07-14,-0.0031866482531699436,-0.0049483589819754314,-0.000622674790211053,-0.005538118646548407
2023-07-17,0.0007165567329587841,0.0016578619920304405,0.0034720043386657906,0.0005220172341384721
2023-07-18,0.011456278139590825,0.001137369500223917,0.007430718319868079,0.0029570392709772353
2023-07-19,0.00016335645500209495,0.00340911385524989,0.0022238553153566265,-0.000520351668947816
2023-07-20,-0.005063389149303599,-0.007927367948455055,-0.006634563319860676,-0.00572605005524085
2023-07-21,-0.0030645332195952113,0.0008301717654790597,0.0,0.0015706435989322198
2023-07-24,-0.00428147332668416,-0.002384631302173479,0.004467341192920804,0.0020909073949271217
2023-07-25,0.005567859975791123,-0.0018710644103054896,0.002729926742583544,0.003825477253812881
2023-07-26,0.0048791150253855164,0.003436359529904731,0.0001538501878926013,0.0032910331589630637
2023-07-27,-0.01571197400361901,-0.01089675735191864,-0.006629978716723772,-0.006387972095594496
2023-07-28,0.007981390400291666,0.0032524900561641257,0.009790194222449644,0.012337025705915883
2023-07-31,0.0026944104889450315,0.0012550734066192337,0.0019040725939374337,0.0
2023-08-01,-0.010364679607279714,-0.005843129535245684,-0.0028616484717138846,-0.011843397694506486
2023-08-02,-0.004765602229612864,-0.0020013358380895907,-0.013910665132410127,-0.019454627650621226
2023-08-03,-0.0003341470787491252,-0.007387721964805527,-0.0028658701146622167,-0.0012400063063474631
2023-08-04,0.003620414278603157,0.010632761325083395,-0.00452260387990322,0.0026603069927360057
2023-08-07,-0.0022753962847783527,-0.0024200163848464573,0.008728348127770458,0.0054839820375451875
2023-08-08,-0.006341080194621318,0.005062424143327471,-0.004348726313410212,-0.008268777845658826
2023-08-09,-0.00475820704444585,0.0006293922893592097,-0.006685100387684106,0.000886975768014997
2023-08-10,-0.0010686044760203073,-0.00765536389740995,0.00035873355967375176,0.0026585692175711273
2023-08-11,0.0,-0.005283482441490017,-0.0005830171446253862,-0.007778087629019992
2023-08-14,-0.003040588549344525,-0.0015933552311138133,0.005520036654766303,-0.004453618792524816
2023-08-15,-0.002654474343068869,-0.0019155125259788797,-0.011648973489393866,-0.012347970515276141
2023-08-16,-0.005776029417432049,-0.0038378329069528316,-0.007338087446811636,-0.007791386031172465
2023-08-17,-0.0015378724223797935,-0.0012845706733918272,-0.007619873679635569,-0.004382658377415916
2023-08-18,0.00017112823031739666,0.0030006089897840482,0.00048122845979881035,-0.0016508081941147834
2023-08-21,0.002737670236275802,-0.006196569223872905,0.006506376911215472,0.0029394862768266083
2023-08-22,0.0016495566176504273,0.0004300015898526244,-0.002708486789015918,-0.0018317943885495236
2023-08-23,0.01016464068195777,0.010853468071466699,0.011137521261689542,0.01192866761609701
2023-08-24,-0.00022482031744353037,-0.0037207424831680047,-0.01385893104139857,-0.011062718470372546
2023-08-25,-0.0012932863561120334,-0.0003202286387057329,0.007049798194985968,0.0053182024704205855
2023-08-28,0.0028713533365909427,0.0027752042736273186,0.006341375928172299,0.009303261294885568
2023-08-29,0.009768091768254772,0.007131455524145736,0.01445475939832308,0.012832023428473116
2023-08-30,0.0025018747942815445,-0.00010581755398042514,0.004118729368357776,-0.0003568795739654629
2023-08-31,-0.0016637258183913595,0.002008136575244679,-0.0014632203039603997,-0.005712261032277288
2023-09-01,0.0004999240959600026,-0.006112384568220497,0.0018652395054603588,0.004129392435093582
2023-09-05,-0.008161685723844458,-0.00606512527664449,-0.004322054074084147,-0.008582253223579306
2023-09-06,-0.004534245193468567,-0.0025694063364022357,-0.006722513446366651,-0.003426354570828516
2023-09-07,0.0010684498647577367,0.0034345483424460532,-0.003070089503753981,-0.00560993895547246
2023-09-08,0.0003370270596214642,0.00021391885998589544,0.0015060548746581581,-0.0005460141348705427
2023-09-11,0.001853109993606994,-0.0017109848679554007,0.006576646403065656,0.011289187674387469
2023-09-12,-0.005156651253074851,0.0013928762535295736,-0.005485640985070206,-0.004141137533447137
2023-09-13,-0.0023100098564432514,0.0011765429441807917,0.0011660380842797302,-0.0021695385654912913
2023-09-14,0.0005082241752882855,-0.002243974569861029,0.008622264479344999,0.011052693797627189
2023-09-15,0.006603816566220333,-0.0031056137863824107,-0.012048177517261727,-0.0023298441758842214
2023-09-18,0.005887647601878543,0.0009669080972052324,0.000586574276649765,-0.00352144604514959
2023-09-19,-0.0009476457412548323,-0.003649083550424592,-0.002074112928938443,-0.0007248870732995405
2023-09-20,0.0007253927124595272,-0.0007539123725508468,-0.009193264252657651,-0.003083023753406411
2023-09-21,-0.007248413758109917,-0.0074379834682388735,-0.016528288661974977,-0.016554464563024784
2023-09-22,0.0032013033173832195,0.003909872071907516,-0.0022486477088833334,0.003884443687224959
2023-09-25,-0.005150588926742139,-0.007355856628869839,0.004205209778298968,-0.0035009304820270426
2023-09-26,-0.007990985893820302,-0.00032688164718730484,-0.014691252771662389,-0.014053227923867317
2023-09-27,-0.012366647894697436,-0.004469707363778053,0.0003991290167313366,-0.0003750478855085726
2023-09-28,-0.004997187509914736,0.002737572631043683,0.005797471679999111,0.006191353366234775
2023-09-29,-0.01027534966921384,0.0002182187120922663,-0.002426795952388705,-0.0020511113172754225
2023-10-02,-0.010498705650611395,-0.008111551543317108,-0.0003978565955881086,-0.012892470532306577
2023-10-03,-0.0028882419805683623,-0.008277067750246392,-0.013386244402453062,-0.012303646760676967
2023-10-04,-0.00011825651470720455,0.006343243205539695,0.007282062969902192,-0.0005747430677646159
2023-10-05,-0.0018327868021307259,0.001879850660991833,-0.00037663825935596584,0.006903036881529712
2023-10-06,0.005153083621109555,-0.005850071752777741,0.01187277664751174,0.01237870496411042
2023-10-09,0.01838544744893622,0.01276787624454867,0.00640212430684195,-0.002069402131850473
2023-10-10,-0.0016780958953311886,-0.0019732308774836893,0.005204912819663621,0.013572246698315249
2023-10-11,0.007303045938392039,0.005492075282674813,0.0040962567303299835,0.004091464419005986
2023-10-12,-0.0030496507265770356,-0.009613296485833311,-0.006096457711300296,-0.009631390889440983
2023-10-13,0.03214825984540237,0.0063977012447853365,-0.004980875429855147,-0.007106775205053872
2023-10-16,-0.004864928190345896,-0.005918672559717231,0.010521422987217477,0.007534394008718026
2023-10-17,0.001854273768354009,-0.00981243067263815,-4.589631226747937e-05,-0.0007478673608705133
2023-10-18,0.014470816805260078,-0.004676710194488787,-0.013324948063839659,-0.017025159556388836
2023-10-19,0.012274016037125302,-0.004921926108191421,-0.008786523905952914,-0.006852112924189191
2023-10-20,0.0027308974274993236,0.00584593960871671,-0.01228797848238039,-0.010540384450413609
2023-10-23,-0.0033770637265356784,0.004693913873278888,-0.0017332295409103748,-0.0003873243181657937
2023-10-24,-0.0001093308866343401,0.0017801444355598495,0.007539467208081074,0.007169042093486899
2023-10-25,0.004208823642007475,-0.008772786265436872,-0.014352340011053122,-0.0094265509503062
2023-10-26,0.0015784524505007003,0.007618345595652221,-0.01197454003188092,-0.005632159168324602
2023-10-27,0.011629799758343662,0.001556335952339838,-0.004532738343679399,-0.00273436541483163
2023-10-30,-0.00564054701797434,-0.0033304008930465923,0.01195579639643607,0.012338422749060163
2023-10-31,-0.005456562573315948,-0.002116204545495326,0.0062803953032879445,0.0005801913078022913
2023-11-01,-0.003150642851826202,0.01151769191221197,0.010664540752977514,0.009860830806807552
2023-11-02,0.0033240729584831374,0.006196822871155305,0.0191643412765532,0.020294918006868112
2023-11-03,0.003638921283475316,0.007698416332948765,0.00912352756858259,0.013511120923029418
2023-11-06,-0.007792560392528847,-0.005784366024726428,0.002300344637781837,-0.001110923428237487
2023-11-07,-0.0041451308444239165,0.005707963974081132,0.0028459735798713748,-0.006116835679151
2023-11-08,-0.00996764391222027,0.004038344171947594,0.0007324840304177016,-0.002983906456472174
2023-11-09,0.003982968433291267,-0.009892088973249447,-0.007798612756973133,-0.0020577114805717667
2023-11-10,-0.010909752197912126,0.0010976444509278593,0.015604641193150304,0.005248419770027768
2023-11-13,0.005570720464602941,-0.0005484983826199441,-0.0009530377963341552,0.0020511113172754225
2023-11-14,0.008919177105678688,0.015033266271239354,0.019400626164377544,0.025306955648672913
2023-11-15,-0.002635601473798599,-0.007783347943604357,0.002117086057831896,0.00163330729816491
2023-11-16,0.011286077178189302,0.007517787424823785,0.001223162206681394,-0.004348459258926463
2023-11-17,-0.00010890234740634774,0.0006489976708246026,0.0012438226896787086,0.01037297042308527
2023-11-20,-0.0016333808174913145,0.0014048692640895588,0.0076974150600361835,0.00576373324349766
2023-11-21,0.01079790063288577,0.001295242561037968,-0.0021793550184820987,-0.004477162937709056
2023-11-22,-0.004262252597287075,-0.0003233690098326525,0.00386090356884794,0.0008994446477468276
2023-11-24,0.005201596914642392,-0.005175395642741276,0.0006153298435043197,0.005391893012401283
2023-11-27,0.006737817869841178,0.007586433983313601,-0.0018009688501093857,-0.003038933208317496
2023-11-28,0.013331852960406732,0.004410345669382032,0.0009900731535916751,0.0034068429265790012
2023-11-29,0.0014794398574642376,0.005247304233744421,-0.0007034327420673003,-0.00035742874916588896
2023-11-30,-0.004167950375202456,-0.004900479619112108,0.00393763579236639,0.0007149643663069138
2023-12-01,0.017271494075951965,0.009435351902139733,0.005915793706414485,0.009110509036641012
2023-12-04,-0.02161342646325959,-0.004147345145506409,-0.005249414753063175,-0.008851072090332202
2023-12-05,-0.0037794459254785195,0.007047322530167266,-0.00019712552008965822,-0.003214837767641865
2023-12-06,0.0036868953454944897,0.004135473236928311,-0.004029702690346748,0.0010751681478304853
2023-12-07,0.0016503277504122948,-0.001477899425804008,0.007630356698994145,0.005011541325390834
2023-12-08,-0.01334039111485108,-0.006451215174106184,0.0042992476402736735,-0.00017833189662674886
2023-12-11,-0.011042895165362276,0.00010625323130875053,0.003889599226620799,0.002137622677844675
2023-12-12,-0.0005446421195114404,0.002128425081095786,0.004567211839645147,0.0010664205809856053
2023-12-13,0.022562533466176538,0.014868494614238115,0.013789994469719069,0.014559725847671956
2023-12-14,0.005862552982469849,0.0083128814886122,0.0032094995658966674,0.010150649287866687
2023-12-15,-0.009166511771857233,-0.0008330988084562785,-0.0016466623572436445,-0.00900905900602833
2023-12-18,0.004545487184575592,-0.002187690587295399,0.0056251551127679544,0.0018986591928566998
2023-12-19,0.00681394057869511,0.0018792495769714979,0.0060808794940740984,0.009033008515144214
2023-12-20,-0.005445982936102989,0.004898065789181061,-0.013857196419393314,-0.012638265538609916
2023-12-21,0.007070635455129759,-0.001555630153024845,0.009481743848098745,0.017599967241234804
2023-12-22,0.004434417088942322,-0.0009345706340162518,0.0020097300784458483,0.00034934534086517033
2023-12-26,0.007620733251079592,0.0006237172342160591,0.004222468662692824,0.004889985700381461
2023-12-27,0.004537842226414179,0.0077922601507507405,0.0018081673087158023,0.006082844468250581
2023-12-28,-0.005815437657636813,-0.0038148740516608104,0.0003777782220157899,0.0005181696004006309
2023-12-29,-0.001566841018672216,-0.002483335920684837,-0.002895052070641224,0.0006905585733636421
2024-01-02,-0.002353909884146743,-0.0037348001710683087,-0.005596317714220755,-0.011387025283986163
2024-01-03,-0.008336809604204354,0.0023947685938956464,-0.008166614120016513,-0.006282703863680128
2024-01-04,0.0010046128932528209,-0.006025495096912192,-0.0032210750897244678,0.0005268148317485455
2024-01-05,0.00015845540955172766,-0.0036577018866305044,0.0013696012702300031,0.000702145846915192
2024-01-08,-0.007816271130823282,0.0033565899013137113,0.014275917445046193,0.008244137349761038
2024-01-09,0.0003193567900841021,-0.0004179835123067077,-0.0015171942610788802,-0.009742609493748278
2024-01-10,-0.00228804710551489,-0.0015690599406197325,0.005655532006318742,0.00439219486976028
2024-01-11,0.0019733072916665595,0.005342712452931719,-0.000440673039669659,0.0005247671453327829
2024-01-12,0.009794068475553752,0.0027091459823158637,0.0006927820714308641,0.0034966127280715575
2024-01-16,-0.009488181898979597,-0.00810574086818916,-0.0036711749975992802,-0.018118531136086635
2024-01-17,-0.01101595063528893,-0.0032477437693133604,-0.00555869468975001,-0.01100076203089273
2024-01-18,0.008232882099906247,-0.002207059429665814,0.008892677202201105,0.007534998733468523
2024-01-19,0.00298872590696031,0.00010537688427536551,0.01246628240222969,0.004985618800269709
2024-01-22,-0.003777957126316789,0.003054457565280888,0.002114386856159056,-0.0005314819741996102
2024-01-23,0.0038991332271092194,-0.0025201080331056502,0.0029163482692218246,0.0007092616478716618
2024-01-24,-0.008246890539639895,-0.00284258282444394,0.0010931980516954987,0.007085919634343796
2024-01-25,0.003969986681303217,0.004328701456068451,0.005438841931409755,0.002638316229984783
2024-01-26,-0.0006946931881827156,-0.0017871993195186509,-0.001270334286663788,0.0031579937363581667
2024-01-29,0.0070584854445867595,0.006002639870177129,0.007919372812505543,0.004721863279920635
2024-01-30,0.0013805262268788976,0.0013608559518412111,-0.0007735561048634043,-0.0031330433738562258
2024-01-31,-0.0007423479101065222,0.008363009102832608,-0.016317198593994164,-0.005238365001498546
2024-02-01,0.01040067256889099,0.0061937663536346665,0.013088049274004199,0.009303072765762588
2024-02-02,-0.009453300862028224,-0.013013883679766192,0.010527490138772189,-0.0069565255819480365
2024-02-05,-0.005513988032274764,-0.009732140579046478,-0.003641195932157837,-0.004378133621361635
2024-02-06,0.005224693124019186,0.005389313915228344,0.0029033178002926263,0.010553913757136435
2024-02-07,-0.0002651978305409086,-0.0017866028126642952,0.008340432139916976,0.0001741411953362082
2024-02-08,-0.0009018470501077624,-0.003264376565479954,0.0004416242430944628,-0.0026104505612847273
2024-02-09,-0.003876152075832917,-0.0017958392187068517,0.005779462124994028,0.004187666860899775
2024-02-12,-0.0026119694947860372,0.0009526053352459929,-0.000439080910819456,0.0029540454363239377
2024-02-13,-0.013788690196348319,-0.010995960750643463,-0.01377299033497259,-0.0176716424862714
2024-02-14,-0.0005961123453055439,0.003741542877887971,0.009087731073102123,0.012345848566833517
2024-02-15,0.0067238125229136525,0.002769170690892553,0.006899604104639856,0.009755901466059314
2024-02-16,0.0036625695484677756,-0.004354665734263463,-0.004979848955624533,0.0020705289433866625
2024-02-20,0.006064210073093879,0.0017067424146270938,-0.005505570144598959,0.0030990585190484587
2024-02-21,5.331256612173263e-05,-0.003194856820356806,0.0009060094322188572,0.0010298983573331366
2024-02-22,0.00042672195902415666,0.00010679179717265619,0.02069548839377333,0.010288106476378456
2024-02-23,0.005651511902278639,0.004593705076490373,0.0006896579493562704,0.0005091113117383639
2024-02-26,-0.0022266895335479875,-0.0014888915380246726,-0.0036625170438527865,-0.002205258163084367
2024-02-27,-0.0010626830578386315,-0.002236444388924008,0.0018576860509953441,0.001870240392886302
2024-02-28,0.00180849115899262,0.003629043112191477,-0.0013216408439921112,-0.007296950607825314
2024-02-29,0.005150266749304189,0.0020210127946389544,0.0035949680507312287,0.002222291814798938
2024-03-01,0.018910791174389097,0.004564940714639976,0.009388268828250945,0.011427464544018218
2024-03-04,0.016174996770490724,-0.002224473439190522,-0.001072337642729293,-0.0030351628261356955
2024-03-05,0.006020141664404566,0.006157578106223305,-0.009994191022214438,-0.003721291431421303
2024-03-06,0.008215401882095241,0.0024268835527960775,0.005067129266034254,0.012903140959054538
2024-03-07,0.005683843351386164,0.0016844931193074064,0.009926576159195344,0.009554095277154673
2024-03-08,0.008452547868211147,0.0007354519912308177,-0.00600220881382052,-0.002822397905231866
2024-03-11,0.00183502012710135,-0.001260274501510672,-0.0008599241494925414,-0.003330107178271202
2024-03-12,-0.01094062729637224,-0.00410013804776288,0.010757534578448524,0.00818574904882663
2024-03-13,0.00700740378557585,-0.0022171342989997234,-0.0015676509934012817,-0.0014914153464404833
2024-03-14,-0.004175139558116325,-0.007406781269046037,-0.001976821999681855,-0.00630593339662211
2024-03-15,-0.00319440663913817,-0.0017056829314656685,-0.0068665853834095625,-0.0011062772180265856
2024-03-18,0.0016022835845583838,-0.0011743706128409803,0.005943217072991391,0.00016780755016121418
2024-03-19,-0.0011498061737871268,0.0028863575229371996,0.005556966514959294,0.00033555879102364905
2024-03-20,0.011911859798154678,0.002345091333495253,0.009249525581987772,0.010734621762803487
2024-03-21,-0.0010386361790747367,0.00010628911634991134,0.003304550861324529,0.0001660095511732962
2024-03-22,-0.00802096899240623,0.0048915344206845734,-0.0018958134439868157,-0.003816095470676517
2024-03-25,0.0031944066391380588,-0.002645515512083696,-0.002762773618825154,-0.0008327490941600901
2024-03-26,0.003233961285236564,0.0014854609424139742,-0.0018469115905791478,0.0
2024-03-27,0.007240660177973313,0.0038140277889917584,0.008403683187674149,0.00550079280896143
2024-03-28,0.012900024807739996,-0.0009498620142419645,-0.00019103900658279382,-0.0003315534504371165
2024-04-01,0.010208079384865787,-0.009047982210716898,-0.001739751800762357,-0.0018242164942757766
2024-04-02,0.014772360490971526,-0.0021381306710439585,-0.006358075809655306,-0.004153572840566833
2024-04-03,0.008772374739768773,0.0011780854326199908,0.0010984748747053796,0.004337656548283775
2024-04-04,-0.005734705223284009,0.0034250542225942038,-0.012206150791687409,-0.006810598194783135
2024-04-05,0.017114197447370305,-0.006612824808263751,0.010446857867218995,0.003679622046727893
2024-04-08,0.00622848536623688,-0.0022547018728410473,0.0005594351144133647,0.004999128731443259
2024-04-09,0.005497054993034878,0.003981363578247521,0.0011567923030353366,0.0026529350899868742
2024-04-10,-0.009463856185613961,-0.013290325380779566,-0.010013225036973217,-0.014056540823672803
2024-04-11,0.019433247203493043,-0.0014118276565624477,0.007546985320680211,0.0035221854054727775
2024-04-12,-0.013239324939518515,0.004133524272196709,-0.013803088195717739,-0.01738245907373126
2024-04-15,0.01871915519396472,-0.00639157324354267,-0.01252810535274873,-0.004592527440288929
2024-04-16,0.0012220152803359419,-0.003925237974762852,-0.0018237875199006437,-0.011278290443905825
2024-04-17,-0.007368252752093185,0.006348687516564366,-0.005918361884868162,0.0006913704031226153
2024-04-18,0.0034154561341945833,-0.003480842362220349,-0.0020576433156114238,0.00017277607571797304
2024-04-19,0.003131535140574959,0.001309932194366592,-0.008728334684688588,-0.0003454219499396949
2024-04-22,-0.02470249054532203,0.00010889711202866081,0.009209133674185965,0.010364546432069188
2024-04-23,-0.002458663172418052,0.0013080760711075001,0.011866574121826012,0.009574091633745008
2024-04-24,-0.0018600907225296837,-0.0030476158344334703,-0.0004746523967652516,-0.0013546679065267186
2024-04-25,0.005963468053189924,-0.003821460895730322,-0.003798898367841641,-0.0018653595393960387
2024-04-26,0.003241927353549112,0.0027397207733133033,0.009473829803338774,0.008154868058390052
2024-04-29,-0.002031218037689575,0.004044392970848909,0.0035415508815985763,0.0062353818457481225
2024-04-30,-0.019937078844561418,-0.004681084348408859,-0.015841227166982663,-0.013565572484104171
2024-05-01,0.00906215232545482,0.003960015995351673,-0.0032470879194256286,-0.0008490748044747143
2024-05-02,-0.0030870874411647042,0.004698527918035378,0.009353387028529392,0.017162375419460307
2024-05-03,-0.0007976266365629092,0.005546237741231641,0.012395332543550186,0.008853957483869301
2024-05-06,0.010518361024399514,0.000865335129353717,0.010326856840222387,0.005464561418929259
2024-05-07,-0.004600326433150892,0.002593491601853959,0.0011033626837353427,-0.0006588058271869146
2024-05-08,-0.002941061869504713,-0.002802482344468671,9.660297516567162e-05,-0.0013183456968616225
2024-05-09,0.015778607960932778,0.003026664059145423,0.0057618048007284095,0.006105667388316416
2024-05-10,0.008112513438038427,-0.0032330049928733784,0.0012882893581527277,0.0013120079635287052
2024-05-13,-0.011202103844459854,0.0011892651442479973,0.00013418711641222103,0.0016380784347429511
2024-05-14,0.008462045119477013,0.0029158988429067723,0.004588282824879553,0.006214144256099896
2024-05-15,0.012838750510223873,0.00753625443914796,0.012383006461730295,0.010076433280791441
2024-05-16,-0.0038933433506626036,-0.0019230132451065751,-0.0020575211449046504,-0.0033790014036468863
2024-05-17,0.0164977725898805,-0.0031054124490981216,0.001437543393062457,0.0043591694011317905
2024-05-20,0.004023937591649318,-0.0015036531374762463,0.0011520539555727183,0.0
2024-05-21,-0.001469548604570936,0.002581764360232164,0.0024524666807941298,-0.002893324652002871
2024-05-22,-0.01837396956557802,-0.0012875134457633886,-0.0028793967009798083,-0.007577174819002885
2024-05-23,-0.019944570339717638,-0.0035447356779818584,-0.007303926289236817,-0.006660070116753403
2024-05-24,0.0009271136061119734,0.0012936697501590988,0.006616274435774727,0.008013070375797904
2024-05-28,0.010513172896031486,-0.005598748876936344,0.0006987515410241674,-0.0003245195699410619
2024-05-29,-0.009303812074716977,-0.004872654642001151,-0.007002512305683828,-0.016715367030579187
2024-05-30,0.0018967600627461945,0.005005158363662554,-0.006633519225726192,0.006271780854338882
2024-05-31,-0.00586417430627717,0.004655201146941623,0.009108152587867568,0.004920281000482696
2024-06-03,0.008917780500373507,0.006549710931844865,0.0008152403229582106,0.004243564911742048
2024-06-04,-0.008977059834655465,0.005476220100753437,0.0011178898116688263,-0.006500866899490032
2024-06-05,0.011845603201319,0.0036309885992265034,0.011884942623392236,0.008997173116647827
2024-06-06,0.007391356612921562,-0.00042568151566590995,-1.8523014669868942e-05,0.0032426280572623867
2024-06-07,-0.03568330143379639,-0.010538649429480462,-0.0012156246633115986,-0.011312218986020417
2024-06-10,0.009168181127878317,-0.0021516366508927964,0.0030896534756781335,0.0026151426261840083
2024-06-11,0.0028566106093961263,0.005282903416134133,0.0024084559716648357,-0.008966238265748494
2024-06-12,0.0026617200115086614,0.005577246921894208,0.008212991690934146,0.010527881162743835
2024-06-13,-0.008150148984962247,0.0066123077741238045,0.002013625404539976,-0.010418199595472966
2024-06-14,0.012959545903254766,0.0023311506421963557,0.0006080388701155126,-0.005593299995949708
2024-06-17,-0.005191652247571676,-0.0046508451485439695,0.007959175518984507,0.003474162763519084
2024-06-18,0.004007271832187298,0.004353705927897744,0.002540605288468889,0.004615798222850742
2024-06-20,0.012484347826456466,-0.0025373672898489907,-0.002716558424119553,-0.000656293499545213
2024-06-21,-0.015493238109986152,0.00021169978950319468,-0.0013407223559952497,-0.005892551959680636
2024-06-24,0.003957566385821121,0.0008482000986729243,-0.0032505104166534737,0.007326005596665519
2024-06-25,-0.004962237629221655,0.0008469549880614213,0.003850638643770221,0.0
2024-06-26,-0.009228168111804491,-0.006031025113890753,0.001248041871271477,-0.005950454435711183
2024-06-27,0.011336925587312363,0.002235559261453357,0.001576691085945603,0.001829081999666915
2024-06-28,9.297647872519299e-05,-0.005310795180027528,-0.003935065191992049,0.0008299074327811073
2024-07-01,0.002604589701363791,-0.007444014452356762,0.0020581385390028295,0.001160799479144936
2024-07-02,-4.643394389247657e-05,0.0037766091533428803,0.006729432387455603,0.0038098920178331053
2024-07-03,0.011273000380832565,0.006665581287832234,0.004462976448854183,0.011881136761946687
2024-07-05,0.013486798057397165,0.005553100620804052,0.0057662564437581665,0.005055588551772683
2024-07-08,-0.012402074526820739,0.0003186896575735343,0.0011538715866978855,-0.002920806952202759
2024-07-09,0.0016957473442755777,-0.0013802563205420615,0.0009723972844888351,-0.0017900234881668142
2024-07-10,0.0036603361122538036,0.0009569098238908502,0.009895395166073184,0.01173793605602369
2024-07-11,0.017733403441032136,0.006372803151941886,-0.008622454289494041,0.004672802340089044
2024-07-12,-0.0006270969301161999,0.0021107868528831286,0.006307513337699522,0.008660846122781729
2024-07-15,0.0032271131671974818,-0.0031594242575669895,0.002750176035142937,-0.008268490792066041
2024-07-16,0.019925798233449088,0.004437335138674392,0.005930002933012046,0.0056116934168968235
2024-07-17,-0.004643206403117217,0.0008413859390485889,-0.014021015983044616,-0.00765294227135882
2024-07-18,-0.006381186355259194,-0.0028375831848310717,-0.007684977726880926,-0.009640147080204886
2024-07-19,-0.017937829186174925,-0.0031621032891078205,-0.006640754083967693,-0.006651662054639962
2024-07-22,0.00031573231212611574,-0.0009514742874943138,0.01030996941834772,0.00914594452985873
2024-07-23,0.003516676143213937,0.000740895713029488,-0.0015685071166898767,-0.00598808361985137
2024-07-24,-0.0035043524704835294,-0.002220692276147629,-0.022662421599522586,-0.01253648241160954
2024-07-25,-0.01564473026582147,0.00222563472599302,-0.0052104238954299165,-0.004946469901416561
2024-07-26,0.010534525866662925,0.0047590754095749865,0.01119966931668226,0.012593233367135026
2024-07-29,-0.0014050562105476505,0.0016837474954114473,0.0005879167331797053,-0.004254733015967238
2024-07-30,0.009985461488319247,0.0021015587073778264,-0.0050666697863112065,0.0004930079542966315
2024-07-31,0.018110725786084414,0.0073399000959004645,0.016254617127424487,0.016425788896432536
2024-08-01,-0.003442943141866439,0.004270409226277527,-0.014160871465467961,-0.02262432242472623
2024-08-02,-0.0019046282784819235,0.015489992195263813,-0.018618256361918384,-0.017030446602409932
2024-08-05,-0.012691935106198704,0.001023774717307191,-0.029123806647390005,-0.02388567591910662
2024-08-06,-0.008000713832612472,-0.008897318208829774,0.009219486490398277,0.003101795517711503
2024-08-07,-0.0006796279952806517,-0.0036118935167204214,-0.006683984946629917,0.005669180085748904
2024-08-08,0.015688013635013043,-0.0030035286431234764,0.023117240661508554,0.018619756708506907
2024-08-09,0.0024552612171107047,0.004051261014210938,0.004409693130006165,0.003353873533045393
2024-08-12,0.017144665770273848,0.0027933696033315414,0.0005255223572662171,0.0008357333699113845
2024-08-13,-0.001532358906807807,0.004436200537905499,0.01644549418204444,0.014696056615190578
2024-08-14,-0.008155751250824572,0.0013354422378741848,0.0031547803065354874,0.0003292032700858982
2024-08-15,0.0031388449312386157,-0.006257305664880697,0.017140394874048726,0.012339593712380692
2024-08-16,0.02238773852658915,0.0019612092041463303,0.002241993397156694,0.006500880648523832
2024-08-19,-0.0016380226467286318,0.001339092729690794,0.009561430105987645,0.011303192098211179
2024-08-20,0.0036699887797402297,0.00401249876340426,-0.0016262836738469844,-0.00479002653105931
2024-08-21,-0.0013336178629832496,0.002049522261801995,0.0034365717663653594,0.008182192749411232
2024-08-22,-0.011975011209935604,-0.004601761686480299,-0.007848402853028458,-0.007956698952637065
2024-08-23,0.011553425520716143,0.004623035795479069,0.010625273593212858,0.017645069743106978
2024-08-26,0.0031893380775307456,-0.0012273665616654439,-0.0023838081109496256,-0.004728740557076949
2024-08-27,0.002706671669018279,-0.0004095687533516301,0.0013729594177573912,0.0034842874744063224
2024-08-28,-0.007026862307456638,-0.0005117701656967011,-0.005805075198949683,-0.005208379950128239
2024-08-29,0.005177980359189593,-0.0017424618886555665,8.930519883842969e-05,0.002538584217937956
2024-08-30,-0.0071260085162319076,-0.0034903305976436982,0.009546186583304639,0.0028484432666191495
2024-09-03,-0.0043235765879541255,0.006591993312763167,-0.020579029118164005,-0.016884997005916058
2024-09-04,0.000607926500195255,0.005851096815245427,-0.002046944250731486,-0.0020865366209901204
2024-09-05,0.008332306942507639,0.002347212947441335,-0.0024320677304666694,0.0016084242179454922
2024-09-06,-0.007402630408956501,0.0014255379550525138,-0.016829978520024547,-0.0184680211131123
2024-09-09,0.004205876079289794,0.0014231748850273007,0.011196252213818259,0.010307630366382936
2024-09-10,0.004404097525005923,0.004263873672607055,0.004355686164647432,-0.004048541830908858
2024-09-11,-0.001590555949419148,-0.0007076422038873043,0.010258848410452215,0.005691011983043337
2024-09-12,0.017567284525531468,-0.001618565843710229,0.008423235345493163,0.009054131520974451
2024-09-13,0.009943683944142245,0.0019253500795290979,0.005222783247845975,0.002724053214642419
2024-09-16,-8.374817448153493e-05,0.0026293295342507683,0.0014768156945352828,0.006551554460120013
2024-09-17,-0.0055309113549146804,-0.001815767077760877,0.00040851156037757796,-0.0031752290973837693
2024-09-18,-0.007710465405288858,-0.004345164629533826,-0.0029658256503306557,-0.003344300799213107
2024-09-19,0.01554075728197235,-0.0008117447062898631,0.01706449392421927,0.019494913573930628
2024-09-20,0.012710660066880486,-0.00030465156415315775,-0.0017286028901163375,-0.00705191215578993
2024-09-23,0.0019404068737312041,-0.0006095722102459344,0.0024987950515615864,0.0052313190105828244
2024-09-24,0.01396907347432852,0.0011184115051681154,0.002861378152297034,0.013878052413949682
2024-09-25,-0.001381767735031958,-0.004062445374551471,-0.002205574021654777,-0.007621746555360742
2024-09-26,0.005086884066794806,-0.0007135244222878923,0.003964800214346642,0.02460820184886936
2024-09-27,-0.007935830791900744,0.003979409356180907,-0.0014503989358952696,-0.004436286937847034
2024-09-30,-0.007999374253898295,-0.002744287010958746,0.004007306781378839,-0.005224379138603408
2024-10-01,0.010491249392624136,0.003639169889135818,-0.008958604559465067,-0.0026259083098958413
2024-10-02,0.00020358719772617384,-0.002851885257441067,0.0004220737679345721,0.003562192733079339
2024-10-03,-0.0006920058878576718,-0.005106781579909958,-0.0018281781869303737,-0.010493906118654639
2024-10-04,-0.001996030315693287,-0.009649875369884708,0.00908742566416687,0.007641890700531562
2024-10-07,-0.0033877625757333663,-0.003628098560756632,-0.00904048416232972,-0.0020120363849592815
2024-10-08,-0.007371925565205384,0.0008325669397699631,0.009457552416897164,-0.009460310776050584
2024-10-09,-0.005446185963701722,-0.0037424136556027943,0.006926483704299491,-0.0010960439796803279
2024-10-10,0.007342892553628744,-0.00010435355873816832,-0.0017500368840644986,-0.0009404609687518883
2024-10-11,0.010913408354139564,0.00031300794399635734,0.005988342474201325,0.005804821001513805
2024-10-14,-0.001629502157067031,-0.0017732989670213861,0.008178239537643961,0.0006239842482669289
2024-10-15,0.003468359323146597,0.005120740809227753,-0.0077694965497567825,-0.015900229808451072
2024-10-16,0.005001609209081437,0.00155951453632297,0.004346306107153586,0.005068917911859039
2024-10-17,0.00598831083503093,-0.005190542342983662,8.579045798295937e-05,-0.0015761234774570587
2024-10-18,0.010618185005034864,0.0011480089449387165,0.003846655330890014,0.008050511495232504
2024-10-21,-0.00019900127714245208,-0.007713601554629079,-0.0016422798462758514,-0.009865246815915163
2024-10-22,0.01078732362833379,-0.0009450663119666691,-0.0005310729434451211,-0.003953827066919491
2024-10-23,-0.012050555849465017,-0.0023132270515562325,-0.009137471588891777,-0.008891813525590875
2024-10-24,0.007693259346016168,0.002213192160538613,0.0021628023642212835,0.0020827579664910445
2024-10-25,0.0020569789010425055,-0.002208304757760793,-0.00034551232929502795,-0.0027178465431672016
2024-10-28,3.945407605776552e-05,-0.002318504227102114,0.0030914301936280086,0.0067329560774351815
2024-10-29,0.010894858433216914,0.00042257300622994265,0.0016183796278272933,-0.003503052823637054
2024-10-30,0.005505891218995584,-0.0014781215542182258,-0.003025102116200995,-0.005912613002927558
2024-10-31,-0.015495166963743978,-0.0005285151079422734,-0.019603406333350337,-0.00578685738775131
2024-11-01,-0.0041023758773532926,-0.00592203176265671,0.0042206988082120755,0.0011318405072648918
2024-11-04,0.0014259144001700363,0.005337913847941467,-0.0021538926051214435,0.003068525695442137
2024-11-05,0.002254447895034817,0.0005310264944011767,0.012091704251122826,0.010948205698646518
2024-11-06,-0.030386729020158154,-0.010295095413669908,0.024865487816271736,-0.012103715926802816
2024-11-07,0.016076503855530166,0.00804284594706517,0.007732273571293691,0.017249492731783667
2024-11-08,-0.006769426092267161,0.002127513494750932,0.0043317116431220715,-0.01664019896416724
2024-11-11,-0.02347155656813127,-0.002759783229304147,0.0009527816016310364,-0.0012892048642278997
2024-11-12,-0.008631355179477884,-0.006280654484619008,-0.0031063363644213693,-0.01645963816353846
2024-11-13,-0.010081225320474285,-0.0006428467544236094,0.0004858730531422939,-0.005086167652945228
2024-11-14,-0.0026091417886487944,-0.0001070497040346341,-0.006430206460433574,-0.0011542920821908664
2024-11-15,-0.0017720694429753658,0.0004285070644187705,-0.012808535846547398,-0.0026415450414793984
2024-11-18,0.019020246289590537,0.002250468978850062,0.0040973033512390344,0.006455902835898142
2024-11-19,0.008959325127211537,0.002138379022687653,0.0036554745910837294,0.00032891085991604285
2024-11-20,0.005632045702723465,-0.0014935755273671747,0.00033882773833160407,-0.002466285618939912
2024-11-21,0.008339500390982302,-0.0005341430012489878,0.005368352731534021,0.0004944899407397507
2024-11-22,0.012892210445830665,0.0006414537151979705,0.0030992892063126387,0.003459652340323638
2024-11-25,-0.029458856541118794,0.010790591790157844,0.003392314616679437,0.0032835659794063776
2024-11-26,0.0019383092584315254,-0.0021143133155859806,0.005221275893982025,-0.005072850363322834
2024-11-27,0.002222714763140843,0.0040249896078283776,-0.0030300883971953185,0.004440760984830039
2024-11-29,0.008624546377060671,0.004220167976956679,0.006212050385417278,0.010479803325198045
2024-12-02,-0.008754403389975018,-8.451322567692987e-05,0.0017924309359995672,0.001944625113573073
2024-12-03,0.002012776164397767,-0.0028452333469372038,0.00046394547237316175,0.0042050029619633555
2024-12-04,0.003033679807253664,0.00380446906483356,0.0062096131214228745,0.00016103866103667208
2024-12-05,-0.007397709454119217,-0.00010525061850796824,-0.0016456368073211047,0.006119198264413983
2024-12-06,0.0003705687954560499,0.0031587930517344986,0.0018954888576756534,-0.0017605616754670095
2024-12-09,0.009919751769426055,-0.0034634664735062604,-0.005149673070058869,0.005451251189999784
2024-12-10,0.01316431251835759,-0.0017909562364627485,-0.003108991042220177,-0.010843392324685897
2024-12-11,0.009533812345188464,-0.0029543201729145263,0.007730636209670516,0.006125972880454356
2024-12-12,-0.014663722649505995,-0.0038097896020299338,-0.00515274218354822,-0.008972959362653632
2024-12-13,-0.012091578404740733,-0.004674399724516887,-0.00019841204399240198,-0.0024251489274121907
2024-12-16,0.002415209844427002,0.00032027292914116323,0.004269952898457774,-0.0034035800707165054
2024-12-17,-0.0038386247250202787,0.0,-0.0041200937101640855,-0.003577879606007528
2024-12-18,-0.01918507783771317,-0.007729393967535136,-0.02980346115350485,-0.02382887798822919
2024-12-19,0.0014210967336203417,-0.004531208617352012,-0.00030704650479618234,0.0
2024-12-20,0.010434056495473909,0.0036847844681813235,0.012011012432826318,0.0012754454331156406
2024-12-23,-0.004708795377563968,-0.00442700837533605,0.005988208201289202,0.0057743217727910245
2024-12-24,0.001992014086009908,0.0005421853816762745,0.011114993282984376,0.003208490187496471
2024-12-26,0.006751179863859091,0.0007588767042867595,6.648855168323031e-05,0.0020198109551998744
2024-12-27,-0.0068705038771271765,-0.0025997394464620793,-0.0105262755816794,-0.0021838122105359847
2024-12-30,-0.0031896811646235923,0.005864572297309412,-0.011411688320766777,-0.006734015275945304
2024-12-31,0.006233636577161361,-0.001835648734333728,-0.00363813553785719,-0.0011864052251030488
2025-01-02,0.013587714119632333,0.0005405439534844625,-0.002456912408398071,-0.0016968297244998043
2025-01-03,-0.007864039973028869,-0.0016212816486483872,0.012503297047756545,0.005269416273167682
2025-01-06,-0.0012320959587239777,-0.000974541817860719,0.005760720256781537,0.0077780350473588555
2025-01-07,0.005633435188264313,-0.004552415387385489,-0.011304148528351265,-0.004530170473580619
2025-01-08,0.005315681488123669,0.0017423065341923838,0.0014610115160782478,-0.002191106957180722
2025-01-10,0.009558310004399662,-0.00728280593706776,-0.015267533310024395,-0.016385084555018525
2025-01-13,-0.009951255605703757,-0.0017516808430935171,0.001550691849189434,-0.0037783094838571563
2025-01-14,0.005249423200524461,0.0003290220477674133,0.001375843351398398,0.005516379738901955
2025-01-15,0.007488993695735191,0.01052639813489864,0.01819002884394938,0.011829272421629344
2025-01-16,0.006910965874952435,0.0023872317366260276,-0.0019233111490153387,0.0032192953457557127
2025-01-17,-0.005307269747253374,0.0007574576138356104,0.010040007252678729,0.004897703197819903
2025-01-21,0.01548521901629396,0.0033534070053935494,0.009153480443916395,0.017142859427992763
2025-01-22,0.005135652699768123,-0.002587495000685225,0.005621538331987974,-0.0021480235313451335
2025-01-23,-0.0014148699521492336,-0.0025940322449345965,0.00545805853915704,0.006458008073823462
2025-01-24,0.006218705580030903,0.002058975467301938,-0.0029191631474385638,0.00493593836950712
2025-01-27,-0.0104048052682425,0.0064886308680254245,-0.014145558998831964,-0.005893955546667939
2025-01-28,0.008656417783572623,0.00010740601494596547,0.008592523358097237,0.0011527328585685392
2025-01-29,-0.0038404097330004827,-0.0011820360826291232,-0.004483069391403416,0.0001646542619293534
2025-01-30,0.01514551884715587,0.0021513035225044774,0.0053671859760371365,0.012006433243101577
2025-01-31,0.0019763991077348386,-0.0016097094569712533,-0.005321911081975883,-0.009913834329786875
2025-02-03,0.005337271410283728,0.0007118928374674205,-0.00672955270931086,-0.010013102569790933
2025-02-04,0.00984841707528572,0.0024784430670961033,0.006708265236212485,0.012767447139186539
2025-02-05,0.006209542410714253,0.005805341355392235,0.004054423062778145,0.006548731286788456
2025-02-06,-0.0026502562908058414,-0.0011757711333675314,0.0034758350352048772,0.004391577547307568
2025-02-07,0.0017841598670260694,-0.0033174295157569755,-0.009153512076646275,-0.006477741425691352
2025-02-10,0.016938239196991,-0.00021457495850363273,0.006791120248605509,0.00798704511392212
2025-02-11,-0.0036516022155236305,-0.002577187843373019,0.0007604384781254581,0.0017788407029841746
2025-02-12,0.0010471549570203464,-0.006890838472067284,-0.003221485072722685,0.002744084585941664
2025-02-13,0.009862831092105617,0.007480454487111876,0.010557604278849553,0.010785618664404195
2025-02-14,-0.014871773334245608,0.004196667137716936,-4.917696795181392e-05,0.0019110841554708102
2025-02-18,0.01656090548123368,-0.005357837355875361,0.0029358973680169154,0.005881422217291377
2025-02-19,0.000554096378723612,0.0016160356428105427,0.0023548170755354203,-0.006637095074563337
2025-02-20,0.0005168326664386491,0.002043884449640654,-0.004160346116164559,0.006045142811467619
2025-02-21,-0.0009225433005247696,0.005903663455008923,-0.01710400613660845,-0.006483205664801872
2025-02-24,0.005429568123388684,0.002134336146775162,-0.004550509873166075,-0.004933945184361965
2025-02-25,-0.013188334192659745,0.007879940711122302,-0.004973182941032439,0.005598104246043123
2025-02-26,0.0015263333689308212,0.002746935611118939,0.0005046930920669102,0.0030222171087652683
2025-02-27,-0.015239958822878874,-0.001159132066976043,-0.01596180843971251,-0.013320687990181601
2025-02-28,-0.006265820058134697,0.005485179300250831,0.01560549055036331,-0.002732240611300951
2025-03-03,0.013180390342641513,0.0036299700979993688,-0.01751987501654706,0.003384330067344621
2025-03-04,0.008697635934455272,-0.0031450424652537112,-0.011836867992038314,0.0004819177958814702
2025-03-05,0.0020813110966888537,-0.005573601951383567,0.010747839611165988,0.025044025598479847
2025-03-06,-0.005081207410422395,-0.0005286894560455613,-0.01775115672124894,-0.00798734764184994
2025-03-07,0.0005219558189655249,-0.0012696452470837283,0.005604885844907148,0.008525359701960555
2025-03-10,-0.008755937163287819,0.00699222492317042,-0.026635511651277977,-0.02269876113402547
2025-03-11,0.011727541035094546,-0.0035771311160897046,-0.008312890256780947,-0.0008008820882796641
2025-03-12,0.004346793335703092,-0.0029563632044536936,0.005306487954566119,0.00689318281193807
2025-03-13,0.017756144523255468,0.004024049060698198,-0.013330436330021067,-0.006049955349205605
2025-03-14,0.00039975774946587883,-0.0034806255912843698,0.0206557912275962,0.01777986185546232
2025-03-17,0.0054135329342379634,0.000846755866586113,0.00771133679017999,0.013062719628044173
2025-03-18,0.011671955843306048,0.0011631338468029995,-0.010808597358321625,-0.001242865720353814
2025-03-19,0.004107707999658539,0.0030632449252769867,0.010890957855881567,0.0026441449454799315
2025-03-20,-0.0012805854303336028,0.0014745873200594506,-0.0028916989401738258,-0.007756666539932788
2025-03-21,-0.008049901213267985,-0.0008413201125160308,0.0003298919546212975,-0.004845660027034238
2025-03-24,-0.004452548665506595,-0.0057881934862661355,0.01790848775160092,0.00157585839517016
2025-03-25,0.004400365088198743,0.0016936055578582465,0.002403713718828193,0.003303952768647367
2025-03-26,-0.0008259812019960622,-0.0023248874853917245,-0.011938229589247729,-0.010349683353394923
2025-03-27,0.013405732882559862,-0.000847298349906267,-0.002655627315210407,0.0022183617502786745
2025-03-28,0.007412123023167849,0.008056715559832561,-0.02013843063199028,-0.011699618707987969
2025-03-31,0.014363222998346137,0.0029448881940752347,0.006712912760983514,-0.006558938830401706
2025-04-01,-0.0019782303576065807,0.0035130799237088617,0.002824442743211364,0.002898449223975197
2025-04-02,0.0020516615880092903,-0.0009434377693544604,0.006328298292829215,0.0025691578908741963
2025-04-03,-0.006038278082531101,0.010282353012564416,-0.04928069685329273,-0.020019284053397368
2025-04-04,-0.02339226273628292,0.0028040693457844768,-0.05854299254528794,-0.06112105758452413
2025-04-07,-0.02148580630415131,-0.011909551066150548,-0.0017811884523963872,-0.02715403697059071
2025-04-08,0.005443793790763651,-0.005031139436059484,-0.01566275431689801,-0.006262231002829188
2025-04-09,0.03699125081478161,-0.003160277756506513,0.10501925332407813,0.07129981143540887
2025-04-10,0.0244235794430141,-0.006234574629001677,-0.043819067516813415,-0.017983170281997807
2025-04-11,0.019086664805096243,-0.005636061156525152,0.01784277787885369,0.02738326605027308
2025-04-14,-0.005705977012200658,0.008020713512187472,0.009701624027727895,0.010994490734441031
2025-04-15,0.005232379352138938,0.002970125922295175,-0.0028010217219820444,0.005437430654240849
2025-04-16,0.0325408102664011,0.00433706522930466,-0.022227850695285878,-0.005244092337183259
2025-04-17,-0.004390692094044635,-0.002843642149453096,0.0014267171117980926,0.010214077512973097
2025-04-21,0.03093558529908469,-0.005386547476903258,-0.0238026483352638,-0.0035877757067291904
2025-04-22,-0.014195668551963636,0.0007432838749024118,0.026017697953237162,0.01849436587098685
2025-04-23,-0.023978630729734163,0.001061081978022571,0.015495362918822586,0.004499399906348511
2025-04-24,0.014556277018207942,0.005405960912276742,0.02104903098185429,0.01279801735948971
2025-04-25,-0.010841679678267213,0.0037954642939863614,0.0072251980963009554,0.0007897647093209059
2025-04-28,0.01424210344049559,0.003991268798948511,0.00038127280597555213,0.005839621940953554
2025-04-29,-0.009738925467677184,0.0034522276166109034,0.006299614973591217,0.0031382397591848132
2025-04-30,-0.007482221012837353,0.0015636206963689503,0.0003967183919115769,-0.0010949848149324204
2025-05-01,-0.02077228754256477,-0.00435469779862141,0.007086868861841733,-0.002505468697615032
2025-05-02,0.0017481999132260562,-0.006712823468790652,0.014844248983960195,0.020879086229397714
2025-05-05,0.029867754776654154,-0.0017949526752538691,-0.005734215590911473,0.0036906170798580717
2025-05-06,0.02802400275899264,0.0025387619616130674,-0.00835843551316362,-0.0016852347389031408
2025-05-07,-0.014993060801348546,0.0026380193278465747,0.004205638324408012,-0.005831884024201983
2025-05-08,-0.0196942722998793,-0.007787827188041385,0.006967651505141115,-0.002624181717030827
2025-05-09,0.007254674259445482,0.0007424605395343065,-0.0012742213508586397,0.005571881065970841
2025-05-12,-0.028190568373488878,-0.006359226007350505,0.03304754271395138,0.00985065247762451
2025-05-13,0.004258992599597278,-0.000746657866983913,0.006603860821533747,0.001981429641259469
2025-05-14,-0.021037827999516923,-0.0037361643720883464,0.0012780826440004223,-0.000760451745866475
2025-05-15,0.015963953531585195,0.006535870898427776,0.004884285134641564,0.007915764206950504
2025-05-16,-0.012087047232674286,0.0003194342774628378,0.006334043929497213,0.0012083605291586252
2025-05-19,0.012880671121226372,-0.000532078451794038,0.0010938196429841618,0.006788295285745427
2025-05-20,0.0186222454642182,-0.00127783859611319,-0.003362153676216839,0.0031465867229609756
2025-05-21,0.007378683875855163,-0.006929471730206749,-0.01685067094597681,-0.004630250814504633
2025-05-22,-0.008861493387459118,0.0037572503741436503,0.0003946018551170827,-0.0016507078072748316
2025-05-23,0.021906288045034472,0.0028878381639223516,-0.0068258512570531504,0.003306755439518305
2025-05-27,-0.016949152542372836,0.0041589783342927955,0.02079068471986001,0.00973782886896224
2025-05-28,-0.0022660178699712707,-0.0027611402396162665,-0.005785451740996206,-0.008605365720710356
2025-05-29,0.0059247154716217665,0.0041533057622928915,0.003947547586719891,0.004340089580471496
2025-05-30,-0.006576942326457891,0.0029696121044491264,-0.001118715603297682,-0.0025331311353136154
2025-06-02,0.026581051258171673,-0.0033950415562838954,0.005633026900562443,0.010307691508041339
2025-06-03,-0.008855551213511115,-0.0009577100586739551,0.005702557269405606,-0.004879398266399382
2025-06-04,0.006441974072654677,0.007351948326252522,-0.00026851243178294126,0.0065376080485428645
2025-06-05,-0.00504987891618125,-0.002961673312079638,-0.004832652403296889,0.0013289132725329278
2025-06-06,-0.013416073696802311,-0.00795686937581419,0.010268821171307119,0.0026534831498399303
2025-06-09,0.004718534884218695,0.001818151406398405,0.0009014354786658352,0.002352642152943174
2025-06-10,0.000293510988597534,0.0017080306060412997,0.005669717805285801,0.003667302842887521
2025-06-11,0.005412290790508978,0.004155858910673382,-0.002851974722322681,0.0008769829198678192
2025-06-12,0.0124202002480438,0.004351054506997354,0.003974274973224556,0.005549204501626992
2025-06-13,0.013100564311248064,-0.003698116707632204,-0.0111801611547373,-0.013360417894459742
2025-06-16,-0.01425909653729851,-0.002863649458702877,0.009514136167775744,0.006623374461820264
2025-06-17,0.0005131941200071655,0.004892777504664769,-0.008544966880486782,-0.012282451758949597
2025-06-18,-0.005385627565021256,0.0006349084615213663,-0.00015071307483049967,0.0011842142692668478
2025-06-20,-0.00041901914110908933,0.0006346744273812988,-0.002348577608368929,-0.007967738982184058
2025-06-23,0.0030631724583116693,0.0034883687580233858,0.009877485739587577,0.007656454328530904
2025-06-24,-0.015719378751237634,0.003476158280199426,0.011047186039507384,0.015196673881678002
2025-06-25,0.003037305817845004,0.0004198624422742103,0.0005602827185173798,-0.0026417102170170903
2025-06-26,-0.0011070472235482631,0.003567835387872753,0.007823912169541813,0.00985871789534043
2025-06-27,-0.018123728993798327,-0.0026141308415457143,0.004968221436231435,0.004080013379643477
2025-06-30,0.01198454729743359,0.003983759445847612,0.004781280167141189,0.0026119637647277205
2025-07-01,0.008923010663382636,-0.0018542385052502386,-0.00032361428413474336,0.000289537887077973
2025-07-02,0.005527596405484614,-0.0020986901969296534,0.004533365492089381,0.0031833132676979403
2025-07-03,-0.006822911403597365,-0.003470456157727786,0.007881299997254843,0.002307718440005546
2025-07-07,0.000748780548875283,-0.0031658100572728998,-0.0074520706056897534,-0.012375865407309061
2025-07-08,-0.010443411868664265,-0.0014821598066387942,-0.0005476359239223738,0.006411269832953481
2025-07-09,0.004471282664348264,0.005195006512207279,0.005996656078344209,0.004488113518070547
2025-07-10,0.0022257895319868215,-0.0005273288048220914,0.002820258275139098,0.0014415251582859945
2025-07-11,0.009601575193336043,-0.004643277627489284,-0.0035153098751226075,-0.006908547174563573
2025-07-14,-0.0036553174266280575,-0.00042430764100387375,0.0019080849682644452,0.0010144767747284344
2025-07-15,-0.004155705135267751,-0.003924085963368684,-0.004273212189356279,-0.004922546084008661
2025-07-16,0.004988096125243757,0.0027684732035038184,0.0033431741923299896,0.004364902764057765
2025-07-17,-0.0021735334020257513,-0.00031846307859861867,0.006119637877514572,0.0036216868116645262
2025-07-18,0.002600924347578637,0.0027617094223360006,-0.0007323346017438226,-0.00245386898556188
2025-07-21,0.015370115792427752,0.0034959071443378953,0.001896143492131186,0.006077172456240509
2025-07-22,0.009484882235462067,0.0028500636435837556,0.0001431954391026835,0.00417094141396257
2025-07-23,-0.01240118112003663,-0.0035789150731767583,0.008507378219608341,0.017903090817683154
2025-07-24,-0.006118276977772341,-0.0014789442259283136,0.0003310296833012316,-0.0067538778818370115
2025-07-25,-0.0092499926477293,0.002327617679896088,0.004224435835635587,-0.0015582858521969722
2025-07-28,-0.00647361832754334,-0.002216836724626692,-0.0002510690047468067,-0.012911484649190452
2025-07-29,0.002750389076383808,0.006559002962209126,-0.0026375648019045794,-0.0005749675924792141
2025-07-30,-0.017273497289540862,-0.0034684345452635768,-0.0012593694992442117,-0.007191060258524118
2025-07-31,0.0066454015709211944,0.0008438049006960213,-0.0037512610547767444,-0.008112401035963446
2025-08-01,0.020299689958884537,0.011512693972066002,-0.01639041762130744,-0.0033592626936087555
2025-08-04,0.005823229257701401,0.001358805093468085,0.015199863419301796,0.012309648845680643
2025-08-05,0.0008040912066364925,-0.000730575952547996,-0.005070023621000952,0.0026056497378041943
2025-08-06,-0.00212110700071233,-0.0007311929011761809,0.007659660445043404,0.006497138253008128
2025-08-07,0.008437987494967825,-0.0007317279354481787,-0.000837636431655131,0.007172604832349272
2025-08-08,-0.00022357985855403495,-0.0023013766707851158,0.007797554830949682,0.0032761228811095666
2025-08-11,-0.014374701087597641,0.0003146462291541141,-0.0019774044951013092,-0.003123319110861056
2025-08-12,-0.0009074665058316222,-0.00020950426354893192,0.010645980769615315,0.011108026542002936
2025-08-13,0.0030492830145867345,0.0035641474643881565,0.0034232284065640606,0.00647878617993114
2025-08-14,-0.006338706734070332,-0.0032383249102209133,9.29178689290655e-05,-0.004478084522417158
2025-08-15,0.0005858183101099534,-0.0019910377128019574,-0.0023411979263346927,0.004498227967456581
2025-08-18,-0.0015612675411803556,-0.0009451755706085807,-0.00021771255650937515,0.0013993464809132217
2025-08-19,-0.005473279447945512,0.002522519369136722,-0.00542510102815319,-0.0026551197864845832
2025-08-20,0.010122175284489776,0.0014679057105422277,-0.002657080804944645,0.0012610770504437596
2025-08-21,-0.0034698951143765644,-0.002931342227522893,-0.004011713095880665,-0.003778356349618428
2025-08-22,0.01070642694476942,0.005565061543606475,0.015356734450693521,0.016294292443024494
2025-08-25,-0.0024148368614391735,-0.0019840092037362034,-0.0044010200352035955,-0.00967503871480413
2025-08-26,0.007262047243691283,0.002615680027448386,0.004186968758527643,-0.0005583857742238463
2025-08-27,0.0020187288833615202,0.0018783499115515578,0.002278548405594716,-0.0029325053438628013
2025-08-28,0.007419038046796889,0.002291300852715672,0.003541324132844581,0.004061592201760611
2025-08-29,0.00964990177666114,-0.0008312880713499116,-0.005963639392962183,-0.004463608596315116
2025-09-02,0.023642559312442524,-0.0029842086313789373,-0.007410251972675752,-0.007005775829693861
2025-09-03,0.007831992196408066,0.0034535921742286924,0.005419545640653167,0.002116439042844531
2025-09-04,-0.004418882618094533,0.004484727043582382,0.008357320883294106,0.004083545764675511
2025-09-05,0.01334594055214322,0.004880082622750415,-0.0028961941058495144,0.006590884069140213
2025-09-08,0.011388067271604019,0.0030998016077974366,0.0024565777359784047,0.009612741739050135
2025-09-09,-0.002269905468609168,-0.00236919774290012,0.0023118846201510834,-0.001242043850593788
2025-09-10,0.0035922056391106683,0.002684743498915676,0.002890805295761023,0.0017962341560433526
2025-09-11,-0.0014913797811720864,0.0015445523056669686,0.008310290457562264,0.011308652979130862
2025-09-12,0.0019715725978484144,-0.002878842566989226,-0.000334630409346115,-0.003272916599083131
2025-09-15,0.01040483601055886,0.0016497092839664607,0.005323962798345239,0.007798728275803635
2025-09-16,0.0020064107533963593,0.0006175814060729312,-0.0013769781981408658,0.0008145100890215584
2025-09-17,-0.007715171664187115,-0.002160322781656676,-0.0012423636756685452,-0.000678170503012332
2025-09-18,-0.0040063094596702875,-0.003299404409103368,0.004672499536354291,0.0008145060728819153
2025-09-19,0.010607227252210416,-0.00041374993807241633,0.004952868450893266,-0.0034074293032957392
2025-09-22,0.01730643093326134,-0.001655684791769696,0.004730956629250382,0.004376315010058418
2025-09-23,0.004086375052867464,0.0027986221688853785,-0.005443378865093829,-0.0013616727213231483
2025-09-24,-0.009063049726670935,-0.002687632910142179,-0.003181757023221321,-0.005863069903358831
2025-09-25,0.004165188877066628,-0.002176608357284837,-0.004613374905433676,-0.005760598279278439
2025-09-26,0.00577227044053652,-0.0005192337308679296,0.0057290340826092745,0.0035867464545313865
2025-09-29,0.016496514338703028,0.002909958672163926,0.0028104467833012237,0.005360891523133127
2025-09-30,0.008540004081594166,-0.000414478798439033,0.003766834755358328,0.004375118299849046
2025-10-01,0.0015753722020723782,0.0033691492861183114,0.0034075722246513784,0.0069425338062865105
2025-10-02,-0.003482825151325697,0.0010365345353235966,0.0011517326256851312,0.0018925771558682136
2025-10-03,0.008032937892485048,-0.0019671642791810884,-1.4805406382656372e-05,0.007421493721089467
2025-10-06,0.01884573861512795,-0.0029046628342672687,0.003586271966467658,0.002143075172652109
2025-10-07,0.005159462258136571,0.002496799899275537,-0.0037075138893177817,-0.007752034308599276
2025-10-08,0.01649095687844504,0.00020760296174771042,0.005963055269571305,0.00390640415187371
2025-10-09,-0.018452848086064955,-0.0007261734306196477,-0.002896974724933221,-0.008721428150631594
2025-10-10,0.010097700011942212,0.0062297668175317344,-0.027027862178845674,-0.023145613154603728
2025-10-13,0.02430104394061705,0.0005161024702429184,0.015344118135168339,0.01524176345811079
2025-10-14,0.007141189222626965,0.002578287373282695,-0.0012216462876413203,0.00013658983692699245
2025-10-15,0.017332403569977117,-0.0011316295400536358,0.004439529909605389,0.0087336258508246
2025-10-16,0.02338727694573084,0.004634453851745102,-0.006810134562330372,0.004464235228490487
2025-10-17,-0.01881705572696646,-0.001640078723132543,0.005676205164253156,-0.0006735142544909145
2025-10-20,0.03640197438905224,0.0013346215987353194,0.010400500262923273,0.009838292911562574
2025-10-21,-0.06426889260666147,0.0018458785531969557,-1.494287878323064e-05,-0.009475420501891318
2025-10-22,0.00010605594835544352,0.0002046749269424275,-0.005198916065879078,0.0008084174785754072
2025-10-23,0.004002358382396931,-0.0032745318374104437,0.005929962705964353,0.005788873507239778
2025-10-24,-0.0033528327110016187,0.0009238739512684724,0.008172554694480416,0.003212461338310213
2025-10-27,-0.027839530498784404,0.0,0.011797664492784632,0.0076049559070372474
2025-10-28,-0.007166030388359279,0.0009231828318219115,0.002656016019079832,-0.00013231346103770303
2025-10-29,-0.0037872684129753864,-0.006456238716116003,0.0004803706386860007,-0.0030459919959938686
2025-10-30,0.01964188672951095,-0.0014440518295061322,-0.010998187142508109,-0.0062434358823212355
2025-10-31,-0.005430550723012573,0.0004130317498929337,0.0032802220875831622,-0.0024061255947432914
2025-11-03,0.0017929035935666526,-0.0004762344062518853,0.0018767398754619968,0.0028139171653134287
2025-11-04,-0.017517195825319742,0.0012435689117376025,-0.01185354736001909,-0.013228177130091612
2025-11-05,0.011564369498527016,-0.004760808900174829,0.003465476340313245,0.006770565221595248
2025-11-06,-0.0012005195756799036,0.005095512787788969,-0.010729453719183435,-0.003900519109496403
2025-11-07,0.006119021470095687,0.00041396090044210077,0.000984565078659072,0.0018902772090103603
2025-11-10,0.02734111859838051,-0.001344694378927258,0.01560437034633999,0.01253374447392952
2025-11-11,0.003937814406542062,0.0031068687698521114,0.002289177027853917,0.005324171321850368
2025-11-12,0.016110762091908537,0.00020661281002665177,0.0005563903663643455,0.003839478180998279
2025-11-13,-0.008083098515826892,-0.002890198247331943,-0.016593996414786205,-0.010947013134375516
2025-11-14,-0.018047911171504505,-0.0016564567420301879,-0.0001635496688257021,-0.000800116683683072
2025-11-17,-0.011463979297139493,0.0011408307883582491,-0.009316620573407763,-0.012411426641031342
2025-11-18,0.007264932736103624,0.0016569890339686033,-0.008397461670685558,-0.008783997859770909
2025-11-19,0.0016294519610446923,-0.0007237791667898952,0.0038631766432766224,-0.0025901399152724602
2025-11-20,-0.0002933255655774847,0.0023801559072826883,-0.015242227316648038,-0.013258775502532738
2025-11-21,-0.0015473311468576778,0.003303192713322245,0.009961138168965045,0.010112330853301543
2025-11-24,0.01584423909859023,0.0015433647679352624,0.014718606876234608,0.004251287064302112
2025-11-25,-0.00031569077041548876,0.002568230084496914,0.009405836039293458,0.009285713371265159
2025-11-26,0.007998338908444147,0.0008199472861136758,0.006903582418005261,0.009470990644966815
2025-11-28,0.012424331348639184,-0.0017405986163507858,0.0054584342293309,0.0044230547119512575
2025-12-01,0.004821066034977672,-0.005369698653072241,-0.004565470301164498,-0.003869706233220138
2025-12-02,-0.006440050713598433,0.0008273215176324289,0.0018522768711999316,0.0016074168698918534
2025-12-03,-0.0009296182229129313,0.002066958213893022,0.003462749080359595,0.004012354289629982
2025-12-04,0.0006461951944911615,-0.0030939613082016093,0.000731139787988333,0.002131370474337091
2025-12-05,-0.0017823532991587676,-0.002068772383922002,0.001899394752821859,0.001993806209181326
2025-12-08,-0.002639449868615862,-0.0020732234265155025,-0.0030042091058060105,-0.0021226053322167537
2025-12-09,0.005137202012788666,-0.0014541087397743624,-0.0008631180942337835,-0.0013293463674849404
2025-12-10,0.004259147967166088,0.003224617359771198,0.006632235252757246,0.010782777051558057
2025-12-11,0.010769830543307712,0.00010369342668936632,0.0023269460314641055,0.0026338317426215507
2025-12-12,0.005594579039939429,-0.00269566837002877,-0.010752075575282682,-0.006830404541302126
2025-12-15,0.0009103412637567754,0.0008317034003693102,-0.0015108085502177904,0.0034388449052118464
2025-12-16,0.00022745542760316262,0.002804584981536129,-0.002732285145230273,-0.005404047268937839
2025-12-17,0.008588228474273762,-0.00020709091291071235,-0.011003593983400228,-0.006626109355652332
2025-12-18,-0.0018032036998043566,0.002590024507183042,0.00755126270975226,0.008137670978742628
2025-12-19,0.0011289903434381632,-0.002249684376565142,0.009063506223587092,0.0062393264273290505
2025-12-22,0.02308160549906857,-0.0010391347119089733,0.006229803850433591,0.005624774033510693
2025-12-23,0.013252341857567629,-0.00041610249257972853,0.004570492347330646,0.006126009380116537
2025-12-24,-0.004134082564786756,0.002601540406928393,0.003517674396244841,0.0007941795503791926
2025-12-26,0.011676735474757116,0.0009340887381059648,-0.00010140966545213459,0.003174095854995951
2025-12-29,-0.0435283019531133,0.0014517069089869938,-0.0035636535074947684,-0.00316405284796617
2025-12-30,0.0007275678386380324,-0.0010354765483393535,-0.0012212136133650242,0.0019838225923625163
2025-12-31,-0.006467991163222386,-0.00331660360826469,-0.0074088529688375315,-0.004223782393031783
2026-01-02,0.004970859258759619,-0.0008320317785811548,0.0018329931020035772,0.014581086139598964
2026-01-05,0.026313174195160993,0.003018443997562459,0.0066602071082446646,0.010582598180104208
2026-01-06,0.010813149047262716,-0.0007264615797076823,0.005947158299371091,0.0034907915446196203
2026-01-07,-0.009559953917111952,0.0018690663082052694,-0.003223412281198157,-0.005024549495968644
2026-01-08,0.005522515913727544,-0.0030057680942150444,-0.00010152731427326422,0.0006474693365952078
2026-01-09,0.007242001159325273,0.0011436261526438507,0.006613382996888628,0.007116958676530727
2026-01-12,0.018722729613168898,-0.0012461522799058766,0.00157043300066384,0.009250972095286247
2026-01-13,-0.0014210408732292512,0.0012477071129692874,-0.0019995067653818532,-0.005347033699165227
2026-01-14,0.010222226854541994,0.0020768123920742454,-0.004915252903138989,0.0043518391233479115
2026-01-15,-0.006127660830587689,-0.0020725081814003676,0.0027232975079871657,0.001656544641844615
2026-01-16,-0.004818883830700504,-0.0038421272420852137,-0.000837905189162047,0.0005090057414676163
2026-01-20,0.03783617488689295,-0.003961260478731354,-0.02035680001149731,-0.011571721248904598
2026-01-21,0.014568979615140476,0.0026164332397795587,0.0115411092816613,0.01119249084663032
2026-01-22,0.01846258414950319,-0.00010437443779576228,0.005223257672714476,0.00610689764758332
2026-01-23,0.013745304981574558,0.0016702468146787552,0.00036273518897367296,0.005690416948647359
2026-01-26,0.014628847613605389,0.0014592018962058528,0.00507823176187272,0.004149444436888139
2026-01-27,0.024531942321975864,-0.0011448162035074816,0.003984165378470905,0.015527145101614348
2026-01-28,0.038773348494905324,-0.0008335922213240643,-0.0001006645803248718,-0.004438983977241073
2026-01-29,0.0027094717415592218,0.0010428188993425458,-0.001984377154833794,0.0026009053997506637
2026-01-30,-0.10274245274560045,-0.0006250232747382345,-0.0029824841055743345,-0.0159355976263732
2026-02-02,-0.04004945911975222,-0.0019659012184063407,0.00497122273706152,0.005648984613867425
2026-02-03,0.06358720612372104,0.000942944635038856,-0.008455385901172563,0.002496482333908867
2026-02-04,-0.0007044119795716064,-0.00020914676670746868,-0.004843853725993386,-0.0007471082868552026
2026-02-05,-0.026631707613677613,0.005863118204617379,-0.012489284060324235,-0.011962574402222592
2026-02-06,0.03073229479090611,0.0,0.01918478647681998,0.022196999324458178
2026-02-09,0.02540290594406658,0.00020813313004852674,0.004821726716577324,0.013571834297997132
2026-02-10,-0.009913720520981939,0.004370857838541076,-0.002637057770699447,0.0024345817062709774
2026-02-11,0.011310577541873812,-0.0027976322629565953,-0.00023112214366449724,0.0077716473632358785
2026-02-12,-0.03472828959819363,0.006130618207452532,-0.01544885969788623,-0.01036274076055732
2026-02-13,0.024878663914389865,0.003924294540964102,0.0007044991031190939,0.0032876260894183496
2026-02-17,-0.0311702543391007,-0.0001028461655867563,0.0016134830190519533,-0.0020630692724457056
2026-02-18,0.022489929267582198,-0.0020575351009645138,0.005037707550576753,0.0034050047795268767
2026-02-19,0.0027930496262249527,0.0009277797237419172,-0.002637344323549562,-0.0015756200459111636
2026-02-20,0.019714504323102178,0.0,0.00723184928909637,0.012017580252156268
2026-02-23,0.027015500392687075,0.003604946114926566,-0.010211366038766267,-0.0052777929099149246
2026-02-24,-0.01385890426498504,-0.00020536648495617094,0.00726847527019836,0.005908670376175484
2026-02-25,-0.0025072627221415233,-0.000821235359041883,0.008438306300538434,0.009350225023586622
2026-02-26,0.008575889154321725,0.0026712285901069333,-0.005554445579207146,-0.0028502779073349416
2026-02-27,0.01313141674919538,0.003995769625885215,-0.004801940858611298,-0.0017866185532382506
2026-03-02,0.012919896640826822,-0.0060077134387781506,0.0005685229860479257,-0.016823705431373348
2026-03-03,-0.04461221500318879,-0.0011325206524462894,-0.008814250912485666,-0.03446607713229366
2026-03-04,0.007818116439543887,-0.0020617684458582586,0.007055355958297538,0.009803868628623258
2026-03-05,-0.012017768242597593,-0.0030988819071245954,-0.005575670491907769,-0.020164201235414847
2026-03-06,0.01583250339069653,-0.0006216065051566355,-0.013107129910862048,-0.00940044772947013
2026-03-09,-0.0020696732193965506,0.00311036786876584,0.00875996152231262,0.01243909282446376
2026-03-10,0.01127967872100144,-0.003204080927359243,-0.0016070155764896787,0.0021533196638994223
2026-03-11,-0.003390104145245987,-0.004562506777234687,-0.0012551345486657706,-0.001011223720327803
2026-03-12,-0.019653925633074443,-0.0032291129107464567,-0.015184966271003186,-0.01986330341854048
2026-03-13,-0.012936961278600778,-0.0010450238259757105,-0.00566013575260893,-0.009422994463353263
2026-03-16,-0.0008896876689686861,0.004498384443062831,0.01017686501045656,0.019937388877253603
2026-03-17,-0.002519392047785618,0.0017705156705665193,0.002630544991105488,0.004343957024435907
2026-03-18,-0.03163716142328721,-0.004574364637301431,-0.013953644515257158,-0.0173005771185607
2026-03-19,-0.041215062676522196,-0.00010451792081289657,-0.002464381043311259,-0.0012945041026395376
2026-03-20,-0.0305574415876555,-0.008982593192125354,-0.014335696266852715,-0.030621517039100654
2026-03-23,-0.02259421410703788,0.0031619177258721543,0.010499991225476402,0.0250301738295704
2026-03-24,0.00022274115430986896,-0.0033620761816842704,-0.0033568144771775055,-0.008226752788410452
2026-03-25,0.030089336389747867,0.005270919418910891,0.0055726882440485515,0.01487823545467526
2026-03-26,-0.0375939695290467,-0.008074692471405798,-0.017858729983344035,-0.02439031422792526
2026-03-27,0.035093842463368,0.00010571766052480669,-0.01705189415742525,-0.006781791827546457
2026-03-30,-0.0002894276132928697,0.007082416533904734,-0.0033433906874337227,-0.0008034143571069574
2026-03-31,0.037893826237359374,0.001784535443039914,0.029067865784757174,0.03323059228851699
2026-04-01,0.017499822514495555,-0.0008726736897823884,0.00753449141030349,0.011671712379556665
2026-04-02,-0.019208815315471695,0.0023148980538552077,0.0009004595313388819,-0.006794009773345655
2026-04-06,-0.004098669687746526,-0.002624401995431902,0.004726845083763864,0.006324161418292951
2026-04-07,0.009727589667910319,0.0025259999607740724,0.0004400005646272298,0.0006412490635345769
2026-04-08,0.00629906958171822,0.002204833147520402,0.02546963651219092,0.04114339902349795
2026-04-09,0.007778530578574028,-0.0003143526485931414,0.005769017699185586,-0.001969757365480218
2026-04-10,-0.0017811851128632927,-0.0016766155198869592,-0.0006617754265585418,0.0024669144105671226
2026-04-13,-0.004049183335572026,0.002204370222197438,0.009772447246481741,0.007628936149988608
2026-04-14,0.022349346089928224,0.003246685412120698,0.012184877209840739,0.011234588074150675
2026-04-15,-0.010402401583740839,-0.0021922421796790603,0.007890969227043909,-0.0019320823585157187
2026-04-16,-0.0008627455164704756,-0.001778663752463605,0.002457347646937613,-0.00024201258780720547
2026-04-17,0.013293051904224695,0.00545004108743119,0.012085686101644066,0.013554408927584749
2026-04-20,-0.008611208936292747,-0.0009381152628427092,-0.0019997351150194964,-0.003223891883819441
2026-04-21,-0.028320000717914517,-0.004382277845402793,-0.006546892848539487,-0.019166307486597867
2026-04-22,0.013245809401008168,0.0010479033303505414,0.01012671209511895,0.008671211930188827
2026-04-23,-0.00969535708776803,-0.0015702095676904948,-0.0038807408683984024,-0.01053389742512878
2026-04-24,0.005127114447075254,0.0019922384342869748,0.007749309237231605,0.009422395428319241
2026-04-27,-0.007755303754327758,-0.002302301006396945,0.001722787837563633,-0.0018184292832797988
2026-04-28,-0.0185629131043068,-0.0009440017206134854,-0.004865992267119479,-0.00546513290256101
2026-04-29,-0.010665781709228828,-0.004724387333034263,-0.00015450932498595193,-0.008059506275575834
2026-04-30,0.014973287523456946,0.0018987578714240172,0.009949633527564838,0.022528521997966733
2026-05-01,-0.0011330099187530918,0.0007605873919636075,0.0027690952923506984,-0.0010834963929433616
2026-05-04,-0.02001512681908002,-0.0036943791196321074,-0.0036633921467564834,-0.008677834883475621
2026-05-05,0.008584306218673232,0.001483280254647168,0.008022228723942426,0.014103409974070003
2026-05-06,0.030339261182306565,0.004971864959305128,0.013899399692774095,0.02649559911986077
2026-05-07,0.001670691560653026,-0.0030525660488848194,-0.0030660824190705815,-0.01600101610233995
2026-05-08,0.004841540894531038,0.0026396781545556802,0.00825609701116825,0.014005937050239003
2026-05-11,0.0020287362083613036,-0.0033697952177020873,0.002277563042387465,-0.00046818470106235743
2026-05-12,-0.003957209812161522,-0.0033812705639399976,-0.0015149526145865622,-0.013584703266200204
2026-05-13,-0.005612899814961714,0.0,0.00559483781461112,0.01009141431837679
2026-05-14,-0.007642296271595517,-0.0006361749365050295,0.0078943149045545,-0.000705301135210501
2026-05-15,-0.02322039069444226,-0.00795659483217459,-0.012029343756796207,-0.022465228585559993
2026-05-18,0.00273187497307803,-0.0004278178348198214,-0.0007035093177317764,0.0050534893632638855
2026-05-19,-0.016561892782745447,-0.003851596218420794,-0.0066607880874933745,-0.008739297221156184
2026-05-20,0.014337773746013083,0.006766230494156256,0.010248994582563453,0.01654579320363969
2026-05-21,-0.0009822799906678004,0.000640111178416225,0.0019830877010671433,0.004871118272142816
2026-05-22,-0.0076020599640161945,0.0008528260502700391,0.003931549076803931,-0.0014187599976006604
2026-05-26,0.00043495402009452455,0.0042608251506894845,0.006638641352187502,0.01953589323402971
2026-05-27,-0.013309202332427494,0.0004242420576410222,-0.0001732421647460125,-0.0030193911734027745
2026-05-28,0.010477609933210896,0.0023324235470683075,0.005516578600909927,0.0016306743530729584
2026-05-29,0.010538571648365469,0.0011635795208047028,0.0024914048034492264,0.000814054353412752
2026-06-01,-0.014048680044494555,-0.0017279518811568195,0.0027231134609038143,0.0029049340064999374
2026-06-02,0.001677776649860796,0.000743370713934377,0.0013579397972762752,0.007531075810130572
2026-06-03,-0.009904155768766576,-0.0025467248663432196,-0.00701718232049986,-0.009889616171814275
2026-06-04,0.008335974543818736,0.0012766544723721296,0.0037786857621391334,0.0017421861752857648
2026-06-05,-0.036545333189379026,-0.005312366445155536,-0.025809371248925683,-0.03733334826095036
2026-06-08,0.002599431669397134,-0.0010682789493667855,0.002264172608771542,0.008551111591895477
2026-06-09,-0.01633647245916592,0.0027801999434449165,-0.0029354505508077944,0.0009553582566006469
2026-06-10,-0.04145558180468856,-0.0009595732667277979,-0.015765562508027298,-0.014674373675967356
2026-06-11,0.03134182597256352,0.006937682111593402,0.016996847886747934,0.03329701125563744
2026-06-12,0.0005694792310315666,-0.001695908399126811,0.005408247901529384,0.003984081276156015
2026-06-15,0.025896360083728753,0.001061763757686185,0.01763396989375332,0.015172812783907252
2026-06-16,0.002723533282284807,0.0025455628540413944,-0.005961562844234103,-0.004023943831488852
2026-06-17,-0.02270955075927472,-0.0052898852570197885,-0.012487870885051433,-0.005540834961975882
2026-06-18,-0.003808571701190089,0.003616254798179286,0.010396992441959574,0.011729824924414656
2026-06-22,-0.0065354381359996605,-0.0038151885856589907,-0.003146979693962715,0.0033421796329009545
2026-06-23,-0.018903219228002643,0.0012766544723721296,-0.014521954010491611,-0.03043870860093756
2026-06-24,-0.030213064971899906,0.006481140923664697,-0.0004635170636431152,-0.0008293723632448735
2026-06-25,0.009674185334065832,0.0006333270630358712,0.0014456352254532678,0.008774075471848386
2026-06-26,0.011286779419095394,0.0025318669151697115,-0.007231373616869652,-0.007052168091304489
2026-06-29,-0.013516094115971211,0.00031562347517688494,0.016474862380159383,0.0053266682097645734
2026-06-30,-0.0005425733809176769,-0.005154553377349935,0.007786800986842035,0.0065936366016901005
2026-07-01,0.006026389031102086,-0.0024294924941002938,-0.001352504438058455,-0.011229373125057784
2026-07-02,0.020318398961908235,0.0009572128229229371,-0.001314069480687241,0.003667308210936193
2026-07-06,0.01057837238078907,0.0006374502899393342,0.008727409093039817,0.015676589915889716
2026-07-07,-0.012142502784779907,-0.005096678794377807,-0.004751899671231685,-0.017639511145007725
2026-07-08,-0.008053135463158334,-0.002027708972371145,-0.0030894297130047432,-0.002480792447575486
2026-07-09,0.009961224054354512,0.002138750059252903,0.00846525000257925,0.00544764413989518
2026-07-10,-0.003093719744077794,-0.0008537069056718805,0.0043101596888019955,0.005182506526546948
2026-07-13,-0.02620621369961662,-0.003631231815121261,-0.007656174850540931,-0.018279794065342858
2026-07-14,0.013673600487310367,0.002786997469364838,0.00355064169730146,0.010503758601509539
2026-07-15,0.0005374505181017231,0.002458543633482524,0.003963635929681075,0.003897876061725869
2026-07-16,-0.01984695723728025,-0.0006397614213169422,-0.005418617756386079,-0.01094246768503837
2026-07-17,0.009453124418586922,0.0012803419560234452,-0.009897156017872222,-0.008208361076036952
2026-07-20,-0.0021986307389650905,-0.00319684352288796,-0.0016143782471810253,-0.003598453183091821
2026-07-21,0.019613686984128575,-0.0024588882623359787,0.008341309298597777,0.016612462483299506
2026-07-22,0.011499153135369422,-0.0022505666413367154,-0.0011627413779321527,0.00011843856236715133
2026-07-23,-0.020046439653404247,-0.0026852933400925982,-0.012349287272575782,-0.00994549309727677
2026-07-24,0.0010228383237773642,0.001938590575722321,0.0010160123647910968,-0.0026309640454074135
2026-07-27,0.007340712640850455,0.0026873139541592206,0.0002165755636849287,0.004676251588885405
2026-07-28,-0.01404054586409964,0.0030017480309312283,0.002394780651586048,-0.00644469399244596
2026-07-29,0.004629481218515252,-0.004168432049967197,-0.015387473482586067,-0.010330337661880629
2026-07-30,0.016384653740035837,0.0004293274086972776,0.01676579949601198,0.028886967727262736
2026-07-31,-0.014900824749758845,-0.002789471643862229,0.007199809675054292,-0.0021233963938172007
