Date,GLD,IEF,SPY,VXUS
2016-01-04,102.88999938964844,83.20563507080078,169.47157287597656,32.494842529296875
2016-01-05,103.18000030517578,83.18205261230469,169.7582244873047,32.43619918823242
2016-01-06,104.66999816894531,83.68426513671875,167.61685180664062,31.88642120361328
2016-01-07,106.1500015258789,83.86470794677734,163.595458984375,31.226709365844727
2016-01-08,105.68000030517578,84.07660675048828,161.7996826171875,30.860200881958008
2016-01-11,104.73999786376953,83.80979919433594,161.95989990234375,30.926177978515625
2016-01-12,104.20999908447266,84.1864013671875,163.26666259765625,30.99947166442871
2016-01-13,104.72000122070312,84.51593780517578,159.19468688964844,30.574317932128906
2016-01-14,103.0199966430664,84.34336853027344,161.8081512451172,30.984813690185547
2016-01-15,104.08000183105469,84.7356948852539,158.33474731445312,29.78998374938965
2016-01-19,103.9800033569336,84.62588500976562,158.5455322265625,30.141836166381836
2016-01-20,105.37000274658203,85.0417251586914,156.5137176513672,29.401491165161133
2016-01-21,105.48999786376953,84.82987976074219,157.3905029296875,29.650718688964844
2016-01-22,105.0,84.64154052734375,160.6194610595703,30.537673950195312
2016-01-25,106.08000183105469,84.92399597167969,158.19142150878906,30.024555206298828
2016-01-26,107.29000091552734,84.98677825927734,160.34970092773438,30.603647232055664
2016-01-27,107.69000244140625,85.04956817626953,158.60458374023438,30.457040786743164
2016-01-28,106.54000091552734,85.15941619873047,159.4307098388672,30.65496253967285
2016-01-29,106.94999694824219,85.61449432373047,163.31723022460938,31.263362884521484
2016-02-01,108.05000305175781,85.41728973388672,163.2581787109375,31.131427764892578
2016-02-02,108.08999633789062,86.02239227294922,160.31593322753906,30.420391082763672
2016-02-03,109.25,85.92803192138672,161.2770233154297,30.808883666992188
2016-02-04,110.56999969482422,86.13238525390625,161.5299530029297,30.955503463745117
2016-02-05,112.31999969482422,86.24240112304688,158.4528045654297,30.537673950195312
2016-02-08,113.83000183105469,86.8867416381836,156.31979370117188,29.995237350463867
2016-02-09,113.58000183105469,86.90243530273438,156.3282470703125,29.58475112915039
2016-02-10,114.45999908447266,87.16178894042969,156.19342041015625,29.577409744262695
2016-02-11,119.05999755859375,87.56258392333984,154.16163635253906,29.12293815612793
2016-02-12,118.36000061035156,86.89463806152344,157.33995056152344,29.606735229492188
2016-02-16,114.7699966430664,86.63529205322266,159.99554443359375,30.222469329833984
2016-02-17,115.4800033569336,86.42311096191406,162.6090850830078,30.808883666992188
2016-02-18,118.29000091552734,86.82386779785156,161.9430389404297,30.676952362060547
2016-02-19,117.58000183105469,86.82386779785156,161.86717224121094,30.56698989868164
2016-02-22,115.48999786376953,86.73745727539062,164.2108612060547,30.911521911621094
2016-02-23,117.22000122070312,86.9102783203125,162.13690185546875,30.449705123901367
2016-02-24,117.61000061035156,86.9102783203125,162.8788299560547,30.37640380859375
2016-02-25,117.91999816894531,87.16963958740234,164.85154724121094,30.691600799560547
2016-02-26,117.11000061035156,86.74533081054688,164.4722137451172,30.603647232055664
2016-02-29,118.63999938964844,86.8867416381836,163.18234252929688,30.493684768676758
2016-03-01,117.7699966430664,86.20765686035156,167.0182647705078,31.358654022216797
2016-03-02,118.68000030517578,86.0580825805664,167.7685546875,31.659202575683594
2016-03-03,120.7300033569336,86.16046905517578,168.4261016845703,31.99638557434082
2016-03-04,120.54000091552734,85.86927032470703,168.9741973876953,32.333587646484375
2016-03-07,121.13999938964844,85.69611358642578,169.10906982421875,32.28960037231445
2016-03-08,120.58000183105469,86.19188690185547,167.26272583007812,31.84244728088379
2016-03-09,119.58000183105469,85.85353088378906,168.0889434814453,32.06968688964844
2016-03-10,121.5,85.546630859375,168.22386169433594,32.01103591918945
2016-03-11,119.41000366210938,85.30269622802734,170.93841552734375,32.83203125
2016-03-14,117.87000274658203,85.3656005859375,170.71926879882812,32.65611267089844
2016-03-15,117.95999908447266,85.34990692138672,170.44107055664062,32.29795837402344
2016-03-16,120.58999633789062,85.7984619140625,171.42742919921875,32.73920440673828
2016-03-17,120.12999725341797,85.8928451538086,172.5150146484375,33.09218978881836
2016-03-18,119.80000305175781,86.04238891601562,173.1929168701172,33.04071044921875
2016-03-21,118.95999908447266,85.7984619140625,173.43865966796875,33.07748794555664
2016-03-22,119.30999755859375,85.61743927001953,173.34544372558594,33.01129913330078
2016-03-23,116.61000061035156,86.0108871459961,172.2014617919922,32.58476638793945
2016-03-24,116.33000183105469,85.92436218261719,172.1251983642578,32.408294677734375
2016-03-28,116.5999984741211,86.05029296875,172.22686767578125,32.621543884277344
2016-03-29,118.76000213623047,86.63256072998047,173.81997680664062,32.959808349609375
2016-03-30,117.0999984741211,86.51449584960938,174.5826873779297,33.290740966796875
2016-03-31,117.63999938964844,86.82931518554688,174.15896606445312,33.03335952758789
2016-04-01,116.93000030517578,86.80406951904297,175.34532165527344,32.702430725097656
2016-04-04,116.1500015258789,86.90657043457031,174.7775421142578,32.562713623046875
2016-04-05,117.66000366210938,87.25328826904297,173.0319061279297,31.99646759033203
2016-04-06,116.94000244140625,87.06419372558594,174.92161560058594,32.48916244506836
2016-04-07,118.61000061035156,87.51338958740234,172.82855224609375,31.989103317260742
2016-04-08,118.43000030517578,87.37940979003906,173.29464721679688,32.64360427856445
2016-04-11,120.02999877929688,87.36366271972656,172.8878631591797,32.702430725097656
2016-04-12,120.05000305175781,87.01686096191406,174.4979705810547,33.246612548828125
2016-04-13,118.7699966430664,87.07992553710938,176.26051330566406,33.739322662353516
2016-04-14,117.11000061035156,86.87503814697266,176.26902770996094,33.702552795410156
2016-04-15,117.91999816894531,87.13507843017578,176.07406616210938,33.62166976928711
2016-04-18,117.73999786376953,87.04843139648438,177.31130981445312,33.87904357910156
2016-04-19,119.58000183105469,86.90657043457031,177.87057495117188,34.49676513671875
2016-04-20,118.97000122070312,86.46516418457031,178.0400848388672,34.42322540283203
2016-04-21,119.41999816894531,86.32331085205078,177.08245849609375,34.202613830566406
2016-04-22,117.88999938964844,86.22875213623047,177.08245849609375,34.1805534362793
2016-04-25,118.2300033569336,86.13418579101562,176.7774658203125,34.01139831542969
2016-04-26,118.69999694824219,85.95291137695312,177.04014587402344,34.151126861572266
2016-04-27,119.04000091552734,86.42579650878906,177.404541015625,34.25408172607422
2016-04-28,121.29000091552734,86.72521209716797,175.79443359375,33.85697937011719
2016-04-29,123.6500015258789,86.69371032714844,174.84535217285156,33.74668502807617
2016-05-02,123.23999786376953,86.44195556640625,176.23513793945312,33.96729278564453
2016-05-03,122.95999908447266,86.9549789428711,174.70130920410156,33.28337860107422
2016-05-04,122.20999908447266,87.11284637451172,173.726806640625,32.90098571777344
2016-05-05,122.06999969482422,87.34964752197266,173.6929168701172,32.856868743896484
2016-05-06,123.18000030517578,87.14444732666016,174.3284149169922,32.945106506347656
2016-05-09,120.6500015258789,87.31017303466797,174.47250366210938,32.76862716674805
2016-05-10,120.9800033569336,87.29437255859375,176.6417999267578,33.30545425415039
2016-05-11,122.12000274658203,87.4285659790039,174.9894256591797,33.0848274230957
2016-05-12,121.16000366210938,87.19178771972656,175.04022216796875,33.0848274230957
2016-05-13,121.70999908447266,87.52328491210938,173.51495361328125,32.63624572753906
2016-05-16,121.80000305175781,87.20757293701172,175.2267303466797,33.114253997802734
2016-05-17,122.22000122070312,87.08919525146484,173.5911865234375,32.86421203613281
2016-05-18,120.0999984741211,86.38670349121094,173.64208984375,32.8127326965332
2016-05-19,119.87000274658203,86.47355651855469,173.04042053222656,32.562713623046875
2016-05-20,119.70999908447266,86.52875518798828,174.13356018066406,32.82744598388672
2016-05-23,119.37000274658203,86.583984375,173.89622497558594,32.709781646728516
2016-05-24,117.30000305175781,86.44195556640625,176.150390625,33.151023864746094
2016-05-25,116.9800033569336,86.40251922607422,177.34518432617188,33.496646881103516
2016-05-26,116.58000183105469,86.67082214355469,177.39602661132812,33.577545166015625
2016-05-27,115.62000274658203,86.50508880615234,178.15869140625,33.5040168762207
2016-05-31,116.05999755859375,86.60771942138672,177.8197479248047,33.41575622558594
2016-06-01,115.94000244140625,86.57846069335938,178.1841278076172,33.42310333251953
2016-06-02,115.66999816894531,86.84721374511719,178.72653198242188,33.48929977416992
2016-06-03,118.87999725341797,87.65347290039062,178.192626953125,33.79079055786133
2016-06-06,118.91999816894531,87.42424011230469,179.09933471679688,34.04083251953125
2016-06-07,118.81999969482422,87.55073547363281,179.37899780273438,34.32762908935547
2016-06-08,120.58000183105469,87.65347290039062,179.96365356445312,34.45264434814453
2016-06-09,121.25,87.78787231445312,179.7179718017578,33.9967155456543
2016-06-10,121.73999786376953,88.09616088867188,178.01463317871094,33.0848274230957
2016-06-13,122.63999938964844,88.27002716064453,176.6417999267578,32.61418151855469
2016-06-14,122.7699966430664,88.24633026123047,176.29441833496094,32.22486877441406
2016-06-15,123.68000030517578,88.5151138305664,176.04867553710938,32.477962493896484
2016-06-16,122.37999725341797,88.60994720458984,176.57406616210938,32.44818878173828
2016-06-17,123.94999694824219,88.30956268310547,175.91650390625,32.69383239746094
2016-06-20,123.20999908447266,87.9301528930664,177.04942321777344,33.4456787109375
2016-06-21,120.83999633789062,87.73252868652344,177.55194091796875,33.66900634765625
2016-06-22,120.9000015258789,87.90645599365234,177.26235961914062,33.66154479980469
2016-06-23,120.11000061035156,87.48747253417969,179.5707244873047,34.54738235473633
2016-06-24,126.0,88.69686889648438,173.12249755859375,31.8750057220459
2016-06-27,126.68000030517578,89.46361541748047,170.02188110351562,31.301822662353516
2016-06-28,125.31999969482422,89.44781494140625,173.08848571777344,32.083431243896484
2016-06-29,125.83999633789062,89.08422088623047,176.0356903076172,32.716163635253906
2016-06-30,126.47000122070312,89.28180694580078,178.4378204345703,33.11069869995117
2016-07-01,128.41000366210938,89.5177001953125,178.8126220703125,33.20001983642578
2016-07-05,129.47000122070312,90.00845336914062,177.5264129638672,32.62683868408203
2016-07-06,130.22999572753906,90.0242919921875,178.59115600585938,32.55985641479492
2016-07-07,129.74000549316406,89.90557098388672,178.48043823242188,32.42586135864258
2016-07-08,130.52000427246094,90.0796890258789,181.13807678222656,32.98415756225586
2016-07-11,129.2899932861328,89.60475158691406,181.77699279785156,33.3861198425293
2016-07-12,127.1500015258789,89.07444763183594,183.09719848632812,33.8476448059082
2016-07-13,128.32000732421875,89.30398559570312,183.07174682617188,33.8401985168457
2016-07-14,127.33000183105469,88.93196105957031,184.09390258789062,34.13051223754883
2016-07-15,126.83999633789062,88.59156799316406,183.8468475341797,33.98908615112305
2016-07-18,127.04000091552734,88.56781005859375,184.3409423828125,34.10818862915039
2016-07-19,127.20999908447266,88.80533599853516,184.1535186767578,33.79554748535156
2016-07-20,125.38999938964844,88.62327575683594,184.92007446289062,34.06352996826172
2016-07-21,127.30000305175781,88.82109832763672,184.22161865234375,34.03374481201172
2016-07-22,126.3499984741211,88.74991607666016,185.04794311523438,34.08585739135742
2016-07-25,125.47000122070312,88.67865753173828,184.54530334472656,33.97419357299805
2016-07-26,126.0,88.73403930664062,184.6304931640625,34.115638732910156
2016-07-27,128.02999877929688,89.11402893066406,184.4346160888672,34.279396057128906
2016-07-28,127.66000366210938,89.16146850585938,184.64756774902344,34.2719612121582
2016-07-29,128.97999572753906,89.5018539428711,184.94570922851562,34.606929779052734
2016-08-01,129.22000122070312,89.19114685058594,184.79237365722656,34.44316101074219
2016-08-02,130.27000427246094,88.97709655761719,183.60838317871094,34.309181213378906
2016-08-03,129.64999389648438,89.02471923828125,184.1449432373047,34.2496223449707
2016-08-04,129.8699951171875,89.23868560791016,184.3409423828125,34.43571472167969
2016-08-05,127.55000305175781,88.68382263183594,185.84860229492188,34.592037200927734
2016-08-08,127.44000244140625,88.63623046875,185.73782348632812,34.71860122680664
2016-08-09,127.95999908447266,88.95335388183594,185.84860229492188,34.986572265625
2016-08-10,128.55999755859375,89.19114685058594,185.3885955810547,35.053565979003906
2016-08-11,127.66999816894531,88.76309967041016,186.2489471435547,35.336448669433594
2016-08-12,127.4000015258789,89.0801773071289,186.08709716796875,35.20989227294922
2016-08-15,127.83999633789062,88.81863403320312,186.62376403808594,35.42576217651367
2016-08-16,128.47000122070312,88.66797637939453,185.66119384765625,35.29922103881836
2016-08-17,128.5,88.81068420410156,186.0104522705078,35.29922103881836
2016-08-18,129.11000061035156,88.96924591064453,186.42782592773438,35.48532485961914
2016-08-19,127.97000122070312,88.66797637939453,186.15530395507812,35.24711608886719
2016-08-22,127.77999877929688,88.8661117553711,186.14675903320312,35.202457427978516
2016-08-23,127.76000213623047,88.85822296142578,186.52154541015625,35.30666732788086
2016-08-24,126.33999633789062,88.8265151977539,185.56752014160156,35.224788665771484
2016-08-25,126.2300033569336,88.68382263183594,185.4397735595703,35.15778732299805
2016-08-26,126.05000305175781,88.34298706054688,185.09048461914062,34.904685974121094
2016-08-29,126.30000305175781,88.70763397216797,186.00192260742188,35.03867721557617
2016-08-30,125.02999877929688,88.69970703125,185.69528198242188,34.9419059753418
2016-08-31,124.77999877929688,88.59666442871094,185.16717529296875,34.76325988769531
2016-09-01,125.29000091552734,88.7355728149414,185.17572021484375,34.986572265625
2016-09-02,126.56999969482422,88.50537109375,186.0104522705078,35.3885612487793
2016-09-06,128.7100067138672,88.91814422607422,186.57266235351562,35.7532958984375
2016-09-07,128.27000427246094,88.96570587158203,186.55560302734375,35.79795455932617
2016-09-08,127.58999633789062,88.52918243408203,186.12973022460938,35.745849609375
2016-09-09,126.75,88.10848236083984,181.67469787597656,34.94935989379883
2016-09-12,126.58999633789062,88.18785858154297,184.28123474121094,35.23966598510742
2016-09-13,125.75,87.86241912841797,181.6321258544922,34.374141693115234
2016-09-14,126.18000030517578,88.06086730957031,181.56399536132812,34.40409469604492
2016-09-15,125.37000274658203,88.08463287353516,183.37835693359375,34.74101638793945
2016-09-16,125.05999755859375,88.17993927001953,182.66940307617188,34.374141693115234
2016-09-19,125.31999969482422,88.0290756225586,182.70376586914062,34.60624313354492
2016-09-20,125.44000244140625,88.16403198242188,182.71224975585938,34.7110595703125
2016-09-21,127.2699966430664,88.30693817138672,184.7669677734375,35.39241027832031
2016-09-22,127.56999969482422,88.5688247680664,185.9312744140625,35.74430847167969
2016-09-23,127.6500015258789,88.60855865478516,184.91253662109375,35.36994171142578
2016-09-26,127.55000305175781,88.8625717163086,183.41432189941406,35.0405158996582
2016-09-27,126.62000274658203,89.01342010498047,184.55296325683594,35.257633209228516
2016-09-28,126.22000122070312,88.9736557006836,185.468994140625,35.56462478637695
2016-09-29,126.06999969482422,89.02925109863281,183.79100036621094,35.160301208496094
2016-09-30,125.63999938964844,88.8069839477539,185.1779022216797,35.34748840332031
2016-10-03,125.31999969482422,88.60032653808594,184.7327117919922,35.325016021728516
2016-10-04,120.97000122070312,88.19499969482422,183.79100036621094,35.19772720336914
2016-10-05,120.77999877929688,87.99629974365234,184.6043243408203,35.45231246948242
2016-10-06,119.66000366210938,87.8134536743164,184.7327117919922,35.30257034301758
2016-10-07,119.73999786376953,87.94063568115234,184.09918212890625,35.077945709228516
2016-10-10,120.16000366210938,87.71016693115234,185.0580596923828,35.235172271728516
2016-10-11,119.55000305175781,87.68624877929688,182.72085571289062,34.681121826171875
2016-10-12,119.73999786376953,87.68624877929688,182.9605712890625,34.63618469238281
2016-10-13,120.02999877929688,87.86908721923828,182.36126708984375,34.493934631347656
2016-10-14,119.36000061035156,87.59884643554688,182.45541381835938,34.5538444519043
2016-10-17,119.68000030517578,87.78958129882812,181.8218994140625,34.48644256591797
2016-10-18,120.41999816894531,87.96446228027344,182.9605712890625,34.89826583862305
2016-10-19,121.11000061035156,88.00421142578125,183.44857788085938,35.01804733276367
2016-10-20,120.73999786376953,87.92475891113281,183.10610961914062,35.00308609008789
2016-10-21,120.83000183105469,88.02012634277344,183.19171142578125,34.958152770996094
2016-10-24,120.55999755859375,87.90086364746094,183.9708251953125,34.995574951171875
2016-10-25,121.47000122070312,87.8849868774414,183.3543701171875,34.958152770996094
2016-10-26,120.79000091552734,87.69422149658203,182.98623657226562,34.763484954833984
2016-10-27,121.01000213623047,87.39215850830078,182.49826049804688,34.681121826171875
2016-10-28,121.58000183105469,87.40808868408203,181.95889282226562,34.6436767578125
2016-10-31,121.94000244140625,87.4795913696289,181.96746826171875,34.67362594604492
2016-11-01,122.7300033569336,87.48282623291016,180.64906311035156,34.53887176513672
2016-11-02,123.63999938964844,87.74545288085938,179.5618438720703,34.24685287475586
2016-11-03,124.30000305175781,87.6897201538086,178.7399139404297,34.21691131591797
2016-11-04,124.38999938964844,87.96038055419922,178.54299926757812,33.88746643066406
2016-11-07,122.1500015258789,87.59423065185547,182.48110961914062,34.53137969970703
2016-11-08,121.63999938964844,87.28384399414062,183.30299377441406,34.6436767578125
2016-11-09,121.55999755859375,85.9545669555664,185.24639892578125,34.411582946777344
2016-11-10,119.75,85.43721008300781,185.70867919921875,34.18695831298828
2016-11-11,117.0999984741211,85.26211547851562,185.2806396484375,33.835044860839844
2016-11-14,116.11000061035156,84.76863861083984,185.42613220214844,33.625404357910156
2016-11-15,117.12000274658203,84.76863861083984,186.87301635742188,33.95485305786133
2016-11-16,116.7699966430664,84.84820556640625,186.52197265625,33.602943420410156
2016-11-17,116.16999816894531,84.47412109375,187.48085021972656,33.81258773803711
2016-11-18,115.1500015258789,84.10002136230469,187.06134033203125,33.52806854248047
2016-11-21,115.58000183105469,84.17163848876953,188.47398376464844,33.82757568359375
2016-11-22,115.54000091552734,84.25125885009766,188.84207153320312,33.99229049682617
2016-11-23,113.25,83.94884490966797,188.9447784423828,33.835044860839844
2016-11-25,112.61000061035156,83.87715911865234,189.6468505859375,33.969825744628906
2016-11-28,113.80000305175781,84.25920104980469,188.75648498535156,33.84254455566406
2016-11-29,113.2699966430664,84.34678649902344,189.12460327148438,34.007259368896484
2016-11-30,111.75,83.78164672851562,188.6708526611328,33.977317810058594
2016-12-01,111.54000091552734,83.4620132446289,187.97744750976562,33.88746643066406
2016-12-02,112.13999938964844,83.83663940429688,188.07156372070312,33.977317810058594
2016-12-05,111.54000091552734,83.80475616455078,189.20167541503906,34.24685287475586
2016-12-06,111.43000030517578,83.83663940429688,189.80096435546875,34.42654800415039
2016-12-07,111.83000183105469,84.11561584472656,192.28366088867188,34.920719146728516
2016-12-08,111.56999969482422,83.79676055908203,192.75457763671875,34.94316864013672
2016-12-09,110.4000015258789,83.36637115478516,193.91880798339844,35.04800033569336
2016-12-12,110.81999969482422,83.38232421875,193.69625854492188,34.8458366394043
2016-12-13,110.44999694824219,83.43016815185547,194.989013671875,35.190250396728516
2016-12-14,108.83000183105469,82.73668670654297,193.3794708251953,34.5538444519043
2016-12-15,107.33999633789062,82.5055160522461,194.17568969726562,34.53137969970703
2016-12-16,108.05000305175781,82.60911560058594,193.7958984375,34.4639892578125
2016-12-19,108.58999633789062,82.99172973632812,194.21786499023438,34.42654800415039
2016-12-20,107.79000091552734,82.81637573242188,194.96713256835938,34.532249450683594
2016-12-21,107.8499984741211,82.95189666748047,194.42457580566406,34.479408264160156
2016-12-22,107.58999633789062,82.91600036621094,194.08871459960938,34.31327438354492
2016-12-23,107.93000030517578,82.99578857421875,194.37289428710938,34.411460876464844
2016-12-27,108.55999755859375,82.87604522705078,194.85511779785156,34.41899490356445
2016-12-28,108.86000061035156,83.1794204711914,193.24478149414062,34.39632797241211
2016-12-29,110.29000091552734,83.43488311767578,193.20172119140625,34.58512496948242
2016-12-30,109.61000061035156,83.68235778808594,192.4955596923828,34.645530700683594
2017-01-03,110.47000122070312,83.64244079589844,193.9681396484375,34.89472961425781
2017-01-04,110.86000061035156,83.73826599121094,195.1220703125,35.27984619140625
2017-01-05,112.58000183105469,84.2811050415039,194.96713256835938,35.544158935546875
2017-01-06,111.75,83.89790344238281,195.6646270751953,35.4686279296875
2017-01-09,112.66999816894531,84.21725463867188,195.018798828125,35.40067672729492
2017-01-10,113.1500015258789,84.17732238769531,195.018798828125,35.461090087890625
2017-01-11,113.5,84.27315521240234,195.5699005126953,35.725379943847656
2017-01-12,113.91000366210938,84.3210678100586,195.07904052734375,35.77824020385742
2017-01-13,114.20999908447266,84.1374282836914,195.52687072753906,35.88396072387695
2017-01-17,115.8499984741211,84.56051635742188,194.8379364013672,35.793357849121094
2017-01-18,114.87000274658203,83.9617691040039,195.26846313476562,35.604576110839844
2017-01-19,114.7699966430664,83.64244079589844,194.5451202392578,35.57434844970703
2017-01-20,115.05000305175781,83.68235778808594,195.2598876953125,35.71782684326172
2017-01-23,115.79000091552734,84.12150573730469,194.7518310546875,35.88396072387695
2017-01-24,115.2699966430664,83.80213928222656,196.00047302246094,36.02743911743164
2017-01-25,114.31999969482422,83.38697052001953,197.697021484375,36.405006408691406
2017-01-26,113.26000213623047,83.4987564086914,197.49026489257812,36.29172897338867
2017-01-27,113.48999786376953,83.60250854492188,197.18026733398438,36.20866394042969
2017-01-30,113.97000122070312,83.57857513427734,195.9573974609375,35.97456359863281
2017-01-31,115.55000305175781,83.86599731445312,195.94021606445312,36.05763244628906
2017-02-01,115.19999694824219,83.70526885986328,196.01768493652344,36.17845916748047
2017-02-02,115.83999633789062,83.73727416992188,196.14686584472656,36.22377014160156
2017-02-03,116.12999725341797,83.80122375488281,197.49888610839844,36.389892578125
2017-02-06,117.69999694824219,84.20101928710938,197.1458282470703,36.17845916748047
2017-02-07,117.45999908447266,84.3529052734375,197.15443420410156,36.14070129394531
2017-02-08,118.19000244140625,84.69670867919922,197.4127960205078,36.253971099853516
2017-02-09,117.29000091552734,84.1930160522461,198.5839385986328,36.35213851928711
2017-02-10,117.5999984741211,84.13702392578125,199.36766052246094,36.54846954345703
2017-02-13,116.80000305175781,84.00911712646484,200.4527130126953,36.691951751708984
2017-02-14,116.93000030517578,83.70526885986328,201.2535858154297,36.66175079345703
2017-02-15,117.44999694824219,83.54536437988281,202.30419921875,36.865623474121094
2017-02-16,118.08000183105469,83.88116455078125,202.1319580078125,36.89582824707031
2017-02-17,117.68000030517578,84.10506439208984,202.4506072998047,36.73725891113281
2017-02-21,117.75,84.06507873535156,203.65621948242188,36.948692321777344
2017-02-22,117.91000366210938,84.20101928710938,203.47535705566406,36.95623779296875
2017-02-23,118.94000244140625,84.42485046386719,203.61318969726562,36.9940071105957
2017-02-24,119.69999694824219,84.81666564941406,203.8715057373047,36.69949722290039
2017-02-27,119.12000274658203,84.5127944946289,204.19015502929688,36.6693000793457
2017-02-28,119.2300033569336,84.47288513183594,203.63902282714844,36.540931701660156
2017-03-01,119.05999755859375,83.88434600830078,206.48948669433594,36.96378707885742
2017-03-02,117.58000183105469,83.64419555664062,205.1890869140625,36.64664077758789
2017-03-03,117.51000213623047,83.72425842285156,205.31825256347656,36.82787322998047
2017-03-06,116.72000122070312,83.70825958251953,204.70684814453125,36.73725891113281
2017-03-07,115.77999877929688,83.58811950683594,204.09542846679688,36.65419387817383
2017-03-08,115.05999755859375,83.30791473388672,203.71649169921875,36.435203552246094
2017-03-09,114.47000122070312,83.07569885253906,203.9748077392578,36.48051452636719
2017-03-10,114.72000122070312,83.25186157226562,204.68959045410156,36.8203239440918
2017-03-13,114.73999786376953,83.04366302490234,204.79295349121094,37.02420425415039
2017-03-14,114.12000274658203,83.13172912597656,204.00930786132812,36.76747131347656
2017-03-15,116.25,83.86033630371094,205.77468872070312,37.364009857177734
2017-03-16,116.7300033569336,83.6281509399414,205.3699493408203,37.583011627197266
2017-03-17,116.98999786376953,83.85235595703125,205.00927734375,37.575443267822266
2017-03-20,117.51000213623047,84.05252075195312,204.7843475341797,37.65097427368164
2017-03-21,118.54000091552734,84.33271026611328,202.15505981445312,37.38666534423828
2017-03-22,118.83000183105469,84.49286651611328,202.63075256347656,37.45463562011719
2017-03-23,118.66999816894531,84.40480041503906,202.41448974609375,37.53770065307617
2017-03-24,118.86000061035156,84.45283508300781,202.26751708984375,37.674068450927734
2017-03-27,119.52999877929688,84.6610107421875,202.0598907470703,37.72711181640625
2017-03-28,119.04000091552734,84.37278747558594,203.53024291992188,37.84829330444336
2017-03-29,119.33000183105469,84.61295318603516,203.72056579589844,37.89375686645508
2017-03-30,118.47000122070312,84.37278747558594,204.36920166015625,37.742244720458984
2017-03-31,118.72000122070312,84.5408935546875,203.89358520507812,37.636173248291016
2017-04-03,119.3499984741211,84.95709991455078,203.53890991210938,37.62860870361328
2017-04-04,119.62000274658203,84.8367919921875,203.66864013671875,37.658912658691406
2017-04-05,119.62000274658203,84.99720001220703,203.06320190429688,37.492252349853516
2017-04-06,119.18000030517578,84.94098663330078,203.63404846191406,37.492252349853516
2017-04-07,119.45999908447266,84.68444061279297,203.42648315429688,37.45436096191406
2017-04-10,119.45999908447266,84.8367919921875,203.5475616455078,37.4240608215332
2017-04-11,121.19000244140625,85.22972869873047,203.30538940429688,37.53012466430664
2017-04-12,122.0199966430664,85.49436950683594,202.41448974609375,37.537696838378906
2017-04-13,122.5999984741211,85.75093078613281,201.099853515625,37.32557678222656
2017-04-17,122.23999786376953,85.61454010009766,202.88162231445312,37.62860870361328
2017-04-18,122.81999969482422,86.1037368774414,202.27615356445312,37.371028900146484
2017-04-19,121.7300033569336,85.87923431396484,201.9042205810547,37.20436477661133
2017-04-20,121.95999908447266,85.68677520751953,203.5475616455078,37.5452766418457
2017-04-21,122.30999755859375,85.72689819335938,202.89889526367188,37.53012466430664
2017-04-24,121.4800033569336,85.55046844482422,205.13040161132812,38.32556915283203
2017-04-25,120.25,85.1093978881836,206.32395935058594,38.55284881591797
2017-04-26,120.83999633789062,85.3339614868164,206.19418334960938,38.461944580078125
2017-04-27,120.38999938964844,85.3900375366211,206.36715698242188,38.408897399902344
2017-04-28,120.7699966430664,85.478271484375,205.91741943359375,38.408897399902344
2017-05-01,119.66999816894531,85.2936019897461,206.43638610839844,38.58315658569336
2017-05-02,119.6500015258789,85.4702377319336,206.51425170898438,38.81041717529297
2017-05-03,117.9800033569336,85.2936019897461,206.26339721679688,38.69678497314453
2017-05-04,116.79000091552734,85.1008529663086,206.50555419921875,38.795265197753906
2017-05-05,117.01000213623047,85.11689758300781,207.3185577392578,39.16648864746094
2017-05-08,116.75,84.90812683105469,207.2839813232422,38.96194076538086
2017-05-09,116.05000305175781,84.81171417236328,207.09371948242188,38.93920135498047
2017-05-10,116.04000091552734,84.77959442138672,207.46559143066406,39.067996978759766
2017-05-11,116.5,84.84387969970703,207.04177856445312,38.984649658203125
2017-05-12,116.83000183105469,85.27749633789062,206.69581604003906,39.189205169677734
2017-05-15,117.13999938964844,85.2212905883789,207.83749389648438,39.46194076538086
2017-05-16,117.6500015258789,85.33375549316406,207.6472930908203,39.613441467285156
2017-05-17,119.79000091552734,86.01634979248047,203.9626922607422,39.09072494506836
2017-05-18,118.80999755859375,85.99226379394531,204.7843475341797,38.999813079833984
2017-05-19,119.4000015258789,85.96815490722656,206.11634826660156,39.53768539428711
2017-05-22,119.9000015258789,85.87177276611328,207.1628875732422,39.590721130371094
2017-05-23,119.13999938964844,85.64691162109375,207.6212615966797,39.590721130371094
2017-05-24,119.61000061035156,85.82362365722656,208.10565185546875,39.666473388671875
2017-05-25,119.4800033569336,85.87177276611328,209.10028076171875,39.681636810302734
2017-05-26,120.54000091552734,85.92801666259766,209.05706787109375,39.64375305175781
2017-05-30,120.13999938964844,86.14484405517578,208.87538146972656,39.56041717529297
2017-05-31,120.62000274658203,86.18495178222656,208.823486328125,39.54526901245117
2017-06-01,120.72000122070312,86.13994598388672,210.484130859375,39.84071350097656
2017-06-02,121.61000061035156,86.51791381835938,211.18466186523438,40.18162536621094
2017-06-05,121.7300033569336,86.37313842773438,211.02902221679688,40.02252197265625
2017-06-06,123.0999984741211,86.64662170410156,210.35443115234375,39.939205169677734
2017-06-07,122.44999694824219,86.48576354980469,210.74362182617188,39.9543571472168
2017-06-08,121.6500015258789,86.34902954101562,210.84738159179688,39.916473388671875
2017-06-09,120.54000091552734,86.26863861083984,210.5273895263672,39.734657287597656
2017-06-12,120.36000061035156,86.25255584716797,210.484130859375,39.59830093383789
2017-06-13,120.4800033569336,86.28469848632812,211.5133819580078,39.924049377441406
2017-06-14,119.81999969482422,86.7351303100586,211.2452392578125,39.87102127075195
2017-06-15,119.31999969482422,86.58230590820312,210.8387451171875,39.477073669433594
2017-06-16,119.33999633789062,86.63056182861328,210.884765625,39.75738525390625
2017-06-19,118.43000030517578,86.38928985595703,212.6404571533203,39.9316291809082
2017-06-20,118.18000030517578,86.6064453125,211.20639038085938,39.54526901245117
2017-06-21,118.5199966430664,86.59842681884766,211.15426635742188,39.4809455871582
2017-06-22,118.91999816894531,86.67882537841797,211.05865478515625,39.618778228759766
2017-06-23,119.43000030517578,86.70294952392578,211.31068420410156,39.71831130981445
2017-06-26,118.36000061035156,86.7753677368164,211.4497528076172,39.833187103271484
2017-06-27,118.80999755859375,86.34902954101562,209.7462615966797,39.741302490234375
2017-06-28,118.9000015258789,86.26863861083984,211.6235809326172,40.1241455078125
2017-06-29,118.31999969482422,85.9469223022461,209.76365661621094,39.71067428588867
2017-06-30,118.0199966430664,85.74581146240234,210.15478515625,39.794898986816406
2017-07-03,116.08999633789062,85.43087768554688,210.5110626220703,39.82551956176758
2017-07-05,116.5199966430664,85.49527740478516,210.99783325195312,39.794898986816406
2017-07-06,116.47000122070312,85.33419799804688,209.06834411621094,39.55751037597656
2017-07-07,115.27999877929688,85.19728088378906,210.4241943359375,39.603458404541016
2017-07-10,115.47000122070312,85.31005859375,210.65013122558594,39.72597122192383
2017-07-11,115.62000274658203,85.42282104492188,210.4936981201172,39.86381149291992
2017-07-12,116.02999877929688,85.6725082397461,212.0754852294922,40.246665954589844
2017-07-13,115.81999969482422,85.58394622802734,212.43186950683594,40.39981460571289
2017-07-14,116.7699966430664,85.70475006103516,213.4226531982422,40.75971603393555
2017-07-17,117.29000091552734,85.8094711303711,213.39659118652344,40.60655212402344
2017-07-18,118.11000061035156,86.12360382080078,213.50958251953125,40.71376419067383
2017-07-19,118.08000183105469,86.12360382080078,214.66554260253906,40.92816925048828
2017-07-20,118.23999786376953,86.14778137207031,214.76113891601562,41.081321716308594
2017-07-21,119.26000213623047,86.30083465576172,214.56991577148438,40.90519332885742
2017-07-24,119.30999755859375,86.24444580078125,214.5177459716797,40.90519332885742
2017-07-25,118.91999816894531,85.76114654541016,215.03924560546875,40.951148986816406
2017-07-26,119.87999725341797,86.0350341796875,215.0479278564453,41.173194885253906
2017-07-27,119.79000091552734,85.89810180664062,214.84799194335938,41.0583381652832
2017-07-28,120.69000244140625,86.04307556152344,214.59597778320312,41.0583381652832
2017-07-31,120.75,86.06721496582031,214.47430419921875,41.134918212890625
2017-08-01,120.6500015258789,86.28101348876953,214.95233154296875,41.39527130126953
2017-08-02,120.4000015258789,86.2003173828125,215.05661010742188,41.38761520385742
2017-08-03,120.58999633789062,86.49884796142578,214.6394500732422,41.31868362426758
2017-08-04,119.6500015258789,86.26484680175781,215.030517578125,41.39527130126953
2017-08-07,119.51000213623047,86.31330108642578,215.4303741455078,41.441200256347656
2017-08-08,119.86000061035156,86.24069213867188,214.9002227783203,41.28805923461914
2017-08-09,121.30999755859375,86.34552764892578,214.89146423339844,41.1655387878418
2017-08-10,122.20999908447266,86.66824340820312,211.85824584960938,40.50703048706055
2017-08-11,122.79000091552734,86.76504516601562,212.171142578125,40.51468276977539
2017-08-14,121.91999816894531,86.5552978515625,214.27439880371094,40.82096862792969
2017-08-15,120.9800033569336,86.29718780517578,214.24827575683594,40.73673629760742
2017-08-16,121.87000274658203,86.4584732055664,214.62210083007812,41.035369873046875
2017-08-17,122.48999786376953,86.76504516601562,211.2759552001953,40.53765106201172
2017-08-18,122.30000305175781,86.78118896484375,210.94570922851562,40.67547607421875
2017-08-21,122.76000213623047,86.83765411376953,211.1107940673828,40.75971603393555
2017-08-22,122.20999908447266,86.66824340820312,213.3183135986328,40.92051696777344
2017-08-23,122.66999816894531,86.96678161621094,212.5535430908203,40.989437103271484
2017-08-24,122.29000091552734,86.82963562011719,212.05813598632812,40.99708938598633
2017-08-25,122.73999786376953,86.97482299804688,212.5535430908203,41.2574348449707
2017-08-28,124.69000244140625,87.05546569824219,212.5622100830078,41.234466552734375
2017-08-29,124.41999816894531,87.25718688964844,212.80560302734375,41.066001892089844
2017-08-30,124.36000061035156,87.1845474243164,213.8137664794922,41.043033599853516
2017-08-31,125.81999969482422,87.32170867919922,215.10009765625,41.35698318481445
2017-09-01,126.05999755859375,87.06475830078125,215.4042510986328,41.47184371948242
2017-09-05,127.45999908447266,87.67073822021484,213.85720825195312,41.15789794921875
2017-09-06,126.80999755859375,87.4607162475586,214.58726501464844,41.448875427246094
2017-09-07,128.1300048828125,87.84042358398438,214.5612335205078,41.76280975341797
2017-09-08,127.97000122070312,87.77577209472656,214.30918884277344,41.72452926635742
2017-09-11,126.19000244140625,87.27484130859375,216.59500122070312,42.08442687988281
2017-09-12,126.55999755859375,87.06475830078125,217.32505798339844,42.10739517211914
2017-09-13,125.61000061035156,86.88702392578125,217.4292755126953,41.915958404541016
2017-09-14,126.16000366210938,86.90321350097656,217.3598175048828,42.007843017578125
2017-09-15,125.52999877929688,87.00818634033203,217.65243530273438,42.11506652832031
2017-09-18,124.36000061035156,86.66886138916016,218.1153564453125,42.18396759033203
2017-09-19,124.62000274658203,86.57193756103516,218.33367919921875,42.329444885253906
2017-09-20,123.62000274658203,86.40227508544922,218.4123077392578,42.25862121582031
2017-09-21,122.68000030517578,86.2891845703125,217.82713317871094,42.181636810302734
2017-09-22,123.23999786376953,86.44265747070312,217.87081909179688,42.22013473510742
2017-09-25,124.52999877929688,86.70117950439453,217.42532348632812,41.95068359375
2017-09-26,123.13999938964844,86.6285400390625,217.5563507080078,41.83518981933594
2017-09-27,121.9800033569336,86.18413543701172,218.403564453125,41.79669952392578
2017-09-28,122.20999908447266,86.16799926757812,218.6655731201172,41.89677429199219
2017-09-29,121.58000183105469,86.06290435791016,219.4342041015625,42.13544845581055
2017-10-02,120.7699966430664,85.96500396728516,220.38629150390625,42.13544845581055
2017-10-03,120.83000183105469,86.08634185791016,220.85792541503906,42.37410354614258
2017-10-04,121.16999816894531,86.06210327148438,221.11996459960938,42.343318939208984
2017-10-05,120.5199966430664,85.97314453125,222.43008422851562,42.35871887207031
2017-10-06,121.08999633789062,85.86791229248047,222.1768341064453,42.30481719970703
2017-10-09,122.08000183105469,85.96500396728516,221.80999755859375,42.297115325927734
2017-10-10,122.4000015258789,85.99736785888672,222.3952178955078,42.66666030883789
2017-10-11,122.79000091552734,86.09447479248047,222.7445526123047,42.8591423034668
2017-10-12,122.88999938964844,86.1753921508789,222.41261291503906,42.820640563964844
2017-10-13,123.81999969482422,86.46669006347656,222.68345642089844,43.10548782348633
2017-10-16,122.97000122070312,86.3210678100586,222.98037719726562,43.05929946899414
2017-10-17,122.12999725341797,86.28868865966797,223.13760375976562,42.94381332397461
2017-10-18,121.66999816894531,86.07025146484375,223.35597229003906,43.05158615112305
2017-10-19,122.38999938964844,86.15921020507812,223.41712951660156,42.8745231628418
2017-10-20,121.61000061035156,85.8031997680664,224.5700225830078,42.85143280029297
2017-10-23,121.80000305175781,85.88411712646484,223.6965789794922,42.735939025878906
2017-10-24,121.33000183105469,85.62516021728516,224.08970642089844,42.81293487548828
2017-10-25,121.3499984741211,85.48763275146484,222.98037719726562,42.658966064453125
2017-10-26,120.33000183105469,85.37432098388672,223.2685546875,42.59737014770508
2017-10-27,120.9000015258789,85.64942932128906,225.09410095214844,42.76673889160156
2017-10-30,121.12999725341797,85.95692443847656,224.255615234375,42.78983688354492
2017-10-31,120.66999816894531,85.9002456665039,224.6050262451172,42.99000549316406
2017-11-01,121.11000061035156,85.95214080810547,224.90191650390625,43.12858581542969
2017-11-02,121.19000244140625,86.06562042236328,224.98927307128906,43.22097396850586
2017-11-03,120.62000274658203,86.20341491699219,225.74046325683594,43.136295318603516
2017-11-06,121.6500015258789,86.30872344970703,226.08987426757812,43.282562255859375
2017-11-07,121.20999908447266,86.34112548828125,225.9326629638672,43.120880126953125
2017-11-08,121.62999725341797,86.23577117919922,226.31690979003906,43.282562255859375
2017-11-09,122.12999725341797,86.20341491699219,225.49591064453125,43.020809173583984
2017-11-10,121.12999725341797,85.76573181152344,225.426025390625,42.90531921386719
2017-11-13,121.30999755859375,85.72528076171875,225.6356964111328,42.712852478027344
2017-11-14,121.55999755859375,85.8468017578125,225.1116180419922,42.66666030883789
2017-11-15,121.41000366210938,86.15474700927734,223.98483276367188,42.428001403808594
2017-11-16,121.4000015258789,85.93595886230469,225.888916015625,42.91301727294922
2017-11-17,122.86000061035156,86.04936218261719,225.2251434326172,42.8745231628418
2017-11-20,121.30999755859375,85.91161346435547,225.6094512939453,42.94381332397461
2017-11-21,121.51000213623047,85.92784881591797,227.08551025390625,43.290260314941406
2017-11-22,122.62999725341797,86.20341491699219,226.88467407226562,43.413455963134766
2017-11-24,122.31999969482422,86.13042449951172,227.40869140625,43.64439392089844
2017-11-27,122.83000183105469,86.18714904785156,227.2952117919922,43.32105255126953
2017-11-28,122.80999755859375,86.20341491699219,229.60105895996094,43.58280563354492
2017-11-29,122.04000091552734,85.92784881591797,229.46133422851562,43.282562255859375
2017-11-30,121.0999984741211,85.660400390625,231.47023010253906,43.259464263916016
2017-12-01,121.58999633789062,85.9769287109375,230.98976135253906,43.1901741027832
2017-12-04,121.18000030517578,85.93634796142578,230.7103271484375,43.03620529174805
2017-12-05,120.31999969482422,86.00131225585938,229.8805694580078,42.97461700439453
2017-12-06,120.06999969482422,86.17984008789062,229.9241943359375,42.728248596191406
2017-12-07,118.48999786376953,86.0256118774414,230.649169921875,42.83602523803711
2017-12-08,118.4800033569336,85.960693359375,231.90692138671875,43.0977897644043
2017-12-11,118.01000213623047,85.90390014648438,232.60568237304688,43.1901741027832
2017-12-12,118.1500015258789,85.83084106445312,233.01620483398438,43.17478561401367
2017-12-13,119.16999816894531,86.17984008789062,232.99002075195312,43.413455963134766
2017-12-14,118.93000030517578,86.14738464355469,232.03793334960938,43.213279724121094
2017-12-15,119.18000030517578,86.13115692138672,233.97023010253906,43.1901741027832
2017-12-18,119.7300033569336,85.93634796142578,235.4539031982422,43.68289566040039
2017-12-19,119.81999969482422,85.54679870605469,234.54969787597656,43.552024841308594
2017-12-20,120.13999938964844,85.29515838623047,234.42672729492188,43.5443229675293
2017-12-21,120.30999755859375,85.35530090332031,234.90956115722656,43.761192321777344
2017-12-22,120.94000244140625,85.38780975341797,234.84811401367188,43.89332580566406
2017-12-26,121.7699966430664,85.42032623291016,234.56724548339844,43.91665267944336
2017-12-27,122.2300033569336,85.78614807128906,234.68130493164062,43.99436569213867
2017-12-28,122.8499984741211,85.68048095703125,235.16416931152344,44.07210922241211
2017-12-29,123.6500015258789,85.81867980957031,234.2775115966797,44.157596588134766
2018-01-02,125.1500015258789,85.53414154052734,235.95423889160156,44.600650787353516
2018-01-03,124.81999969482422,85.62359619140625,237.44677734375,44.91156005859375
2018-01-04,125.45999908447266,85.58295440673828,238.447509765625,45.28467559814453
2018-01-05,125.33000183105469,85.47723388671875,240.03651428222656,45.587806701660156
2018-01-08,125.30999755859375,85.43660736083984,240.47544860839844,45.564483642578125
2018-01-09,124.7300033569336,85.0301742553711,241.019775390625,45.60334777832031
2018-01-10,125.02999877929688,85.00578308105469,240.6510772705078,45.44789505004883
2018-01-11,125.44000244140625,85.06265258789062,242.40687561035156,45.73549270629883
2018-01-12,126.95999908447266,85.00578308105469,243.9871368408203,46.17854309082031
2018-01-16,127.16999816894531,85.04639434814453,243.1531219482422,46.13189697265625
2018-01-17,126.13999938964844,84.85944366455078,245.470703125,46.450599670410156
2018-01-18,125.86000061035156,84.5911636352539,245.0581512451172,46.39618682861328
2018-01-19,126.41999816894531,84.3717041015625,246.17315673828125,46.606040954589844
2018-01-22,126.6500015258789,84.33920288085938,248.17462158203125,46.86255645751953
2018-01-23,127.27999877929688,84.58306121826172,248.7014923095703,47.049110412597656
2018-01-24,128.8300018310547,84.42050170898438,248.6049041748047,47.25120162963867
2018-01-25,127.97000122070312,84.60740661621094,248.71029663085938,47.080196380615234
2018-01-26,128.07000732421875,84.35543823242188,251.58973693847656,47.54656219482422
2018-01-29,127.3499984741211,84.1440658569336,249.92184448242188,47.056884765625
2018-01-30,126.80000305175781,83.94901275634766,247.35826110839844,46.613826751708984
2018-01-31,127.6500015258789,83.97338104248047,247.48117065429688,46.683780670166016
2018-02-01,128.07000732421875,83.54019165039062,247.20016479492188,46.64491653442383
2018-02-02,126.38999938964844,83.23081970214844,241.8187255859375,45.626678466796875
2018-02-05,126.70999908447266,83.91476440429688,231.70526123046875,43.792274475097656
2018-02-06,125.37999725341797,83.54837036132812,236.27035522460938,44.84938430786133
2018-02-07,124.79000091552734,83.3040771484375,234.98855590820312,44.041011810302734
2018-02-08,124.9800033569336,83.37738037109375,226.17442321777344,42.82843780517578
2018-02-09,124.7699966430664,83.23081970214844,229.57191467285156,43.232627868652344
2018-02-12,125.37000274658203,83.20637512207031,232.94309997558594,43.83891296386719
2018-02-13,126.08000183105469,83.34479522705078,233.5225067138672,43.83891296386719
2018-02-14,128.22999572753906,82.83993530273438,236.6742401123047,44.62397766113281
2018-02-15,128.3800048828125,82.86439514160156,239.69419860839844,45.020381927490234
2018-02-16,127.95999908447266,83.05980682373047,239.76441955566406,45.082584381103516
2018-02-20,126.23999786376953,82.97027587890625,238.26324462890625,44.59287643432617
2018-02-21,125.66000366210938,82.72599792480469,237.07801818847656,44.48405838012695
2018-02-22,126.30000305175781,82.83993530273438,237.3852996826172,44.686161041259766
2018-02-23,126.13999938964844,83.15750122070312,241.1690673828125,45.17585372924805
2018-02-26,126.44999694824219,83.25523376464844,243.96957397460938,45.517860412597656
2018-02-27,125.12999725341797,82.99466705322266,240.92320251464844,44.740562438964844
2018-02-28,125.0,83.1900634765625,238.482666015625,44.23531723022461
2018-03-01,124.72000122070312,83.54805755615234,235.0149688720703,43.77672576904297
2018-03-02,125.38999938964844,83.23818969726562,236.2263946533203,43.90109634399414
2018-03-05,125.18000030517578,83.1321792602539,238.9567413330078,44.07987594604492
2018-03-06,126.52999877929688,83.12403869628906,239.56251525878906,44.414093017578125
2018-03-07,125.72000122070312,83.12403869628906,239.47467041015625,44.367469787597656
2018-03-08,125.41999816894531,83.2952880859375,240.63352966308594,44.46073913574219
2018-03-09,125.54000091552734,83.11587524414062,244.82110595703125,44.88047409057617
2018-03-12,125.54000091552734,83.31159210205078,244.51385498046875,44.95820236206055
2018-03-13,125.77999877929688,83.4501724243164,242.93365478515625,44.639530181884766
2018-03-14,125.69999694824219,83.61331939697266,241.68702697753906,44.7561149597168
2018-03-15,124.9000015258789,83.58072662353516,241.42364501953125,44.69392776489258
2018-03-16,124.5999984741211,83.48283386230469,241.68540954589844,44.60843276977539
2018-03-19,124.87000274658203,83.40130615234375,238.41534423828125,44.219783782958984
2018-03-20,124.30999755859375,83.23818969726562,238.82078552246094,44.35969924926758
2018-03-21,126.4800033569336,83.2952880859375,238.36245727539062,44.48405838012695
2018-03-22,125.9800033569336,83.63777160644531,232.4040985107422,43.520225524902344
2018-03-23,127.61000061035156,83.7519760131836,227.45045471191406,43.022769927978516
2018-03-26,128.27999877929688,83.52363586425781,233.67327880859375,43.9049186706543
2018-03-27,127.48999786376953,83.99665069580078,229.69813537597656,43.429542541503906
2018-03-28,125.7300033569336,83.98033142089844,229.01942443847656,43.577613830566406
2018-03-29,125.79000091552734,84.15154266357422,231.9457244873047,44.06856155395508
2018-04-02,127.26000213623047,84.23729705810547,226.9392852783203,43.3828010559082
2018-04-03,126.30000305175781,83.96772766113281,229.84793090820312,43.78802490234375
2018-04-04,126.44999694824219,83.91873168945312,232.30709838867188,43.858154296875
2018-04-05,125.80000305175781,83.70635986328125,234.14051818847656,44.146488189697266
2018-04-06,126.38999938964844,84.0739517211914,228.92247009277344,43.68671417236328
2018-04-09,126.81999969482422,84.09030151367188,230.05068969726562,44.014015197753906
2018-04-10,127.12000274658203,83.94322204589844,233.7085418701172,44.5361328125
2018-04-11,128.11000061035156,84.02490997314453,232.48342895507812,44.40365982055664
2018-04-12,126.62000274658203,83.72270202636719,234.3960723876953,44.52833557128906
2018-04-13,127.44999694824219,83.79621887207031,233.7085418701172,44.45819091796875
2018-04-16,127.62999725341797,83.75534057617188,235.6300506591797,44.54393005371094
2018-04-17,127.75,83.80438995361328,238.15093994140625,44.7387580871582
2018-04-18,127.8499984741211,83.47764587402344,238.3272247314453,44.99591827392578
2018-04-19,127.5999984741211,83.2489013671875,237.005126953125,44.801109313964844
2018-04-20,126.62999725341797,82.97113800048828,234.9954376220703,44.52054977416992
2018-04-23,125.62000274658203,82.88944244384766,234.96017456054688,44.38806915283203
2018-04-24,126.2300033569336,82.7914047241211,231.7959442138672,44.201053619384766
2018-04-25,125.41000366210938,82.6117172241211,232.36883544921875,44.06077575683594
2018-04-26,124.97000122070312,82.8486099243164,234.73097229003906,44.380279541015625
2018-04-27,125.5,82.98747253417969,234.951416015625,44.489383697509766
2018-04-30,124.58999633789062,83.07734680175781,233.1444549560547,44.271175384521484
2018-05-01,123.70999908447266,82.94721221923828,233.55877685546875,44.16987609863281
2018-05-02,123.6500015258789,82.96358489990234,231.9898223876953,44.052974700927734
2018-05-03,124.27999877929688,83.17637634277344,231.47857666015625,44.146488189697266
2018-05-04,124.54000091552734,83.1845474243164,234.47540283203125,44.278968811035156
2018-05-07,124.56999969482422,83.14363098144531,235.26869201660156,44.20883560180664
2018-05-08,124.58999633789062,83.00447845458984,235.26869201660156,44.32572555541992
2018-05-09,124.33000183105469,82.81626892089844,237.54273986816406,44.37248611450195
2018-05-10,125.18000030517578,82.98812866210938,239.76400756835938,44.83226013183594
2018-05-11,125.0,82.99634552001953,240.4954833984375,44.88680648803711
2018-05-14,124.48999786376953,82.81626892089844,240.6100616455078,44.933555603027344
2018-05-15,122.4800033569336,82.3580093383789,238.9530029296875,44.51274871826172
2018-05-16,122.29000091552734,82.1861343383789,239.9578094482422,44.7309684753418
2018-05-17,122.36000061035156,82.13697052001953,239.7551727294922,44.62965393066406
2018-05-18,122.41000366210938,82.45613861083984,239.15577697753906,44.434837341308594
2018-05-21,122.4800033569336,82.513427734375,240.95379638671875,44.7309684753418
2018-05-22,122.41000366210938,82.48072814941406,240.283935546875,44.715370178222656
2018-05-23,122.54000091552734,82.85718536376953,240.94500732421875,44.333518981933594
2018-05-24,123.58999633789062,83.06999206542969,240.451416015625,44.17765426635742
2018-05-25,123.20999908447266,83.39738464355469,239.87852478027344,44.014015197753906
2018-05-29,123.19000244140625,84.29764556884766,237.11968994140625,43.14901351928711
2018-05-30,123.37000274658203,83.9375228881836,240.283935546875,43.71010208129883
2018-05-31,123.0999984741211,83.8965835571289,238.81201171875,43.546451568603516
2018-06-01,122.48999786376953,83.58660125732422,241.15658569335938,43.943885803222656
2018-06-04,122.37000274658203,83.29138946533203,242.30239868164062,44.1075325012207
2018-06-05,122.8499984741211,83.50463104248047,242.47869873046875,44.014015197753906
2018-06-06,122.91999816894531,83.1683578491211,244.50588989257812,44.46600341796875
2018-06-07,122.86000061035156,83.52101135253906,244.47946166992188,44.11532211303711
2018-06-08,123.01000213623047,83.4062271118164,245.2022705078125,44.17765426635742
2018-06-11,123.2300033569336,83.32423400878906,245.52838134765625,44.37248611450195
2018-06-12,122.81999969482422,83.27496337890625,245.84568786621094,44.185462951660156
2018-06-13,123.19000244140625,83.17660522460938,245.06126403808594,44.15428924560547
2018-06-14,123.37999725341797,83.43905639648438,245.67823791503906,43.99064636230469
2018-06-15,121.33999633789062,83.50463104248047,245.36488342285156,43.694515228271484
2018-06-18,121.11000061035156,83.54564666748047,244.8601531982422,43.35162353515625
2018-06-19,120.80000305175781,83.76700592041016,243.92172241210938,42.89964294433594
2018-06-20,120.26000213623047,83.49639129638672,244.33779907226562,43.024322509765625
2018-06-21,120.05000305175781,83.71778869628906,242.8060760498047,42.62690353393555
2018-06-22,120.33999633789062,83.7342529296875,243.24876403808594,43.07830810546875
2018-06-25,119.88999938964844,83.84903717041016,239.93746948242188,42.48744201660156
2018-06-26,119.26000213623047,83.89002227783203,240.4687042236328,42.542598724365234
2018-06-27,118.58000183105469,84.20987701416016,238.47665405273438,42.01475143432617
2018-06-28,118.22000122070312,84.1278076171875,239.84010314941406,42.227455139160156
2018-06-29,118.6500015258789,84.06221771240234,240.18539428710938,42.62137222290039
2018-07-02,117.45999908447266,84.0047378540039,240.69888305664062,42.17231750488281
2018-07-03,118.6500015258789,84.21831512451172,239.84889221191406,42.26685333251953
2018-07-05,119.05000305175781,84.22652435302734,241.80560302734375,42.542598724365234
2018-07-06,118.86000061035156,84.30049133300781,243.85084533691406,42.77104949951172
2018-07-09,119.1500015258789,84.08689880371094,246.04656982421875,43.227996826171875
2018-07-10,118.93000030517578,84.0211410522461,246.93191528320312,43.227996826171875
2018-07-11,117.63999938964844,84.19367980957031,245.1258087158203,42.518959045410156
2018-07-12,118.12999725341797,84.16084289550781,247.3480682373047,42.8813591003418
2018-07-13,117.61000061035156,84.30049133300781,247.54286193847656,43.015289306640625
2018-07-16,117.55000305175781,84.16084289550781,247.321533203125,42.92861557006836
2018-07-17,116.27999877929688,84.11154174804688,248.3219757080078,43.07042694091797
2018-07-18,116.30999755859375,84.0457992553711,248.84439086914062,43.062557220458984
2018-07-19,115.80999755859375,84.2758560180664,247.9058837890625,42.84196090698242
2018-07-20,116.55999755859375,83.98007202148438,247.62254333496094,43.17284393310547
2018-07-23,116.0,83.5693130493164,248.08285522460938,43.031036376953125
2018-07-24,116.04000091552734,83.62679290771484,249.33132934570312,43.35404968261719
2018-07-25,116.68000030517578,83.5693130493164,251.45626831054688,43.80311584472656
2018-07-26,115.7699966430664,83.47895812988281,250.86302185058594,43.57464599609375
2018-07-27,115.83000183105469,83.61038208007812,249.16305541992188,43.637672424316406
2018-07-30,115.6500015258789,83.50355529785156,247.8616180419922,43.66128921508789
2018-07-31,115.98999786376953,83.61859130859375,249.08340454101562,43.70857620239258
2018-08-01,115.13999938964844,83.42107391357422,248.66717529296875,43.51161193847656
2018-08-02,114.5199966430664,83.51980590820312,250.02186584472656,43.180721282958984
2018-08-03,114.91999816894531,83.73384094238281,251.09323120117188,43.28314208984375
2018-08-06,114.33000183105469,83.77499389648438,252.01406860351562,43.094078063964844
2018-08-07,114.58999633789062,83.6021499633789,252.84628295898438,43.33829116821289
2018-08-08,114.91000366210938,83.67621612548828,252.74005126953125,43.34616470336914
2018-08-09,114.73999786376953,83.90670776367188,252.39479064941406,43.227996826171875
2018-08-10,114.69000244140625,84.26889038085938,250.7036590576172,42.408668518066406
2018-08-13,112.95999908447266,84.2442398071289,249.7652130126953,42.08564376831055
2018-08-14,113.06999969482422,84.16188049316406,251.3588104248047,42.16444396972656
2018-08-15,111.19000244140625,84.36768341064453,249.4818878173828,41.47903060913086
2018-08-16,111.0999984741211,84.3429946899414,251.50050354003906,41.7232551574707
2018-08-17,112.12999725341797,84.37593841552734,252.3858642578125,41.998992919921875
2018-08-20,112.69000244140625,84.63935852050781,252.92599487304688,42.188072204589844
2018-08-21,113.0199966430664,84.52411651611328,253.51914978027344,42.49531936645508
2018-08-22,113.2699966430664,84.68050384521484,253.36868286132812,42.71591567993164
2018-08-23,112.19999694824219,84.67229461669922,253.03216552734375,42.314125061035156
2018-08-24,114.16000366210938,84.69699096679688,254.55502319335938,42.70802688598633
2018-08-27,114.58999633789062,84.5075912475586,256.5649108886719,43.26738739013672
2018-08-28,113.68000030517578,84.31832885742188,256.68878173828125,43.188602447509766
2018-08-29,114.19999694824219,84.2936019897461,258.07000732421875,43.385562896728516
2018-08-30,113.63999938964844,84.4499740600586,257.02520751953125,42.84196090698242
2018-08-31,113.51000213623047,84.46646881103516,257.0340881347656,42.6607666015625
2018-09-04,112.93000030517578,84.27345275878906,256.5914306640625,42.148677825927734
2018-09-05,113.31999969482422,84.26521301269531,255.90084838867188,41.76264953613281
2018-09-06,113.54000091552734,84.43843841552734,255.1305389404297,41.67598342895508
2018-09-07,113.2300033569336,84.0589599609375,254.63473510742188,41.3765983581543
2018-09-10,113.1500015258789,84.10848999023438,255.077392578125,41.42388153076172
2018-09-11,113.22000122070312,83.80329895019531,255.9185791015625,41.486900329589844
2018-09-12,114.16999816894531,83.9022445678711,255.9805450439453,41.644466400146484
2018-09-13,113.76000213623047,83.89403533935547,257.4944152832031,42.01475143432617
2018-09-14,113.0199966430664,83.73731231689453,257.53875732421875,42.006874084472656
2018-09-17,113.61000061035156,83.7538070678711,256.17523193359375,41.975364685058594
2018-09-18,113.44000244140625,83.40737915039062,257.5653381347656,42.40078353881836
2018-09-19,113.87999725341797,83.26712036132812,257.83984375,42.64501190185547
2018-09-20,114.2699966430664,83.27539825439453,259.92938232421875,43.08618927001953
2018-09-21,113.48999786376953,83.30839538574219,259.6918640136719,43.10982131958008
2018-09-24,113.47000122070312,83.21768188476562,258.8291320800781,42.84196090698242
2018-09-25,113.6500015258789,83.13518524169922,258.5889892578125,43.08618927001953
2018-09-26,113.05000305175781,83.40737915039062,257.8152770996094,43.10836410522461
2018-09-27,112.05000305175781,83.40737915039062,258.5356140136719,43.06085205078125
2018-09-28,112.76000213623047,83.44862365722656,258.5623474121094,42.75209045410156
2018-10-01,112.56999969482422,83.23700714111328,259.46063232421875,42.82333755493164
2018-10-02,113.87000274658203,83.45195007324219,259.3094787597656,42.56208419799805
2018-10-03,113.41999816894531,82.8320541381836,259.45166015625,42.40373611450195
2018-10-04,113.4800033569336,82.61714935302734,257.423828125,41.8178825378418
2018-10-05,113.80000305175781,82.4188003540039,255.9831085205078,41.5962028503418
2018-10-08,112.54000091552734,82.45185089111328,255.9831085205078,41.437862396240234
2018-10-09,112.5999984741211,82.60889434814453,255.60963439941406,41.29536056518555
2018-10-10,112.87999725341797,82.65023040771484,247.51611328125,40.29780960083008
2018-10-11,115.77999877929688,82.98912811279297,242.064208984375,39.75944519042969
2018-10-12,115.2300033569336,82.88990783691406,245.42611694335938,40.13154220581055
2018-10-15,116.0,82.93952941894531,244.04759216308594,39.965293884277344
2018-10-16,115.80000305175781,82.93123626708984,249.38385009765625,40.733238220214844
2018-10-17,115.79000091552734,82.69153594970703,249.4282684326172,40.392799377441406
2018-10-18,115.91999816894531,82.84033966064453,245.8262176513672,39.71986770629883
2018-10-19,116.01000213623047,82.74114990234375,245.69288635253906,39.94944763183594
2018-10-22,115.70999908447266,82.75769805908203,244.59005737304688,39.88611602783203
2018-10-23,116.38999938964844,82.97257232666016,243.34494018554688,39.46651077270508
2018-10-24,116.66000366210938,83.41885375976562,235.97190856933594,38.36603927612305
2018-10-25,116.4000015258789,83.22054290771484,240.20535278320312,38.85689163208008
2018-10-26,116.7699966430664,83.5924072265625,235.9808349609375,38.532310485839844
2018-10-29,116.30999755859375,83.58416748046875,234.6733856201172,38.310630798339844
2018-10-30,115.80000305175781,83.40234375,238.15093994140625,38.769805908203125
2018-10-31,115.1500015258789,83.1957015991211,240.69461059570312,39.09440994262695
2018-11-01,116.62999725341797,83.26696014404297,243.25599670410156,39.80694580078125
2018-11-02,116.6500015258789,82.80311584472656,241.815185546875,40.028621673583984
2018-11-05,116.37000274658203,82.8528060913086,243.14927673339844,40.03654479980469
2018-11-06,116.04000091552734,82.76173400878906,244.6878662109375,40.123634338378906
2018-11-07,116.02999877929688,82.76173400878906,249.92640686035156,40.661991119384766
2018-11-08,115.77999877929688,82.64574432373047,249.47280883789062,40.20280838012695
2018-11-09,114.4800033569336,82.96878051757812,247.03579711914062,39.78319549560547
2018-11-12,113.66000366210938,83.21723937988281,242.4199676513672,39.14982986450195
2018-11-13,113.69999694824219,83.28353118896484,241.96640014648438,39.355674743652344
2018-11-14,114.63999938964844,83.4574966430664,240.3120574951172,39.47442626953125
2018-11-15,114.7699966430664,83.51542663574219,242.82015991210938,39.75944519042969
2018-11-16,115.62000274658203,83.77217102050781,243.45167541503906,39.75944519042969
2018-11-19,115.66999816894531,83.896484375,239.33377075195312,39.41901397705078
2018-11-20,115.66999816894531,83.8798599243164,234.90460205078125,38.619384765625
2018-11-21,115.86000061035156,83.86331939697266,235.70509338378906,39.213165283203125
2018-11-23,115.7699966430664,83.91301727294922,234.1309051513672,38.967742919921875
2018-11-26,115.63999938964844,83.84676361083984,237.91082763671875,39.48234176635742
2018-11-27,114.94999694824219,83.9295883178711,238.71119689941406,39.38734436035156
2018-11-28,115.37999725341797,83.92127227783203,244.20755004882812,40.068214416503906
2018-11-29,115.73999786376953,84.13661193847656,243.67401123046875,39.870277404785156
2018-11-30,115.54000091552734,84.30229949951172,245.15919494628906,39.751529693603516
2018-12-03,116.41000366210938,84.48654174804688,248.40548706054688,40.32155227661133
2018-12-04,117.12000274658203,84.87665557861328,240.3565216064453,39.33984375
2018-12-06,117.13999938964844,85.09247589111328,239.99188232421875,39.015235900878906
2018-12-07,118.08999633789062,85.34149169921875,234.41543579101562,38.508548736572266
2018-12-10,117.68000030517578,85.39125061035156,234.8601837158203,38.17603302001953
2018-12-11,117.54000091552734,85.17548370361328,234.91354370117188,38.30270004272461
2018-12-12,117.79000091552734,84.94307708740234,236.096435546875,38.90440368652344
2018-12-13,117.52999877929688,84.99287414550781,236.01638793945312,38.84898376464844
2018-12-14,117.05999755859375,85.12564086914062,231.65841674804688,38.310630798339844
2018-12-17,117.87000274658203,85.37467193603516,227.11361694335938,37.98601531982422
2018-12-18,118.1500015258789,85.58511352539062,226.86456298828125,38.03352737426758
2018-12-19,117.43000030517578,85.88453674316406,223.46713256835938,37.598087310791016
2018-12-20,119.23999786376953,85.77637481689453,219.82955932617188,37.55059051513672
2018-12-21,118.72000122070312,85.85123443603516,215.3253173828125,36.97263717651367
2018-12-24,120.0199966430664,86.06749725341797,209.63583374023438,36.58534240722656
2018-12-26,119.66000366210938,85.65995025634766,220.22760009765625,37.48158264160156
2018-12-27,120.56999969482422,85.8762435913086,221.91845703125,37.48956298828125
2018-12-28,121.05999755859375,86.34195709228516,221.632080078125,37.69762420654297
2018-12-31,121.25,86.66634368896484,223.57333374023438,37.78564453125
2019-01-02,121.33000183105469,86.84935760498047,223.80596923828125,37.71363830566406
2019-01-03,122.43000030517578,87.53968811035156,218.46536254882812,37.28953552246094
2019-01-04,121.44000244140625,86.83271789550781,225.78297424316406,38.50584411621094
2019-01-07,121.86000061035156,86.59147644042969,227.56326293945312,38.625877380371094
2019-01-08,121.52999877929688,86.37527465820312,229.7012176513672,38.90593338012695
2019-01-09,122.30999755859375,86.42513275146484,230.77474975585938,39.42606735229492
2019-01-10,121.58999633789062,86.38355255126953,231.5887908935547,39.554100036621094
2019-01-11,121.80000305175781,86.64142608642578,231.67822265625,39.298038482666016
2019-01-14,122.08999633789062,86.59147644042969,230.26486206054688,39.12999725341797
2019-01-15,121.87999725341797,86.50833129882812,232.90386962890625,39.3780517578125
2019-01-16,122.2699966430664,86.45842742919922,233.4674530029297,39.53810119628906
2019-01-17,122.11000061035156,86.30037689208984,235.2386932373047,39.71414566040039
2019-01-18,121.0199966430664,86.02592468261719,238.36972045898438,40.03422546386719
2019-01-22,121.44999694824219,86.32534790039062,235.14918518066406,39.42606735229492
2019-01-23,121.27999877929688,86.28376770019531,235.64120483398438,39.66612243652344
2019-01-24,121.08999633789062,86.55821990966797,235.76651000976562,39.810176849365234
2019-01-25,122.86000061035156,86.35858154296875,237.7613525390625,40.250282287597656
2019-01-28,123.29000091552734,86.38355255126953,235.95436096191406,40.03422546386719
2019-01-29,123.9800033569336,86.633056640625,235.64120483398438,40.11424255371094
2019-01-30,124.69000244140625,86.83271789550781,239.37161254882812,40.5943603515625
2019-01-31,124.75,87.23193359375,241.47389221191406,40.68239212036133
2019-02-01,124.5,86.76518249511719,241.59024047851562,40.61838150024414
2019-02-04,123.95999908447266,86.5734634399414,243.2898712158203,40.7544059753418
2019-02-05,124.27999877929688,86.7234878540039,244.30975341796875,41.114498138427734
2019-02-06,123.44000244140625,86.79017639160156,243.98770141601562,40.826419830322266
2019-02-07,123.73999786376953,87.07359313964844,241.6618194580078,40.2902946472168
2019-02-08,124.20999908447266,87.19021606445312,241.95693969726562,40.13825607299805
2019-02-11,123.5999984741211,87.05691528320312,242.09115600585938,40.0582275390625
2019-02-12,123.86000061035156,86.94021606445312,245.20431518554688,40.48233413696289
2019-02-13,123.37000274658203,86.7234878540039,246.00047302246094,40.42631530761719
2019-02-14,124.05999755859375,87.13189697265625,245.45472717285156,40.442325592041016
2019-02-15,124.80000305175781,87.048583984375,248.12960815429688,40.850433349609375
2019-02-19,126.69999694824219,87.19854736328125,248.55899047851562,41.066490173339844
2019-02-20,126.4800033569336,87.18193817138672,249.05995178222656,41.2585334777832
2019-02-21,125.05000305175781,86.92353057861328,248.17430114746094,41.13050842285156
2019-02-22,125.5,87.18193817138672,249.71298217773438,41.386573791503906
2019-02-25,125.37000274658203,87.048583984375,250.05294799804688,41.57061004638672
2019-02-26,125.58000183105469,87.30696105957031,249.87403869628906,41.71464920043945
2019-02-27,124.69000244140625,86.99858093261719,249.7667236328125,41.51460647583008
2019-02-28,123.98999786376953,86.77349090576172,249.30148315429688,41.346561431884766
2019-03-01,121.87999725341797,86.48873138427734,250.85800170898438,41.45859146118164
2019-03-04,121.55999755859375,86.75598907470703,249.9456024169922,41.41057205200195
2019-03-05,121.72000122070312,86.80609893798828,249.60560607910156,41.4906005859375
2019-03-06,121.61000061035156,87.04827880859375,248.09376525878906,41.354557037353516
2019-03-07,121.51000213623047,87.34051513671875,246.0183868408203,40.80242156982422
2019-03-08,122.83999633789062,87.46576690673828,245.5262908935547,40.71440505981445
2019-03-11,122.23999786376953,87.39898681640625,249.0867919921875,41.19451904296875
2019-03-12,122.9800033569336,87.6411361694336,250.02610778808594,41.2585334777832
2019-03-13,123.83999633789062,87.6077651977539,251.6811065673828,41.51460647583008
2019-03-14,122.41000366210938,87.48246765136719,251.52008056640625,41.450599670410156
2019-03-15,122.97000122070312,87.7580795288086,252.7627410888672,41.87469482421875
2019-03-18,123.04000091552734,87.6411361694336,253.6791229248047,42.1147575378418
2019-03-19,123.37999725341797,87.58271026611328,253.74208068847656,42.15476608276367
2019-03-20,124.18000030517578,88.19231414794922,252.9783477783203,42.16276550292969
2019-03-21,123.68000030517578,88.15056610107422,255.83563232421875,42.17075729370117
2019-03-22,123.97000122070312,88.80188751220703,250.9117889404297,41.26653289794922
2019-03-25,124.91999816894531,89.02738952636719,250.72305297851562,41.30347442626953
2019-03-26,124.30000305175781,88.95221710205078,252.59194946289062,41.5443115234375
2019-03-27,123.6500015258789,89.21112060546875,251.2711639404297,41.415870666503906
2019-03-28,121.9000015258789,89.21941375732422,252.2235107421875,41.43994140625
2019-03-29,122.01000213623047,89.07747650146484,253.8140106201172,41.66473388671875
2019-04-01,121.52999877929688,88.46492767333984,256.8239440917969,42.20258712768555
2019-04-02,121.9800033569336,88.6156005859375,256.9498596191406,42.24272537231445
2019-04-03,121.80000305175781,88.33944702148438,257.3541259765625,42.50765609741211
2019-04-04,122.11000061035156,88.43148040771484,258.0369873046875,42.547786712646484
2019-04-05,121.9800033569336,88.47332763671875,259.2859191894531,42.66018295288086
2019-04-08,122.51000213623047,88.33106994628906,259.4836730957031,42.65214920043945
2019-04-09,123.1500015258789,88.49008178710938,258.15380859375,42.51567077636719
2019-04-10,123.52999877929688,88.69929504394531,259.034423828125,42.644126892089844
2019-04-11,121.94999694824219,88.49845123291016,258.9624938964844,42.4996223449707
2019-04-12,121.83000183105469,88.08837890625,260.7146301269531,42.82073974609375
2019-04-15,121.5999984741211,88.20555877685547,260.54388427734375,42.78059768676758
2019-04-16,120.51000213623047,87.90431213378906,260.7146301269531,42.94115447998047
2019-04-17,120.27999877929688,87.92102813720703,260.07672119140625,42.989322662353516
2019-04-18,120.37000274658203,88.13023376464844,260.5887145996094,42.957210540771484
2019-04-22,120.37000274658203,88.00470733642578,260.81341552734375,42.87692642211914
2019-04-23,120.12000274658203,88.16371154785156,263.15863037109375,42.98129653930664
2019-04-24,120.47000122070312,88.49845123291016,262.5744934082031,42.57188034057617
2019-04-25,120.56999969482422,88.38963317871094,262.4127502441406,42.4996223449707
2019-04-26,121.37000274658203,88.62395477294922,263.6347961425781,42.72439193725586
2019-04-29,120.83000183105469,88.4398422241211,264.048095703125,42.828765869140625
2019-04-30,121.19999694824219,88.6156005859375,264.18292236328125,42.82073974609375
2019-05-01,120.4000015258789,88.57530212402344,262.1971130371094,42.59596633911133
2019-05-02,119.94000244140625,88.32379913330078,261.63104248046875,42.53173828125
2019-05-03,120.6500015258789,88.4411849975586,264.19189453125,42.96524429321289
2019-05-06,120.80999755859375,88.6675796508789,263.1047058105469,42.44342803955078
2019-05-07,121.20999908447266,88.96940612792969,258.7108459472656,41.720916748046875
2019-05-08,120.91000366210938,88.80171203613281,258.35150146484375,41.76105499267578
2019-05-09,121.19999694824219,89.03646087646484,257.5697326660156,41.42388916015625
2019-05-10,121.43000030517578,88.977783203125,258.8636474609375,41.728946685791016
2019-05-13,122.66999816894531,89.42216491699219,252.35829162597656,40.685325622558594
2019-05-14,122.45999908447266,89.3383560180664,254.6405792236328,41.09474182128906
2019-05-15,122.38999938964844,89.62340545654297,256.1321105957031,41.223182678222656
2019-05-16,121.51000213623047,89.44732666015625,258.50421142578125,41.415870666503906
2019-05-17,120.6500015258789,89.48924255371094,256.83294677734375,41.07065963745117
2019-05-20,120.63999938964844,89.3383560180664,255.1348419189453,40.91010665893555
2019-05-21,120.36000061035156,89.23771667480469,257.4350891113281,41.18305587768555
2019-05-22,120.23999786376953,89.5060043334961,256.6443176269531,41.046573638916016
2019-05-23,121.16999816894531,90.05103302001953,253.50852966308594,40.629127502441406
2019-05-24,121.30000305175781,90.02587127685547,254.0835418701172,40.95826721191406
2019-05-28,120.83000183105469,90.41996002197266,251.72032165527344,40.70137023925781
2019-05-29,120.87000274658203,90.38643646240234,250.03121948242188,40.564903259277344
2019-05-30,121.69000244140625,90.7134017944336,250.71408081054688,40.70940017700195
2019-05-31,123.33000183105469,91.31712341308594,247.33555603027344,40.50068283081055
2019-06-03,125.11000061035156,91.75647735595703,246.70672607421875,40.749542236328125
2019-06-04,125.1500015258789,91.42045593261719,252.0618896484375,41.15093231201172
2019-06-05,125.47000122070312,91.42045593261719,254.24526977539062,41.05459213256836
2019-06-06,125.87999725341797,91.40363311767578,255.8984375,41.15093231201172
2019-06-07,126.58999633789062,91.76487731933594,258.4592590332031,41.624576568603516
2019-06-10,125.33000183105469,91.31122589111328,259.6452941894531,41.79317092895508
2019-06-11,125.18000030517578,91.31122589111328,259.5824890136719,42.06612014770508
2019-06-12,125.83000183105469,91.54647827148438,259.124267578125,41.69682693481445
2019-06-13,126.5999984741211,91.77327728271484,260.1933898925781,41.744998931884766
2019-06-14,126.55999755859375,91.8405532836914,259.9059753417969,41.4078254699707
2019-06-17,126.4800033569336,91.82372283935547,260.0047607421875,41.44796371459961
2019-06-18,127.12000274658203,92.0001449584961,262.7273254394531,42.106258392333984
2019-06-19,127.88999938964844,92.25215148925781,263.3203430175781,42.387229919433594
2019-06-20,131.11000061035156,92.40337371826172,265.83612060546875,42.836795806884766
2019-06-21,131.97999572753906,92.02533721923828,265.4496765136719,42.66706848144531
2019-06-24,133.94000244140625,92.34454345703125,265.12469482421875,42.707664489746094
2019-06-25,134.1999969482422,92.48738098144531,262.5244140625,42.40719985961914
2019-06-26,132.97000122070312,92.10932922363281,262.2625732421875,42.537132263183594
2019-06-27,132.83999633789062,92.38654327392578,263.1925354003906,42.67518997192383
2019-06-28,133.1999969482422,92.42857360839844,264.546875,42.83761215209961
2019-07-01,130.6199951171875,92.31244659423828,266.94854736328125,43.089359283447266
2019-07-02,133.41000366210938,92.6406478881836,267.64373779296875,43.2436408996582
2019-07-03,133.6300048828125,92.8174057006836,269.7835693359375,43.39794921875
2019-07-05,132.13999938964844,92.2282943725586,269.4765319824219,43.113712310791016
2019-07-08,131.2899932861328,92.13571166992188,267.9958801269531,42.845733642578125
2019-07-09,131.75,92.07679748535156,268.3299865722656,42.683311462402344
2019-07-10,133.8300018310547,92.12728118896484,269.6120300292969,42.878204345703125
2019-07-11,132.6999969482422,91.6728286743164,270.24407958984375,42.90257263183594
2019-07-12,133.52999877929688,91.77384185791016,271.4540100097656,42.935062408447266
2019-07-15,133.52999877929688,91.96736145019531,271.54425048828125,43.00814437866211
2019-07-16,132.39999389648438,91.76541137695312,270.6684265136719,42.87009048461914
2019-07-17,134.5800018310547,92.19461059570312,268.82659912109375,42.788875579833984
2019-07-18,136.47999572753906,92.42182922363281,269.81072998046875,42.92693328857422
2019-07-19,134.47000122070312,92.2535400390625,268.3118896484375,42.788875579833984
2019-07-22,134.4499969482422,92.29560089111328,268.970947265625,42.85384750366211
2019-07-23,133.69000244140625,92.1441421508789,270.8941650390625,43.04063415527344
2019-07-24,134.3699951171875,92.27874755859375,272.1672058105469,43.04063415527344
2019-07-25,133.4199981689453,92.11886596679688,270.8670654296875,42.6427116394043
2019-07-26,133.63999938964844,92.10205078125,272.6818542480469,42.75640106201172
2019-07-29,134.52999877929688,92.18622589111328,272.18536376953125,42.77263641357422
2019-07-30,134.97999572753906,92.2282943725586,271.5170593261719,42.309730529785156
2019-07-31,133.2100067138672,92.46392822265625,268.54656982421875,41.98491287231445
2019-08-01,136.41000366210938,93.51270294189453,266.2082214355469,41.67631912231445
2019-08-02,135.88999938964844,93.70660400390625,264.2037353515625,41.36772918701172
2019-08-05,137.7899932861328,94.51594543457031,256.25836181640625,40.238929748535156
2019-08-06,138.91000366210938,94.6677017211914,259.85186767578125,40.580013275146484
2019-08-07,141.02000427246094,94.6677017211914,260.0053405761719,40.75865936279297
2019-08-08,141.72999572753906,94.6761245727539,265.10662841796875,41.22967529296875
2019-08-09,141.25999450683594,94.53279876708984,263.3009033203125,40.91297149658203
2019-08-12,142.6300048828125,95.1313705444336,260.0955810546875,40.51502990722656
2019-08-13,141.77999877929688,94.79413604736328,264.1405944824219,40.9616813659668
2019-08-14,142.75,95.42644500732422,256.3304748535156,39.80852508544922
2019-08-15,143.6999969482422,96.033447265625,257.0076904296875,39.9547004699707
2019-08-16,142.77999877929688,95.78052520751953,260.7997741699219,40.458194732666016
2019-08-19,141.11000061035156,95.32528686523438,263.9419250488281,40.65309143066406
2019-08-20,142.2100067138672,95.74678802490234,261.91943359375,40.57188415527344
2019-08-21,141.75999450683594,95.49388122558594,264.0502624511719,40.88047409057617
2019-08-22,141.39999389648438,95.28306579589844,263.96893310546875,40.72618103027344
2019-08-23,144.1699981689453,95.92384338378906,257.1882629394531,40.1739616394043
2019-08-26,144.19000244140625,95.83113098144531,260.0324401855469,40.48255157470703
2019-08-27,145.57000732421875,96.24420166015625,259.0121154785156,40.44194412231445
2019-08-28,145.16000366210938,96.27796936035156,260.8360290527344,40.523162841796875
2019-08-29,144.1199951171875,96.09246826171875,264.16766357421875,40.856117248535156
2019-08-30,143.75,96.1177978515625,264.0502624511719,41.075374603271484
2019-09-03,145.75,96.3288803100586,262.5063171386719,40.91297149658203
2019-09-04,146.66000366210938,96.48088836669922,265.4858093261719,41.53013610839844
2019-09-05,143.13999938964844,95.7040023803711,268.8987121582031,41.84684371948242
2019-09-06,141.9199981689453,95.76310729980469,269.1064758300781,41.976783752441406
2019-09-09,141.38999938964844,95.17195129394531,269.2418518066406,42.0255241394043
2019-09-10,140.17999267578125,94.47946166992188,269.1786804199219,42.098609924316406
2019-09-11,141.02999877929688,94.38658142089844,271.0928649902344,42.3341064453125
2019-09-12,141.32000732421875,94.17548370361328,272.0318603515625,42.577735900878906
2019-09-13,140.14999389648438,93.3140869140625,271.85125732421875,42.82136154174805
2019-09-16,141.32000732421875,93.71945190429688,271.01165771484375,42.48028564453125
2019-09-17,141.60000610351562,93.9643783569336,271.6977844238281,42.6102180480957
2019-09-18,140.7100067138672,93.9981689453125,271.8602600097656,42.52900695800781
2019-09-19,141.27999877929688,94.04032135009766,271.8421630859375,42.59397888183594
2019-09-20,142.9499969482422,94.580810546875,270.5578308105469,42.55337142944336
2019-09-23,143.75,94.71595001220703,270.49432373046875,42.50464630126953
2019-09-24,144.50999450683594,95.1888427734375,268.3717041015625,42.27595520019531
2019-09-25,141.8300018310547,94.56395721435547,269.9591064453125,42.24327850341797
2019-09-26,141.7899932861328,94.76664733886719,269.3967590332031,42.28412628173828
2019-09-27,141.05999755859375,94.90166473388672,267.9454345703125,42.03092575073242
2019-09-30,138.8699951171875,94.97771453857422,269.1881103515625,42.19427490234375
2019-10-01,139.6300048828125,95.24076843261719,265.98626708984375,41.81039810180664
2019-10-02,141.25999450683594,95.57060241699219,261.28759765625,41.156978607177734
2019-10-03,141.89999389648438,96.06956481933594,263.4282531738281,41.47552490234375
2019-10-04,141.89999389648438,96.25570678710938,266.9930114746094,41.75321578979492
2019-10-07,140.69000244140625,95.93431854248047,265.8410339355469,41.61437225341797
2019-10-08,141.9199981689453,96.13726043701172,261.7138977050781,41.26314926147461
2019-10-09,142.0500030517578,95.89199829101562,264.1993408203125,41.58986282348633
2019-10-10,140.80999755859375,95.29150390625,265.98626708984375,41.90024185180664
2019-10-11,140.02999877929688,94.64026641845703,268.74365234375,42.56998825073242
2019-10-14,140.58999633789062,94.9024429321289,268.4444274902344,42.39847183227539
2019-10-15,139.61000061035156,94.44574737548828,271.10198974609375,42.83952713012695
2019-10-16,140.41000366210938,94.63176727294922,270.66668701171875,42.92937088012695
2019-10-17,140.61000061035156,94.59793090820312,271.4648132324219,43.0437126159668
2019-10-18,140.4600067138672,94.68254089355469,270.2766418457031,42.9620361328125
2019-10-21,139.7899932861328,94.3358154296875,272.10882568359375,43.22340393066406
2019-10-22,140.1999969482422,94.55570983886719,271.21990966796875,43.18257141113281
2019-10-23,140.52999877929688,94.58949279785156,272.0091552734375,43.337764739990234
2019-10-24,141.52999877929688,94.57262420654297,272.4535217285156,43.411258697509766
2019-10-25,141.86000061035156,94.36963653564453,273.5691833496094,43.5011100769043
2019-10-28,140.63999938964844,94.01444244384766,275.1112060546875,43.68897247314453
2019-10-29,140.25,94.09898376464844,275.02960205078125,43.615447998046875
2019-10-30,141.02000427246094,94.55570983886719,275.8731689453125,43.77880859375
2019-10-31,142.42999267578125,95.15616607666016,275.1384582519531,43.63996505737305
2019-11-01,142.55999755859375,94.97662353515625,277.687255859375,44.06467819213867
2019-11-04,142.14999389648438,94.4937973022461,278.8029479980469,44.31787109375
2019-11-05,139.85000610351562,93.98560333251953,278.4945373535156,44.39138412475586
2019-11-06,140.4499969482422,94.25664520263672,278.55804443359375,44.31787109375
2019-11-07,138.27000427246094,93.50279998779297,279.5376281738281,44.48940658569336
2019-11-08,137.38999938964844,93.37574005126953,280.2269592285156,44.38322448730469
2019-11-11,137.05999755859375,93.47736358642578,279.6919250488281,44.236202239990234
2019-11-12,137.42999267578125,93.51974487304688,280.281494140625,44.18719482421875
2019-11-13,137.97999572753906,93.77385711669922,280.37213134765625,44.023841857910156
2019-11-14,138.55999755859375,94.24818420410156,280.7803649902344,43.97483444213867
2019-11-15,138.2100067138672,94.17195129394531,282.8121643066406,44.26886749267578
2019-11-18,138.6199951171875,94.3328857421875,283.020751953125,44.29337692260742
2019-11-19,138.69000244140625,94.51074981689453,282.9391784667969,44.26068878173828
2019-11-20,138.75999450683594,94.85803985595703,281.8869323730469,44.03200912475586
2019-11-21,138.0,94.6208724975586,281.4334411621094,43.95032501220703
2019-11-22,137.74000549316406,94.6039047241211,282.05926513671875,44.0401725769043
2019-11-25,137.0800018310547,94.64628601074219,284.2453308105469,44.36688995361328
2019-11-26,137.74000549316406,94.82415771484375,284.8893127441406,44.36688995361328
2019-11-27,137.00999450683594,94.57852172851562,286.1592102050781,44.46488952636719
2019-11-29,137.86000061035156,94.50225830078125,285.09783935546875,44.072845458984375
2019-12-02,137.7899932861328,94.16299438476562,282.6760559082031,43.893165588378906
2019-12-03,139.11000061035156,95.00272369384766,280.7803649902344,43.74613952636719
2019-12-04,138.9199981689453,94.63799285888672,282.51275634765625,44.121856689453125
2019-12-05,139.0,94.4174575805664,283.020751953125,44.121856689453125
2019-12-06,137.6199951171875,94.12904357910156,285.6058654785156,44.49756622314453
2019-12-09,137.5800018310547,94.20535278320312,284.70794677734375,44.26886749267578
2019-12-10,137.97000122070312,94.0951156616211,284.3904113769531,44.350547790527344
2019-12-11,138.9199981689453,94.48531341552734,285.19781494140625,44.64459228515625
2019-12-12,138.42999267578125,93.7388687133789,287.6558532714844,45.08563232421875
2019-12-13,139.0500030517578,94.29023742675781,287.8281555175781,45.27349090576172
2019-12-16,139.0399932861328,93.84910583496094,289.8056335449219,45.706382751464844
2019-12-17,139.00999450683594,93.85763549804688,289.869140625,45.64920425415039
2019-12-18,139.02000427246094,93.60317993164062,289.88720703125,45.681888580322266
2019-12-19,139.3800048828125,93.67621612548828,291.0755310058594,45.657379150390625
2019-12-20,139.52000427246094,93.67621612548828,292.3516845703125,45.673709869384766
2019-12-23,139.9499969482422,93.59127807617188,292.7982177734375,45.74641036987305
2019-12-24,141.27000427246094,93.75265502929688,292.8074035644531,45.754661560058594
2019-12-26,142.3800048828125,93.8885498046875,294.36602783203125,45.95292282104492
2019-12-27,142.3300018310547,94.02448272705078,294.2931213378906,46.17595291137695
2019-12-30,142.6300048828125,93.96501159667969,292.67059326171875,45.82075881958008
2019-12-31,142.89999389648438,93.62525177001953,293.3816223144531,46.00247573852539
2020-01-02,143.9499969482422,94.05844116210938,296.1252746582031,46.51462936401367
2020-01-03,145.86000061035156,94.68705749511719,293.88299560546875,45.94466018676758
2020-01-06,147.38999938964844,94.5850830078125,295.00408935546875,46.01074981689453
2020-01-07,147.97000122070312,94.44918823242188,294.1746520996094,45.92814636230469
2020-01-08,146.86000061035156,94.22830200195312,295.7424621582031,46.01074981689453
2020-01-09,146.02999877929688,94.29631042480469,297.74774169921875,46.217254638671875
2020-01-10,146.91000366210938,94.50016021728516,296.89093017578125,46.1594352722168
2020-01-13,145.82000732421875,94.38970947265625,298.93280029296875,46.506370544433594
2020-01-14,145.69000244140625,94.57662200927734,298.4770202636719,46.51462936401367
2020-01-15,146.5399932861328,94.81443786621094,299.1514892578125,46.390716552734375
2020-01-16,146.30999755859375,94.61906433105469,301.6399841308594,46.6385383605957
2020-01-17,146.5800018310547,94.54264831542969,302.578857421875,46.7872200012207
2020-01-21,146.74000549316406,94.9164047241211,301.98638916015625,46.27507400512695
2020-01-22,146.7899932861328,94.93338012695312,302.0228576660156,46.44028091430664
2020-01-23,147.1199951171875,95.17120361328125,302.369140625,46.25855255126953
2020-01-24,147.97999572753906,95.51101684570312,299.68023681640625,45.99422073364258
2020-01-27,148.99000549316406,96.15657806396484,294.8765563964844,44.986446380615234
2020-01-28,147.66000366210938,95.83379364013672,297.9665832519531,45.32511520385742
2020-01-29,148.4600067138672,96.29248809814453,297.72039794921875,45.34990310668945
2020-01-30,148.47000122070312,96.38591766357422,298.68658447265625,45.1846923828125
2020-01-31,149.3300018310547,96.87007141113281,293.2631530761719,44.441253662109375
2020-02-03,148.36000061035156,96.78760528564453,295.4416809082031,44.52386474609375
2020-02-04,146.42999267578125,96.22622680664062,299.944580078125,45.308597564697266
2020-02-05,146.61000061035156,95.80944061279297,303.4083557128906,45.721614837646484
2020-02-06,147.39999389648438,95.87744140625,304.42926025390625,45.82900619506836
2020-02-07,147.7899932861328,96.33679962158203,302.806640625,45.37467956542969
2020-02-10,148.1699981689453,96.52391815185547,305.0672912597656,45.46555709838867
2020-02-11,147.66000366210938,96.29422760009766,305.59588623046875,45.795963287353516
2020-02-12,147.5399932861328,96.04756164550781,307.56500244140625,46.12638473510742
2020-02-13,148.3800048828125,96.13260650634766,307.2366638183594,45.771183013916016
2020-02-14,149.0,96.37078857421875,307.7289123535156,45.74641036987305
2020-02-18,150.91000366210938,96.52391815185547,306.9359436035156,45.46555709838867
2020-02-19,151.7899932861328,96.50690460205078,308.4034118652344,45.680320739746094
2020-02-20,152.41000366210938,96.78760528564453,307.13653564453125,45.308597564697266
2020-02-21,154.6999969482422,97.1788558959961,303.9735412597656,45.069053649902344
2020-02-24,156.08999633789062,97.93585968017578,293.8919982910156,43.40044403076172
2020-02-25,153.3000030517578,98.20806121826172,284.9866027832031,42.80567932128906
2020-02-26,153.97000122070312,98.15699768066406,283.9383239746094,42.88828659057617
2020-02-27,154.0,98.63333892822266,271.1861877441406,41.66574478149414
2020-02-28,148.3800048828125,99.7391128540039,270.0467529296875,41.508792877197266
2020-03-02,149.1999969482422,99.67096710205078,281.74151611328125,41.9631233215332
2020-03-03,153.88999938964844,100.82914733886719,273.67449951171875,41.583133697509766
2020-03-04,154.16000366210938,100.60772705078125,285.17791748046875,42.65700149536133
2020-03-05,157.49000549316406,101.50190734863281,275.6981201171875,41.63269805908203
2020-03-06,157.5500030517578,102.53234100341797,271.1405334472656,41.01316833496094
2020-03-09,157.80999755859375,103.4521255493164,249.96600341796875,37.77506637573242
2020-03-10,154.47999572753906,101.55306243896484,262.90045166015625,39.2371711730957
2020-03-11,153.92999267578125,100.53959655761719,250.0844268798828,37.28770065307617
2020-03-12,147.7899932861328,100.5906753540039,226.1570587158203,33.281375885009766
2020-03-13,143.27999877929688,99.93501281738281,245.49038696289062,35.396060943603516
2020-03-16,141.63999938964844,102.57494354248047,218.62789916992188,31.455814361572266
2020-03-17,143.55999755859375,100.00311279296875,230.4320831298828,33.08312225341797
2020-03-18,140.6999969482422,98.61498260498047,218.76463317871094,30.836286544799805
2020-03-19,138.0399932861328,98.93859100341797,219.22950744628906,31.183223724365234
2020-03-20,140.11000061035156,101.45932006835938,209.78201293945312,31.075830459594727
2020-03-23,146.3000030517578,102.66010284423828,204.41824340820312,30.44295883178711
2020-03-24,153.39999389648438,101.96177673339844,222.93919372558594,32.99436569213867
2020-03-25,151.3000030517578,102.02136993408203,226.27664184570312,34.187232971191406
2020-03-26,153.24000549316406,102.26834869384766,239.4888153076172,35.52919387817383
2020-03-27,152.25,103.0262451171875,232.3555145263672,34.30320739746094
2020-03-30,152.9199981689453,103.2647476196289,239.90145874023438,34.94105529785156
2020-03-31,148.0500030517578,103.4521255493164,236.32568359375,34.758811950683594
2020-04-01,149.4499969482422,103.87322998046875,225.6898193359375,33.43339538574219
2020-04-02,151.89999389648438,103.89031982421875,230.89773559570312,34.203792572021484
2020-04-03,152.64999389648438,103.967041015625,227.560302734375,33.491390228271484
2020-04-06,156.8800048828125,103.49812316894531,242.84463500976562,35.20613479614258
2020-04-07,156.0399932861328,103.0377197265625,243.09226989746094,35.446353912353516
2020-04-08,154.64999389648438,102.90977478027344,251.2524871826172,35.794281005859375
2020-04-09,158.69000244140625,103.13150787353516,255.0758819580078,36.365867614746094
2020-04-13,161.41000366210938,102.90977478027344,252.7470245361328,36.23332595825195
2020-04-14,162.67999267578125,103.04622650146484,260.20123291015625,36.871185302734375
2020-04-15,161.85000610351562,103.967041015625,254.67242431640625,35.83570861816406
2020-04-16,161.7100067138672,104.0778579711914,255.90106201171875,35.8439826965332
2020-04-17,158.57000732421875,103.80504608154297,262.8143310546875,36.78006362915039
2020-04-20,159.6999969482422,104.0778579711914,258.1841125488281,36.24988555908203
2020-04-21,158.61000061035156,104.36778259277344,250.34475708007812,35.471214294433594
2020-04-22,161.72999572753906,104.04376220703125,255.90106201171875,36.1919059753418
2020-04-23,163.33999633789062,104.11199188232422,255.88262939453125,36.109073638916016
2020-04-24,162.63999938964844,104.13755798339844,259.44927978515625,36.407283782958984
2020-04-27,161.55999755859375,103.5833740234375,263.1901550292969,36.92088317871094
2020-04-28,160.83999633789062,104.03522491455078,261.97991943359375,37.18595886230469
2020-04-29,161.72999572753906,103.984130859375,268.8381652832031,38.163448333740234
2020-04-30,158.8000030517578,103.73677825927734,266.3351135253906,37.40135192871094
2020-05-01,159.77999877929688,103.88020324707031,259.2842712402344,36.4984130859375
2020-05-04,160.33999633789062,103.89730072021484,259.9994201660156,36.556392669677734
2020-05-05,161.02000427246094,103.82049560546875,262.4017333984375,36.688941955566406
2020-05-06,158.9499969482422,103.4364242553711,260.62298583984375,36.53983688354492
2020-05-07,161.38999938964844,104.0679931640625,263.76788330078125,36.98716354370117
2020-05-08,160.4199981689453,103.72657775878906,268.13226318359375,37.60015106201172
2020-05-11,159.4199981689453,103.4364242553711,268.1872253417969,37.5670166015625
2020-05-12,160.0399932861328,103.77781677246094,262.841796875,37.18595886230469
2020-05-13,161.5800018310547,103.99116516113281,258.19329833984375,36.91260528564453
2020-05-14,163.00999450683594,104.1533432006836,261.2830810546875,36.75520706176758
2020-05-15,163.92999267578125,104.0850830078125,262.4842224121094,36.63094711303711
2020-05-18,162.69000244140625,103.44495391845703,270.4794006347656,38.055763244628906
2020-05-19,164.25999450683594,103.73514556884766,267.7013244628906,37.66642761230469
2020-05-20,164.64999389648438,103.7607192993164,272.2489929199219,38.30427551269531
2020-05-21,162.25,103.82899475097656,270.369384765625,37.92322540283203
2020-05-22,163.2100067138672,104.02532196044922,270.8827819824219,37.64985275268555
2020-05-26,160.88999938964844,103.75221252441406,274.2203063964844,38.693603515625
2020-05-27,161.17999267578125,103.8375473022461,278.3003845214844,39.0498161315918
2020-05-28,161.72000122070312,103.74368286132812,277.7869567871094,39.223777770996094
2020-05-29,162.91000366210938,104.07657623291016,279.0247497558594,39.273494720458984
2020-06-01,163.66000366210938,104.0355224609375,280.1524658203125,40.11842346191406
2020-06-02,162.60000610351562,103.8646240234375,282.4721374511719,40.71485900878906
2020-06-03,159.60000610351562,103.24949645996094,286.2314147949219,41.59294891357422
2020-06-04,161.27999877929688,102.83942413330078,285.47955322265625,41.303009033203125
2020-06-05,158.00999450683594,102.32679748535156,292.7962341308594,42.106544494628906
2020-06-08,159.72000122070312,102.43788146972656,296.3354187011719,42.59529113769531
2020-06-09,161.25999450683594,102.80525207519531,294.125732421875,42.13140106201172
2020-06-10,163.57000732421875,103.57418060302734,292.4845275878906,42.08169174194336
2020-06-11,162.38999938964844,103.94153594970703,275.6230773925781,39.81193542480469
2020-06-12,162.6199951171875,103.71088409423828,278.923828125,40.58232498168945
2020-06-15,162.3300018310547,103.62541961669922,281.5278625488281,40.623748779296875
2020-06-16,162.25,103.41184997558594,286.9465026855469,41.0876350402832
2020-06-17,162.55999755859375,103.57418060302734,285.7546081542969,41.19532012939453
2020-06-18,162.24000549316406,103.80482482910156,285.8646545410156,41.10419845581055
2020-06-19,164.02999877929688,103.83901977539062,284.23095703125,40.93851852416992
2020-06-22,165.08999633789062,103.74504852294922,286.0543518066406,41.46474075317383
2020-06-23,166.47999572753906,103.71088409423828,287.3712463378906,41.714534759521484
2020-06-24,165.89999389648438,103.90736389160156,280.040771484375,40.8152961730957
2020-06-25,165.8000030517578,103.92444610595703,283.04296875,41.23161315917969
2020-06-26,166.5399932861328,104.20643615722656,276.3203125,40.69039535522461
2020-06-29,166.6300048828125,104.30892944335938,280.3814697265625,41.0151252746582
2020-06-30,167.3699951171875,104.1209716796875,283.97308349609375,40.9401969909668
2020-07-01,166.6199951171875,103.9584732055664,285.9623107910156,41.14834213256836
2020-07-02,166.97999572753906,104.08676147460938,287.53704833984375,41.756160736083984
2020-07-06,167.97999572753906,103.932861328125,291.9757995605469,42.68871307373047
2020-07-07,169.0399932861328,104.26630401611328,288.9645080566406,42.0975341796875
2020-07-08,170.08999633789062,104.10386657714844,291.1745910644531,42.63874816894531
2020-07-09,169.6300048828125,104.43732452392578,289.5170593261719,42.264060974121094
2020-07-10,169.19000244140625,104.23213195800781,292.47308349609375,42.48053741455078
2020-07-13,169.39999389648438,104.34329223632812,289.9405822753906,42.20578384399414
2020-07-14,170.19000244140625,104.33472442626953,293.69793701171875,42.68037796020508
2020-07-15,170.33999633789062,104.3005599975586,296.3962097167969,43.0550537109375
2020-07-16,168.72999572753906,104.37748718261719,295.4200439453125,42.672054290771484
2020-07-17,170.1199951171875,104.35184478759766,296.2765197753906,42.91351318359375
2020-07-20,170.94000244140625,104.42030334472656,298.67095947265625,43.204925537109375
2020-07-21,173.0,104.53143310546875,299.3063049316406,43.446388244628906
2020-07-22,175.6300048828125,104.56563568115234,301.0099182128906,43.46304702758789
2020-07-23,177.17999267578125,104.6682357788086,297.41839599609375,43.12999725341797
2020-07-24,178.6999969482422,104.61692810058594,295.5029296875,42.971797943115234
2020-07-27,182.22999572753906,104.45447540283203,297.65789794921875,43.58793258666992
2020-07-28,183.75,104.70243835449219,295.76995849609375,43.27987289428711
2020-07-29,185.1300048828125,104.83927917480469,299.4076843261719,43.829402923583984
2020-07-30,183.75999450683594,104.98463439941406,298.3393249511719,43.27987289428711
2020-07-31,185.42999267578125,105.01029968261719,300.69683837890625,42.63874816894531
2020-08-03,185.63999938964844,104.95895385742188,302.787353515625,43.2548828125
2020-08-04,189.58999633789062,105.31839752197266,303.9569091796875,43.58793258666992
2020-08-05,191.35000610351562,104.96749877929688,305.8448181152344,43.8460578918457
2020-08-06,193.88999938964844,105.08732604980469,307.88922119140625,43.97926712036133
2020-08-07,190.80999755859375,104.86479187011719,308.1102294921875,43.58793258666992
2020-08-10,190.14999389648438,104.7535400390625,309.03118896484375,43.72115707397461
2020-08-11,179.94000244140625,104.39410400390625,306.4801940917969,43.82107162475586
2020-08-12,179.10000610351562,104.08601379394531,310.7532653808594,44.620391845703125
2020-08-13,183.3300018310547,103.87203979492188,310.1915283203125,44.42888259887695
2020-08-14,182.5399932861328,103.92340850830078,310.2008361816406,44.21240997314453
2020-08-17,186.5,104.09455871582031,311.18609619140625,44.62871551513672
2020-08-18,188.17999267578125,104.2742919921875,311.8583984375,44.61206817626953
2020-08-19,182.24000549316406,104.13737487792969,310.55987548828125,44.33729934692383
2020-08-20,183.5,104.43685150146484,311.5268859863281,44.220741271972656
2020-08-21,182.02999877929688,104.513916015625,312.6319580078125,44.120826721191406
2020-08-24,181.0,104.36841583251953,315.7998962402344,44.62871551513672
2020-08-25,181.22000122070312,104.12023162841797,316.9049987792969,44.79524612426758
2020-08-26,183.36000061035156,104.07742309570312,320.0821533203125,45.02838134765625
2020-08-27,181.24000549316406,103.70945739746094,320.7820129394531,44.637046813964844
2020-08-28,184.38999938964844,103.88056945800781,322.85400390625,45.04502868652344
2020-08-31,184.8300018310547,103.99187469482422,321.6845397949219,44.528812408447266
2020-09-01,185.0500030517578,104.33273315429688,324.71435546875,44.79524612426758
2020-09-02,182.6199951171875,104.47830200195312,329.4109191894531,45.169925689697266
2020-09-03,181.13999938964844,104.61534118652344,318.0745544433594,44.18743896484375
2020-09-04,181.63999938964844,104.0329818725586,315.4775085449219,44.279014587402344
2020-09-08,181.2899932861328,104.25562286376953,306.8577880859375,43.646217346191406
2020-09-09,183.0500030517578,104.20423889160156,312.9173889160156,44.38725662231445
2020-09-10,182.4600067138672,104.33273315429688,307.4841003417969,43.83773422241211
2020-09-11,182.4499969482422,104.49544525146484,307.64056396484375,44.2457160949707
2020-09-14,183.88999938964844,104.40123748779297,311.692626953125,44.62871551513672
2020-09-15,183.4499969482422,104.34986114501953,313.2673645019531,44.93679428100586
2020-09-16,183.97000122070312,104.28990173339844,312.0242004394531,44.87017822265625
2020-09-17,182.9600067138672,104.32411193847656,309.2798156738281,44.8535270690918
2020-09-18,183.1999969482422,104.2299575805664,305.71923828125,44.52048110961914
2020-09-21,179.52000427246094,104.4183578491211,302.3166198730469,43.67332458496094
2020-09-22,178.64999389648438,104.4183578491211,305.39556884765625,43.58953094482422
2020-09-23,174.7899932861328,104.4183578491211,298.3131103515625,43.06163024902344
2020-09-24,175.44000244140625,104.46977996826172,299.1081848144531,42.98622131347656
2020-09-25,174.94000244140625,104.55540466308594,303.9439392089844,43.14542770385742
2020-09-28,176.6999969482422,104.53828430175781,308.9922790527344,43.73197937011719
2020-09-29,178.19000244140625,104.61534118652344,307.30950927734375,43.67332458496094
2020-09-30,177.1199951171875,104.33273315429688,309.63946533203125,43.71522521972656
2020-10-01,178.6999969482422,104.39180755615234,311.6273193359375,44.06715774536133
2020-10-02,178.5399932861328,104.28900146484375,308.6685485839844,43.87443542480469
2020-10-05,179.41000366210938,103.62914276123047,314.14227294921875,44.5196418762207
2020-10-06,177.3000030517578,103.86906433105469,309.67645263671875,44.20123291015625
2020-10-07,177.22000122070312,103.56913757324219,315.0668640136719,44.64533996582031
2020-10-08,177.85000610351562,103.75769805908203,317.85919189453125,44.95537185668945
2020-10-09,181.0800018310547,103.70622253417969,320.6977233886719,45.265411376953125
2020-10-12,180.55999755859375,103.81768035888672,325.85693359375,45.53354263305664
2020-10-13,177.72000122070312,104.04905700683594,323.7303771972656,45.13971710205078
2020-10-14,178.27000427246094,104.08333587646484,321.6962585449219,44.988887786865234
2020-10-15,178.9199981689453,103.97196197509766,321.29864501953125,44.5196418762207
2020-10-16,178.3000030517578,103.91194152832031,321.1044616699219,44.70398712158203
2020-10-19,178.38999938964844,103.74056243896484,316.2226257324219,44.50288391113281
2020-10-20,179.25,103.51771545410156,317.48931884765625,44.83805847167969
2020-10-21,180.60000610351562,103.3805923461914,316.8883056640625,44.71236801147461
2020-10-22,178.8300018310547,103.02066802978516,318.6265563964844,44.720741271972656
2020-10-23,178.63999938964844,103.16633605957031,319.7083740234375,44.97212219238281
2020-10-26,178.5500030517578,103.4405517578125,313.8002014160156,44.217987060546875
2020-10-27,179.02000427246094,103.67198944091797,312.718505859375,44.058780670166016
2020-10-28,176.1300048828125,103.66343688964844,302.030029296875,42.8018684387207
2020-10-29,175.39999389648438,103.22632598876953,305.0997009277344,43.06163024902344
2020-10-30,176.1999969482422,102.89209747314453,301.9190368652344,42.7097053527832
2020-11-02,177.91000366210938,103.0687484741211,305.3031005859375,43.30463790893555
2020-11-03,178.9199981689453,102.83720397949219,310.69354248046875,44.14255905151367
2020-11-04,178.82000732421875,103.70336151123047,317.6373291015625,44.82967758178711
2020-11-05,182.92999267578125,103.68616485595703,323.83203125,45.801692962646484
2020-11-06,183.19000244140625,103.3345718383789,323.7580871582031,45.94414138793945
2020-11-09,175.0800018310547,102.57136535644531,327.8263854980469,46.90776443481445
2020-11-10,175.66000366210938,102.27979278564453,327.3455810546875,47.05858612060547
2020-11-11,174.89999389648438,102.44273376464844,329.7772521972656,47.3853874206543
2020-11-12,175.9600067138672,103.0259017944336,326.5780944824219,46.748558044433594
2020-11-13,177.16000366210938,102.88864135742188,331.0993957519531,47.40215301513672
2020-11-16,177.14999389648438,102.81145477294922,335.2324523925781,47.997093200683594
2020-11-17,176.5,103.07733917236328,333.4294128417969,47.997093200683594
2020-11-18,175.49000549316406,103.04301452636719,329.41668701171875,47.77083969116211
2020-11-19,175.16000366210938,103.15453338623047,330.80364990234375,48.047359466552734
2020-11-20,175.69000244140625,103.3345718383789,328.5382080078125,48.19819259643555
2020-11-23,172.22999572753906,103.1287612915039,330.5078125,48.265220642089844
2020-11-24,169.58999633789062,102.96583557128906,335.8333740234375,48.97747039794922
2020-11-25,169.50999450683594,103.00015258789062,335.3157043457031,48.80988311767578
2020-11-27,167.7899932861328,103.30886840820312,336.2494812011719,49.170196533203125
2020-11-30,166.6699981689453,103.240234375,334.7608642578125,48.09764099121094
2020-12-01,170.17999267578125,102.6910629272461,338.4222717285156,49.186954498291016
2020-12-02,171.4600067138672,102.51945495605469,339.13427734375,49.22047424316406
2020-12-03,172.80999755859375,102.79402923583984,339.04180908203125,49.44671630859375
2020-12-04,172.32000732421875,102.39071655273438,341.9634704589844,49.899200439453125
2020-12-07,174.88999938964844,102.7082290649414,341.2607421875,49.64781951904297
2020-12-08,175.5,102.81119537353516,342.2593994140625,49.77351379394531
2020-12-09,172.5,102.66529846191406,339.189697265625,49.71486282348633
2020-12-10,172.1699981689453,102.89702606201172,339.0787048339844,49.93272018432617
2020-12-11,172.49000549316406,103.10298156738281,338.68115234375,49.68971633911133
2020-12-14,171.5399932861328,103.04288482666016,337.164794921875,49.698097229003906
2020-12-15,173.94000244140625,102.93990325927734,341.72314453125,50.23439025878906
2020-12-16,174.89999389648438,102.85411071777344,342.2593994140625,50.36006546020508
2020-12-17,176.74000549316406,102.77938079833984,344.17327880859375,50.711997985839844
2020-12-18,176.44000244140625,102.69354248046875,342.799072265625,50.51089859008789
2020-12-21,175.8800048828125,102.76223754882812,341.5733642578125,49.88469314575195
2020-12-22,174.49000549316406,102.93396759033203,340.99774169921875,49.7408447265625
2020-12-23,175.64999389648438,102.71929168701172,341.30413818359375,50.20626449584961
2020-12-24,176.35000610351562,102.86524963378906,342.6319274902344,50.23163986206055
2020-12-28,175.7100067138672,102.87387084960938,345.5754089355469,50.53628921508789
2020-12-29,176.35000610351562,102.856689453125,344.91619873046875,50.95939254760742
2020-12-30,177.6999969482422,102.92536926269531,345.4082336425781,51.2386474609375
2020-12-31,178.36000061035156,102.99407196044922,347.1631774902344,50.90861892700195
2021-01-04,182.3300018310547,103.01982116699219,342.4369201660156,51.2132568359375
2021-01-05,182.8699951171875,102.77938079833984,344.7954406738281,51.95793914794922
2021-01-06,179.89999389648438,102.17835998535156,346.8567810058594,52.2371826171875
2021-01-07,179.47999572753906,101.81771087646484,352.0101623535156,52.457210540771484
2021-01-08,173.33999633789062,101.5257797241211,354.0158996582031,53.12571716308594
2021-01-11,173.0,101.32830810546875,351.6295471191406,52.42335891723633
2021-01-12,174.1199951171875,101.3111572265625,351.70379638671875,52.694149017333984
2021-01-13,173.3699951171875,101.66319274902344,352.65087890625,52.68568801879883
2021-01-14,173.27999877929688,101.43131256103516,351.41595458984375,53.15110778808594
2021-01-15,171.1300048828125,101.70609283447266,348.8531494140625,52.33872604370117
2021-01-19,172.5800018310547,101.76620483398438,351.59228515625,52.863399505615234
2021-01-20,175.38999938964844,101.80913543701172,356.45794677734375,53.43882369995117
2021-01-21,175.27999877929688,101.66319274902344,356.7828063964844,53.50652313232422
2021-01-22,173.89999389648438,101.81771087646484,355.5201110839844,53.142642974853516
2021-01-25,174.0500030517578,102.22986602783203,356.9222106933594,53.218807220458984
2021-01-26,173.6199951171875,102.19556427001953,356.3651428222656,53.11726379394531
2021-01-27,172.52000427246094,102.31575012207031,347.65533447265625,51.88178253173828
2021-01-28,172.67999267578125,102.04954528808594,350.645263671875,52.24565887451172
2021-01-29,172.61000061035156,101.86925506591797,343.62548828125,51.03556442260742
2021-02-01,174.22999572753906,101.99641418457031,349.3452453613281,51.95793914794922
2021-02-02,172.11000061035156,101.73861694335938,354.28509521484375,52.58414077758789
2021-02-03,171.85000610351562,101.48945617675781,354.56365966796875,52.77876663208008
2021-02-04,168.14999389648438,101.45513916015625,358.5936279296875,52.82953643798828
2021-02-05,169.80999755859375,101.24032592773438,360.00494384765625,53.19342041015625
2021-02-08,171.52000427246094,101.28325653076172,362.6048889160156,53.52345275878906
2021-02-09,172.0800018310547,101.3605728149414,362.36346435546875,53.8873176574707
2021-02-10,172.7100067138672,101.61837768554688,362.2055969238281,53.81962966918945
2021-02-11,171.2100067138672,101.54103088378906,362.7905578613281,54.22581100463867
2021-02-12,170.69000244140625,101.2059555053711,364.58258056640625,54.4881477355957
2021-02-16,168.24000549316406,100.47563934326172,364.2668762207031,54.733543395996094
2021-02-17,166.3300018310547,100.54430389404297,364.35052490234375,54.496604919433594
2021-02-18,166.32000732421875,100.53575897216797,362.79986572265625,54.039642333984375
2021-02-19,167.00999450683594,100.13195037841797,362.1592102050781,54.34428024291992
2021-02-22,169.50999450683594,99.96870422363281,359.37353515625,53.76885223388672
2021-02-23,169.1199951171875,100.04608154296875,359.80987548828125,53.90424728393555
2021-02-24,169.0,99.9085464477539,363.7747802734375,53.921173095703125
2021-02-25,165.82000732421875,98.5767593383789,355.0093994140625,52.94801330566406
2021-02-26,161.80999755859375,99.46175384521484,353.1801452636719,52.21179962158203
2021-03-01,161.52999877929688,99.35000610351562,361.7412414550781,53.35419845581055
2021-03-02,162.41000366210938,99.530517578125,358.9185791015625,53.142642974853516
2021-03-03,160.6199951171875,98.99748992919922,354.1643981933594,52.888771057128906
2021-03-04,159.0399932861328,98.5074234008789,349.78167724609375,52.21179962158203
2021-03-05,159.13999938964844,98.36988830566406,356.2164001464844,52.601070404052734
2021-03-08,157.49000549316406,97.98299407958984,354.4429931640625,52.05101013183594
2021-03-09,160.83999633789062,98.4472885131836,359.5035095214844,52.85493469238281
2021-03-10,161.66000366210938,98.65357971191406,361.7412414550781,52.9987907409668
2021-03-11,161.52000427246094,98.61920166015625,365.40911865234375,53.74346923828125
2021-03-12,161.49000549316406,97.9056396484375,365.9011535644531,53.57421875
2021-03-15,162.1999969482422,98.02599334716797,368.0832824707031,53.68423080444336
2021-03-16,162.35000610351562,98.00881958007812,367.6189270019531,53.811161041259766
2021-03-17,163.50999450683594,97.84544372558594,368.8725891113281,54.03116989135742
2021-03-18,162.55999755859375,97.23504638671875,363.50555419921875,53.39651107788086
2021-03-19,163.24000549316406,97.17486572265625,362.83294677734375,53.667301177978516
2021-03-22,163.0,97.49298858642578,365.7301330566406,53.663063049316406
2021-03-23,161.80999755859375,97.97439575195312,362.8516540527344,52.84869384765625
2021-03-24,162.3699951171875,98.10337829589844,361.00701904296875,52.280338287353516
2021-03-25,161.77999877929688,97.97439575195312,363.0378723144531,52.619667053222656
2021-03-26,162.24000549316406,97.647705078125,368.8882141113281,53.48492431640625
2021-03-29,160.30999755859375,97.3124008178711,368.70196533203125,53.18801498413086
2021-03-30,157.57000732421875,97.2264404296875,367.7237548828125,53.204986572265625
2021-03-31,159.9600067138672,97.08890533447266,369.2142639160156,53.18801498413086
2021-04-01,161.97999572753906,97.51903533935547,373.20147705078125,53.90906524658203
2021-04-05,161.9199981689453,97.24372863769531,378.55804443359375,54.50287628173828
2021-04-06,163.22000122070312,97.71688842773438,378.33447265625,54.18901062011719
2021-04-07,162.75999450683594,97.65667724609375,378.7723388671875,54.061763763427734
2021-04-08,164.50999450683594,97.9921646118164,380.57025146484375,54.40108108520508
2021-04-09,163.27000427246094,97.7341079711914,383.3370056152344,54.39259338378906
2021-04-12,162.27999877929688,97.67385864257812,383.47686767578125,54.07024002075195
2021-04-13,163.42999267578125,98.07819366455078,384.6133117675781,54.38411331176758
2021-04-14,162.72000122070312,97.95780181884766,383.2998352050781,54.528316497802734
2021-04-15,165.35000610351562,98.58576965332031,387.4174499511719,54.90156555175781
2021-04-16,166.35000610351562,98.3190689086914,388.7123107910156,55.26633834838867
2021-04-19,165.88999938964844,98.21586608886719,386.80255126953125,55.096675872802734
2021-04-20,166.47999572753906,98.50834655761719,383.9705810546875,54.33321762084961
2021-04-21,168.1300048828125,98.55992126464844,387.603759765625,54.85067367553711
2021-04-22,167.0399932861328,98.6373519897461,384.0636901855469,54.621639251708984
2021-04-23,166.39999389648438,98.50834655761719,388.2278747558594,55.24089050292969
2021-04-26,166.83999633789062,98.40508270263672,389.0384216308594,55.30875015258789
2021-04-27,166.4199981689453,98.0179672241211,388.95452880859375,55.223915100097656
2021-04-28,166.91000366210938,98.14702606201172,388.8426513671875,55.452964782714844
2021-04-29,166.22000122070312,97.97496032714844,391.32073974609375,55.44448471069336
2021-04-30,165.66000366210938,98.06098175048828,388.7495422363281,54.6640510559082
2021-05-03,167.80999755859375,98.22798156738281,389.5879821777344,55.130611419677734
2021-05-04,166.5800018310547,98.35711669921875,387.1845703125,54.41804122924805
2021-05-05,167.27000427246094,98.47764587402344,387.3056945800781,54.9779167175293
2021-05-06,170.05999755859375,98.52066040039062,390.3985290527344,55.40206527709961
2021-05-07,171.58999633789062,98.55509948730469,393.23980712890625,56.05524826049805
2021-05-10,172.11000061035156,98.35711669921875,389.34576416015625,55.59716796875
2021-05-11,172.13999938964844,98.1935806274414,385.8709716796875,54.99488830566406
2021-05-12,170.42999267578125,97.72010803222656,377.6731262207031,53.91754913330078
2021-05-13,171.1300048828125,98.04721069335938,382.20989990234375,54.20597457885742
2021-05-14,172.69000244140625,98.26242065429688,388.0787658691406,55.113643646240234
2021-05-17,174.6999969482422,98.16773986816406,387.09136962890625,55.0288200378418
2021-05-18,175.0399932861328,98.16773986816406,383.75634765625,55.35965347290039
2021-05-19,175.16000366210938,97.87505340576172,382.7500915527344,54.96943664550781
2021-05-20,175.9600067138672,98.2796630859375,386.8678283691406,55.563228607177734
2021-05-21,176.0399932861328,98.31405639648438,386.55108642578125,55.410552978515625
2021-05-24,176.35000610351562,98.40875244140625,390.4916687011719,55.809242248535156
2021-05-25,177.9499969482422,98.77029418945312,389.6253356933594,55.96194076538086
2021-05-26,177.63999938964844,98.65838623046875,390.3985290527344,56.08919143676758
2021-05-27,177.7100067138672,98.48625183105469,390.60345458984375,56.21642303466797
2021-05-28,178.3800048828125,98.47764587402344,391.3021240234375,56.34366989135742
2021-06-01,177.89999389648438,98.45954132080078,390.95745849609375,56.87809371948242
2021-06-02,178.77000427246094,98.57150268554688,391.5721740722656,57.005332946777344
2021-06-03,175.27000427246094,98.32172393798828,390.1189880371094,56.572715759277344
2021-06-04,177.16000366210938,98.8643798828125,393.68695068359375,57.115623474121094
2021-06-07,177.8699951171875,98.78685760498047,393.3050231933594,57.158016204833984
2021-06-08,177.32000732421875,99.0711441040039,393.38885498046875,57.064727783203125
2021-06-09,176.97999572753906,99.38125610351562,392.8019714355469,56.86960983276367
2021-06-10,177.74000549316406,99.73442840576172,394.6278381347656,57.12409973144531
2021-06-11,175.74000549316406,99.58798217773438,395.27996826171875,57.19197463989258
2021-06-14,174.7100067138672,99.27787780761719,396.16497802734375,57.259830474853516
2021-06-15,174.0500030517578,99.29508972167969,395.4383239746094,57.20893096923828
2021-06-16,171.11000061035156,98.61460876464844,393.2304382324219,56.71692657470703
2021-06-17,165.85000610351562,98.9677963256836,393.10009765625,56.45396041870117
2021-06-18,164.92999267578125,99.52769470214844,387.79705810546875,55.55476379394531
2021-06-21,166.9499969482422,99.20894622802734,393.3486633300781,56.200294494628906
2021-06-22,166.25,99.38982391357422,395.45159912109375,56.19174575805664
2021-06-23,166.13999938964844,99.1917495727539,394.9750061035156,56.0207405090332
2021-06-24,166.0399932861328,99.17452239990234,397.3114929199219,56.52520751953125
2021-06-25,166.58999633789062,98.9677963256836,398.7228088378906,56.78171157836914
2021-06-28,166.5800018310547,99.27787780761719,399.526611328125,56.55085754394531
2021-06-29,164.8300018310547,99.32954406738281,399.7415771484375,56.533748626708984
2021-06-30,165.6300048828125,99.48462677001953,400.0780944824219,56.15754318237305
2021-07-01,166.1999969482422,99.41307067871094,402.2931823730469,56.208839416503906
2021-07-02,167.2899932861328,99.77510833740234,405.3680725097656,56.28579330444336
2021-07-06,168.1199951171875,100.30091094970703,404.629638671875,55.8240966796875
2021-07-07,168.75999450683594,100.59400177001953,406.05963134765625,56.00363540649414
2021-07-08,168.64999389648438,100.85261535644531,402.7510986328125,55.14862060546875
2021-07-09,169.2100067138672,100.34402465820312,407.0503845214844,56.097694396972656
2021-07-12,169.0,100.29231262207031,408.5084228515625,56.217403411865234
2021-07-13,169.22000122070312,99.98200225830078,407.1158142089844,56.05494689941406
2021-07-14,171.0399932861328,100.4129638671875,407.7233581542969,56.14899444580078
2021-07-15,171.07000732421875,100.83534240722656,406.3306884765625,55.85829544067383
2021-07-16,169.41000366210938,100.81810760498047,403.1436462402344,55.430782318115234
2021-07-19,169.61000061035156,101.68012237548828,397.1900329589844,54.490264892578125
2021-07-20,169.38999938964844,101.5508041381836,402.8818664550781,54.806617736816406
2021-07-21,168.75999450683594,100.96464538574219,406.1437683105469,55.507728576660156
2021-07-22,169.08999633789062,101.19739532470703,406.9942932128906,55.576141357421875
2021-07-23,168.55999755859375,101.04222869873047,411.1814880371094,55.635986328125
2021-07-26,168.16000366210938,100.9732894897461,412.19085693359375,55.405128479003906
2021-07-27,168.44000244140625,101.40428161621094,410.3122863769531,54.91777038574219
2021-07-28,169.2899932861328,101.49047088623047,410.1439514160156,55.507728576660156
2021-07-29,171.1699981689453,101.1801528930664,411.8450012207031,55.8497428894043
2021-07-30,169.82000732421875,101.4645767211914,409.844970703125,55.524837493896484
2021-08-02,169.61000061035156,101.9096450805664,408.9850158691406,55.755680084228516
2021-08-03,169.49000549316406,101.9355697631836,412.3123474121094,56.12334442138672
2021-08-04,169.52999877929688,101.9096450805664,410.2842102050781,56.07204818725586
2021-08-05,168.86000061035156,101.53880310058594,412.8824768066406,56.2344856262207
2021-08-06,164.63999938964844,100.94363403320312,413.5647277832031,55.96943664550781
2021-08-09,161.72000122070312,100.72803497314453,413.2283020019531,55.977989196777344
2021-08-10,161.77000427246094,100.53821563720703,413.74237060546875,56.08058166503906
2021-08-11,164.0,100.65037536621094,414.7705078125,56.42259216308594
2021-08-12,164.0399932861328,100.5468521118164,416.01348876953125,56.2344856262207
2021-08-13,166.38999938964844,101.12474822998047,416.7705383300781,56.42259216308594
2021-08-16,167.22000122070312,101.34900665283203,417.7519226074219,56.04639434814453
2021-08-17,166.97000122070312,101.29728698730469,415.01348876953125,55.362388610839844
2021-08-18,167.10000610351562,101.2455062866211,410.47113037109375,55.25122833251953
2021-08-19,166.61000061035156,101.46978759765625,411.106689453125,54.60141372680664
2021-08-20,166.6999969482422,101.37489318847656,414.3778381347656,54.74676513671875
2021-08-23,168.72999572753906,101.40074920654297,418.0229187011719,55.33672332763672
2021-08-24,168.64999389648438,101.12474822998047,418.6865234375,55.841190338134766
2021-08-25,167.47999572753906,100.72803497314453,419.5650939941406,55.892494201660156
2021-08-26,167.6699981689453,100.72803497314453,417.0883483886719,55.51628112792969
2021-08-27,170.19000244140625,101.05577087402344,420.8175048828125,56.12334442138672
2021-08-30,169.35000610351562,101.25414276123047,422.6680908203125,56.140445709228516
2021-08-31,169.69000244140625,101.06437683105469,422.0418701171875,56.33708953857422
2021-09-01,169.6999969482422,101.10752868652344,422.26617431640625,56.8330192565918
2021-09-02,169.25,101.22838592529297,423.5652770996094,56.986915588378906
2021-09-03,171.05999755859375,100.98672485351562,423.4624938964844,57.28617477416992
2021-09-07,167.7100067138672,100.58966064453125,421.9483947753906,57.269065856933594
2021-09-08,167.2899932861328,100.86587524414062,421.43438720703125,56.687660217285156
2021-09-09,168.02999877929688,101.15071105957031,419.63055419921875,56.636356353759766
2021-09-10,167.17999267578125,100.83133697509766,416.3218688964844,56.533748626708984
2021-09-13,167.74000549316406,100.9521484375,417.387451171875,56.90141296386719
2021-09-14,168.82000732421875,101.33195495605469,415.1349182128906,56.61069869995117
2021-09-15,167.8300018310547,101.15931701660156,418.6024169921875,56.74751281738281
2021-09-16,164.02999877929688,100.83995819091797,417.9388732910156,56.473907470703125
2021-09-17,163.77000427246094,100.54647064208984,413.86767578125,55.866825103759766
2021-09-20,164.94000244140625,101.05575561523438,406.9667663574219,54.69504928588867
2021-09-21,166.0399932861328,100.99536895751953,406.5823059082031,55.185096740722656
2021-09-22,165.4199981689453,101.09026336669922,410.54840087890625,55.623531341552734
2021-09-23,163.50999450683594,100.17535400390625,415.5365905761719,56.18235397338867
2021-09-24,163.3000030517578,99.8732681274414,416.22113037109375,55.64933395385742
2021-09-27,163.63999938964844,99.60568237304688,415.03033447265625,55.73530960083008
2021-09-28,162.0500030517578,99.22591400146484,406.6667175292969,54.660667419433594
2021-09-29,161.32000732421875,99.3294677734375,407.3511962890625,54.428531646728516
2021-09-30,164.22000122070312,99.45032501220703,402.3724060058594,54.385555267333984
2021-10-01,164.58999633789062,99.85627746582031,407.154296875,54.54030227661133
2021-10-04,165.36000061035156,99.7353515625,401.9035949707031,53.97288131713867
2021-10-05,164.58999633789062,99.42442321777344,406.0854187011719,54.299583435058594
2021-10-06,165.02999877929688,99.4503173828125,407.7731018066406,53.98148727416992
2021-10-07,164.16000366210938,99.05300903320312,411.29852294921875,54.60048294067383
2021-10-08,164.22999572753906,98.83707427978516,410.54840087890625,54.66926193237305
2021-10-11,163.9199981689453,98.59521484375,407.5762023925781,54.505916595458984
2021-10-12,164.66000366210938,99.04434204101562,406.5729064941406,54.47151565551758
2021-10-13,167.58999633789062,99.23442077636719,408.03564453125,55.09052658081055
2021-10-14,168.0,99.46760559082031,414.8990173339844,55.554771423339844
2021-10-15,165.3300018310547,98.97528839111328,418.058837890625,56.03620147705078
2021-10-18,164.9199981689453,98.83707427978516,419.29656982421875,55.864261627197266
2021-10-19,165.4499969482422,98.48294830322266,422.53131103515625,56.31130599975586
2021-10-20,166.89999389648438,98.43976593017578,424.19091796875,56.457462310791016
2021-10-21,166.75,98.1806411743164,425.2973327636719,56.1221809387207
2021-10-22,167.77000427246094,98.43112182617188,424.8566589355469,56.29411697387695
2021-10-25,168.92999267578125,98.5520248413086,427.1351013183594,56.354305267333984
2021-10-26,167.67999267578125,98.6729736328125,427.51947021484375,56.31130599975586
2021-10-27,168.1199951171875,99.22576141357422,425.62548828125,56.01041030883789
2021-10-28,168.0800018310547,98.96665954589844,429.73236083984375,56.42306900024414
2021-10-29,166.64999389648438,99.00981903076172,430.6042785644531,55.95022964477539
2021-11-01,167.52000427246094,99.00203704833984,431.3450012207031,56.491851806640625
2021-11-02,167.16000366210938,99.24405670166016,433.0889587402344,56.208152770996094
2021-11-03,165.77000427246094,98.93289184570312,435.7330627441406,56.577816009521484
2021-11-04,167.64999389648438,99.46878814697266,437.78643798828125,56.517642974853516
2021-11-05,169.83999633789062,100.0133285522461,439.305419921875,56.638004302978516
2021-11-08,170.4499969482422,99.58113861083984,439.6804504394531,56.818538665771484
2021-11-09,171.2899932861328,100.03925323486328,438.2271423339844,56.6465950012207
2021-11-10,173.14999389648438,99.18354797363281,434.70166015625,56.07918930053711
2021-11-11,174.1199951171875,98.86375427246094,434.84234619140625,56.4488639831543
2021-11-12,174.4499969482422,99.07119750976562,438.1240234375,56.77555847167969
2021-11-15,174.17999267578125,98.68223571777344,438.2740783691406,56.65519332885742
2021-11-16,172.9199981689453,98.59578704833984,440.0085754394531,56.53483581542969
2021-11-17,174.5,98.95020294189453,438.93975830078125,56.405879974365234
2021-11-18,173.94000244140625,99.01066589355469,440.43060302734375,56.25114059448242
2021-11-19,172.61000061035156,99.27864837646484,439.6430358886719,55.89005661010742
2021-11-22,168.74000549316406,98.55256652832031,438.4053955078125,55.53756332397461
2021-11-23,167.27999877929688,98.14631652832031,438.9866638183594,55.503173828125
2021-11-24,167.1199951171875,98.44886779785156,440.15863037109375,55.279640197753906
2021-11-26,166.85000610351562,99.71947479248047,430.34173583984375,53.697784423828125
2021-11-29,166.6199951171875,99.49469757080078,435.6205749511719,53.92991256713867
2021-11-30,165.5,100.09115600585938,427.1444396972656,53.568817138671875
2021-12-01,166.16000366210938,100.27967834472656,422.3999938964844,53.310909271240234
2021-12-02,165.24000549316406,100.06344604492188,428.8696594238281,54.01587677001953
2021-12-03,166.6300048828125,100.65162658691406,425.1379699707031,53.628997802734375
2021-12-06,166.22000122070312,100.14994049072266,430.1730041503906,54.153438568115234
2021-12-07,166.80999755859375,99.76929473876953,439.0710144042969,55.19368362426758
2021-12-08,166.89999389648438,99.44927978515625,440.2336730957031,55.322635650634766
2021-12-09,165.8800048828125,99.7001724243164,437.2614440917969,54.90997314453125
2021-12-10,166.5800018310547,99.76929473876953,441.3775939941406,54.995948791503906
2021-12-13,167.0,100.24510192871094,437.46771240234375,54.32537078857422
2021-12-14,165.44000244140625,100.07209014892578,434.4578857421875,54.110435485839844
2021-12-15,166.14999389648438,99.9250259399414,441.246337890625,54.55748748779297
2021-12-16,168.16000366210938,100.2159423828125,437.35516357421875,54.62627029418945
2021-12-17,167.8000030517578,100.44104766845703,432.700439453125,54.050262451171875
2021-12-20,167.08999633789062,100.35446166992188,428.0993347167969,53.6845703125
2021-12-21,167.02000427246094,99.95622253417969,435.7019958496094,54.40025329589844
2021-12-22,168.58999633789062,100.05145263671875,440.0584411621094,54.888999938964844
2021-12-23,168.97000122070312,99.8436508178711,442.79656982421875,55.19447708129883
2021-12-27,169.3699951171875,99.87828063964844,449.06304931640625,55.595951080322266
2021-12-28,168.63999938964844,99.8609619140625,448.69610595703125,55.53485107421875
2021-12-29,168.58999633789062,99.35015869140625,449.27008056640625,55.48249053955078
2021-12-30,169.8000030517578,99.67914581298828,448.02801513671875,55.56104278564453
2021-12-31,170.9600067138672,99.56661987304688,446.8988952636719,55.48249053955078
2022-01-03,168.3300018310547,98.64022827148438,449.4864807128906,55.840328216552734
2022-01-04,169.57000732421875,98.5882568359375,449.33587646484375,55.91015625
2022-01-05,169.05999755859375,98.17265319824219,440.7076721191406,55.3515739440918
2022-01-06,166.99000549316406,97.93025207519531,440.2936706542969,55.19447708129883
2022-01-07,167.75,97.60989379882812,438.5530090332031,55.4388427734375
2022-01-10,168.25999450683594,97.58392333984375,438.00726318359375,55.028648376464844
2022-01-11,170.2899932861328,97.8177261352539,441.9967041015625,55.814144134521484
2022-01-12,170.74000549316406,97.83501434326172,443.1916809082031,56.468719482421875
2022-01-13,170.16000366210938,98.14667510986328,437.0851135253906,55.9799690246582
2022-01-14,169.6699981689453,97.47136688232422,437.2639465332031,55.9276123046875
2022-01-18,169.38999938964844,96.73545837402344,429.5201721191406,55.098472595214844
2022-01-19,172.0800018310547,96.96920013427734,425.0602111816406,55.1421012878418
2022-01-20,171.64999389648438,97.17700958251953,420.3556213378906,54.98500442504883
2022-01-21,171.08999633789062,97.73979187011719,412.1037292480469,54.19077682495117
2022-01-24,172.02999877929688,97.65319061279297,413.8537902832031,53.562374114990234
2022-01-25,172.5800018310547,97.52328491210938,408.80108642578125,53.36164474487305
2022-01-26,169.7899932861328,96.8306884765625,407.77557373046875,53.02125930786133
2022-01-27,167.60000610351562,97.23758697509766,405.761962890625,52.645965576171875
2022-01-28,167.10000610351562,97.46272277832031,415.83917236328125,52.8990592956543
2022-01-31,168.08999633789062,97.46272277832031,423.3289489746094,53.911495208740234
2022-02-01,168.22999572753906,97.33097076416016,426.18927001953125,54.37406539916992
2022-02-02,168.83999633789062,97.5302963256836,430.3293762207031,54.65335464477539
2022-02-03,168.60000610351562,97.11432647705078,420.2144470214844,53.92020797729492
2022-02-04,168.86000061035156,96.36900329589844,422.1904602050781,54.00749969482422
2022-02-07,170.11000061035156,96.39503479003906,420.8354187011719,54.08604049682617
2022-02-08,170.6300048828125,96.08303833007812,424.2980041503906,54.40025329589844
2022-02-09,171.2100067138672,96.2130355834961,430.5081787109375,55.29048156738281
2022-02-10,170.55999755859375,95.32906341552734,422.77374267578125,54.66207504272461
2022-02-11,173.80999755859375,96.3170166015625,414.437255859375,53.911495208740234
2022-02-14,174.74000549316406,95.64973449707031,413.08233642578125,53.58856964111328
2022-02-15,173.0800018310547,95.36372375488281,419.7440185546875,54.56607437133789
2022-02-16,174.86000061035156,95.56306457519531,420.2144470214844,54.810447692871094
2022-02-17,177.25,96.07434844970703,411.2381286621094,54.05112075805664
2022-02-18,177.1199951171875,96.38636779785156,408.5753173828125,53.71075439453125
2022-02-22,177.49000549316406,96.37769317626953,404.19061279296875,53.07362365722656
2022-02-23,178.2899932861328,95.87503051757812,397.0208435058594,52.54995346069336
2022-02-24,177.13999938964844,96.10037994384766,402.9955749511719,51.8779182434082
2022-02-25,176.5500030517578,96.07434844970703,411.8872985839844,53.056175231933594
2022-02-28,178.3800048828125,97.16631317138672,410.83355712890625,52.37540054321289
2022-03-01,181.6199951171875,98.11267852783203,404.576416015625,51.397884368896484
2022-03-02,179.72999572753906,96.63807678222656,412.0190734863281,51.93901443481445
2022-03-03,180.8000030517578,97.05439758300781,409.96783447265625,51.14478302001953
2022-03-04,183.67999267578125,98.01726531982422,406.6369934082031,49.95780563354492
2022-03-07,186.41000366210938,97.60087585449219,394.64971923828125,48.36934280395508
2022-03-08,191.50999450683594,96.96768188476562,391.6575927734375,48.64863967895508
2022-03-09,185.82000732421875,96.3691635131836,402.1582336425781,50.32437515258789
2022-03-10,186.39999389648438,95.92678833007812,400.3422546386719,49.69596481323242
2022-03-11,185.08999633789062,95.90077209472656,395.251953125,49.102474212646484
2022-03-14,182.3000030517578,94.68638610839844,392.36328125,49.03266143798828
2022-03-15,178.88999938964844,94.64303588867188,400.99151611328125,49.373043060302734
2022-03-16,180.00999450683594,94.51294708251953,409.88323974609375,51.5113525390625
2022-03-17,180.88999938964844,94.33075714111328,415.01123046875,51.77318572998047
2022-03-18,179.3000030517578,94.60834503173828,419.5566711425781,52.37540054321289
2022-03-21,180.6699981689453,93.3765869140625,419.4339904785156,51.99073791503906
2022-03-22,179.36000061035156,92.86485290527344,424.3419494628906,52.55025100708008
2022-03-23,181.80999755859375,93.48938751220703,418.8771667480469,52.00822067260742
2022-03-24,183.1300048828125,92.96893310546875,425.1914367675781,52.36666488647461
2022-03-25,182.3800048828125,92.01480865478516,427.2679138183594,52.33168029785156
2022-03-28,179.05999755859375,92.22295379638672,430.3070373535156,52.235511779785156
2022-03-29,179.13999938964844,92.68267822265625,435.6303405761719,53.25837326049805
2022-03-30,180.5800018310547,93.0469970703125,432.9404296875,53.07478713989258
2022-03-31,180.64999389648438,93.22048950195312,426.27685546875,52.22677993774414
2022-04-01,179.5,92.61344909667969,427.4849853515625,52.7950325012207
2022-04-04,180.3699951171875,92.55268859863281,431.1470642089844,53.22340774536133
2022-04-05,179.24000549316406,91.44984436035156,425.70111083984375,52.49779510498047
2022-04-06,179.66000366210938,91.1285171508789,421.44439697265625,51.84211730957031
2022-04-07,180.33999633789062,90.90276336669922,423.5680236816406,51.80714416503906
2022-04-08,181.47000122070312,90.4424819946289,422.43548583984375,51.82463455200195
2022-04-11,182.3699951171875,90.00830841064453,415.2150573730469,51.21266555786133
2022-04-12,183.77000427246094,90.4424819946289,413.676513671875,50.93290710449219
2022-04-13,184.64999389648438,90.6422119140625,418.4147033691406,51.536128997802734
2022-04-14,184.0399932861328,89.82596588134766,413.20465087890625,51.195186614990234
2022-04-18,184.61000061035156,89.56546020507812,413.3745422363281,51.00285720825195
2022-04-19,181.82000732421875,88.97493743896484,420.04754638671875,51.10775375366211
2022-04-20,182.7100067138672,89.6696548461914,419.7360534667969,51.291343688964844
2022-04-21,182.05999755859375,89.17467498779297,413.45953369140625,50.62693786621094
2022-04-22,180.2899932861328,89.21806335449219,402.1145324707031,49.84011459350586
2022-04-25,177.0500030517578,89.79119873046875,404.44580078125,49.49916458129883
2022-04-26,177.32000732421875,90.390380859375,392.73272705078125,48.23152542114258
2022-04-27,175.97999572753906,89.88675689697266,393.8370361328125,48.554996490478516
2022-04-28,176.92999267578125,89.75647735595703,403.78509521484375,49.27186965942383
2022-04-29,176.91000366210938,89.27887725830078,388.8630676269531,48.834747314453125
2022-05-02,173.6300048828125,88.61376190185547,391.20367431640625,48.68612289428711
2022-05-03,174.08999633789062,88.71807098388672,392.9969787597656,49.10576629638672
2022-05-04,175.8000030517578,89.29190826416016,404.96490478515625,49.81388854980469
2022-05-05,175.1300048828125,88.3963623046875,390.5713195800781,48.22279357910156
2022-05-06,175.4199981689453,87.89210510253906,388.2400207519531,47.724464416503906
2022-05-09,172.8800048828125,88.54417419433594,375.8097229003906,46.26449966430664
2022-05-10,171.4199981689453,88.83981323242188,376.67791748046875,46.50054931640625
2022-05-11,172.82000732421875,89.3875503540039,370.6940002441406,46.247013092041016
2022-05-12,170.1699981689453,89.68315887451172,370.3070373535156,46.07217025756836
2022-05-13,168.7899932861328,89.213623046875,379.16033935546875,47.3135871887207
2022-05-16,170.39999389648438,89.5875244140625,377.621826171875,47.304847717285156
2022-05-17,169.3300018310547,88.90935516357422,385.3896484375,48.275245666503906
2022-05-18,169.4199981689453,89.54405975341797,369.85400390625,47.16496658325195
2022-05-19,171.91000366210938,89.86572265625,367.5887756347656,47.680763244628906
2022-05-20,172.02999877929688,90.2830581665039,367.74920654296875,47.95176696777344
2022-05-23,172.8300018310547,89.73532104492188,374.6297912597656,48.64241027832031
2022-05-24,174.1300048828125,90.50910949707031,371.7699279785156,48.257747650146484
2022-05-25,173.0800018310547,90.69168853759766,375.0545654296875,48.3364372253418
2022-05-26,172.75999450683594,90.64824676513672,382.54864501953125,48.913429260253906
2022-05-27,172.85000610351562,90.77865600585938,391.93994140625,49.53413009643555
2022-05-31,171.13999938964844,89.83097076416016,389.74066162109375,49.57785415649414
2022-06-01,172.22999572753906,89.32516479492188,386.58837890625,49.097015380859375
2022-06-02,174.35000610351562,89.45574951171875,393.9502868652344,50.07616424560547
2022-06-03,172.5800018310547,89.28166961669922,387.4849548339844,49.31557846069336
2022-06-06,171.82000732421875,88.61137390136719,388.6648254394531,49.53413009643555
2022-06-07,172.94000244140625,88.96825408935547,392.3929138183594,49.682762145996094
2022-06-08,172.77999877929688,88.63745880126953,388.12677001953125,49.280601501464844
2022-06-09,172.22999572753906,88.55912017822266,378.89599609375,48.249000549316406
2022-06-10,174.5399932861328,87.68858337402344,367.90966796875,47.287353515625
2022-06-13,169.92999267578125,86.13032531738281,353.9407958984375,45.69624328613281
2022-06-14,168.57000732421875,85.44258880615234,352.874267578125,45.59134292602539
2022-06-15,170.77000427246094,86.63520812988281,357.9049377441406,46.299468994140625
2022-06-16,172.69000244140625,87.20111846923828,346.05975341796875,45.101768493652344
2022-06-17,171.27000427246094,87.22720336914062,346.80572509765625,44.96189498901367
2022-06-21,170.6300048828125,86.77452087402344,355.5361022949219,45.73040771484375
2022-06-22,171.30999755859375,87.87140655517578,354.8915100097656,45.226314544677734
2022-06-23,170.25999450683594,88.36760711669922,358.370361328125,45.164405822753906
2022-06-24,170.08999633789062,88.05420684814453,369.7643127441406,46.393672943115234
2022-06-27,169.89999389648438,87.5580062866211,368.3519287109375,46.340614318847656
2022-06-28,169.6199951171875,87.67119598388672,360.82550048828125,46.10182571411133
2022-06-29,169.49000549316406,88.37631225585938,360.5316162109375,45.80998992919922
2022-06-30,168.4600067138672,89.05530548095703,357.6025695800781,45.6419677734375
2022-07-01,168.32000732421875,90.01000213623047,361.384765625,45.6242790222168
2022-07-05,164.75,90.34130859375,362.0672912597656,44.78412628173828
2022-07-06,162.13999938964844,89.57406616210938,363.2900695800781,44.70454406738281
2022-07-07,162.22999572753906,89.02481842041016,368.7311096191406,45.482784271240234
2022-07-08,162.3000030517578,88.4842758178711,368.4277648925781,45.51814651489258
2022-07-11,161.42999267578125,89.1817398071289,364.21905517578125,44.6337890625
2022-07-12,160.8300018310547,89.39096069335938,360.9961242675781,44.57189178466797
2022-07-13,161.60000610351562,89.77459716796875,359.1002197265625,44.51882553100586
2022-07-14,159.3300018310547,89.27761840820312,358.2282409667969,43.91745376586914
2022-07-15,159.00999450683594,89.58277893066406,365.0721740722656,44.46575164794922
2022-07-18,159.16000366210938,89.32125854492188,362.05780029296875,44.74876022338867
2022-07-19,159.5399932861328,88.91145324707031,371.8402404785156,45.80998992919922
2022-07-20,158.0399932861328,88.82427978515625,374.2100524902344,45.562374114990234
2022-07-21,160.27000427246094,89.83563995361328,378.02069091796875,46.075294494628906
2022-07-22,160.6699981689453,90.86441802978516,374.5133972167969,45.84536361694336
2022-07-25,160.22999572753906,90.54181671142578,374.9684143066406,46.1548957824707
2022-07-26,160.0399932861328,90.57666778564453,370.5321350097656,45.61543273925781
2022-07-27,161.6699981689453,90.75978088378906,380.1535949707031,46.58823013305664
2022-07-28,163.63999938964844,91.65782928466797,384.92156982421875,46.87123107910156
2022-07-29,164.10000610351562,91.69267272949219,390.5332946777344,47.30455780029297
2022-08-01,165.02999877929688,92.22895050048828,389.3768005371094,47.171913146972656
2022-08-02,164.0500030517578,90.95378875732422,386.80792236328125,46.58823013305664
2022-08-03,164.4499969482422,91.32936096191406,392.86517333984375,46.88890838623047
2022-08-04,167.1699981689453,91.7922592163086,392.5997009277344,47.13653564453125
2022-08-05,165.2899932861328,90.46471405029297,391.9361877441406,46.90660095214844
2022-08-08,166.69000244140625,90.99748992919922,391.481201171875,47.0481071472168
2022-08-09,167.1999969482422,90.7267074584961,389.9266357421875,46.800479888916016
2022-08-10,166.77999877929688,90.77910614013672,398.11663818359375,47.77326965332031
2022-08-11,166.33999633789062,90.17649841308594,398.11663818359375,47.84402084350586
2022-08-12,167.8699951171875,90.53457641601562,404.8562927246094,48.22430419921875
2022-08-15,165.7100067138672,90.82279205322266,406.5246887207031,47.95014953613281
2022-08-16,165.4199981689453,90.7179946899414,407.3208923339844,47.976680755615234
2022-08-17,164.35000610351562,90.10663604736328,404.4298095703125,47.640621185302734
2022-08-18,163.9199981689453,90.28131103515625,405.60516357421875,47.45491027832031
2022-08-19,162.72000122070312,89.5040054321289,400.1546325683594,46.81816864013672
2022-08-22,161.63999938964844,89.11093139648438,391.82244873046875,46.146053314208984
2022-08-23,162.77000427246094,88.89263916015625,390.87445068359375,46.26985549926758
2022-08-24,163.25,88.59566497802734,392.125732421875,46.35829162597656
2022-08-25,163.75,89.16339111328125,397.6615905761719,46.96849822998047
2022-08-26,161.75999450683594,89.05854797363281,384.201171875,45.89842987060547
2022-08-29,161.86000061035156,88.55200958251953,381.6607666015625,45.76577377319336
2022-08-30,160.50999450683594,88.52577209472656,377.47088623046875,45.35896682739258
2022-08-31,159.27000427246094,88.15898895263672,374.59881591796875,45.182098388671875
2022-09-01,157.8699951171875,87.45813751220703,375.7742004394531,44.68684768676758
2022-09-02,159.25999450683594,87.94815063476562,371.8117980957031,44.412696838378906
2022-09-06,158.3300018310547,86.96820831298828,370.4089660644531,44.129703521728516
2022-09-07,159.94000244140625,87.53691864013672,377.0633544921875,44.509979248046875
2022-09-08,158.97999572753906,87.21318054199219,379.52789306640625,44.52766799926758
2022-09-09,159.82000732421875,87.22193145751953,385.42401123046875,45.49161911010742
2022-09-12,160.6300048828125,87.01191711425781,389.56634521484375,46.09298324584961
2022-09-13,158.5399932861328,86.52196502685547,372.6270751953125,44.54534912109375
2022-09-14,157.92999267578125,86.56572723388672,374.0489196777344,44.766441345214844
2022-09-15,154.97999572753906,86.26824951171875,369.8022766113281,44.32426071166992
2022-09-16,155.83999633789062,86.3382797241211,366.9810485839844,43.98820877075195
2022-09-19,155.9600067138672,86.09326934814453,369.82696533203125,44.20165252685547
2022-09-20,155.07000732421875,85.55956268310547,365.58184814453125,43.579097747802734
2022-09-21,155.7899932861328,85.90079498291016,359.204833984375,42.95653533935547
2022-09-22,155.6999969482422,84.60588073730469,356.18756103515625,42.82313919067383
2022-09-23,153.00999450683594,84.71089172363281,350.2196044921875,41.524658203125
2022-09-26,151.22999572753906,83.3022232055664,346.7550964355469,40.884307861328125
2022-09-27,151.5399932861328,82.73351287841797,345.86993408203125,40.68865203857422
2022-09-28,154.69000244140625,84.59712219238281,352.6753845214844,41.47129821777344
2022-09-29,154.66000366210938,84.2033920288086,345.3083190917969,40.8309440612793
2022-09-30,154.6699981689453,83.98468017578125,339.9685974121094,40.70643615722656
2022-10-03,158.42999267578125,84.98141479492188,348.9442443847656,41.569122314453125
2022-10-04,160.6999969482422,85.15673828125,359.7568054199219,43.045475006103516
2022-10-05,159.80999755859375,84.35022735595703,358.91925048828125,42.663047790527344
2022-10-06,159.6300048828125,83.8856430053711,355.2166442871094,42.0760612487793
2022-10-07,157.8800048828125,83.47361755371094,345.3083190917969,41.3467903137207
2022-10-10,155.47999572753906,82.98271179199219,342.6717224121094,41.026611328125
2022-10-11,155.16000366210938,83.1930923461914,340.5016174316406,40.484100341796875
2022-10-12,155.99000549316406,83.46482849121094,339.3785095214844,40.42182922363281
2022-10-13,154.91000366210938,83.11417388916016,348.3350830078125,41.071075439453125
2022-10-14,152.97999572753906,82.64955139160156,340.39697265625,40.42182922363281
2022-10-17,153.4199981689453,82.7372055053711,349.14410400390625,41.462398529052734
2022-10-18,153.75,82.9476547241211,353.24639892578125,41.67584228515625
2022-10-19,151.69000244140625,82.07978057861328,350.7431640625,41.0799674987793
2022-10-20,151.4499969482422,81.46611022949219,347.8020935058594,41.12444305419922
2022-10-21,154.14999389648438,81.65018463134766,356.2541809082031,41.8359375
2022-10-24,153.64999389648438,81.54500579833984,360.6134033203125,41.37346649169922
2022-10-25,154.0,82.5619125366211,366.3719787597656,42.084957122802734
2022-10-26,154.97999572753906,82.98271179199219,363.6116943359375,42.574100494384766
2022-10-27,154.74000549316406,83.57007598876953,361.6700134277344,42.24504852294922
2022-10-28,153.16000366210938,83.1405029296875,370.27435302734375,42.4495964050293
2022-10-31,151.91000366210938,82.76354217529297,367.5997619628906,42.093849182128906
2022-11-01,153.4600067138672,82.74859619140625,365.9912109375,42.55632019042969
2022-11-02,152.38999938964844,82.60800170898438,356.8061828613281,42.022701263427734
2022-11-03,151.80999755859375,82.24784088134766,353.1322326660156,41.87150955200195
2022-11-04,156.47000122070312,82.07212829589844,358.21490478515625,43.47237014770508
2022-11-07,155.85000610351562,81.7822036743164,361.6413879394531,43.59688186645508
2022-11-08,159.4499969482422,82.32689666748047,363.5926818847656,44.06824493408203
2022-11-09,158.64999389648438,82.60800170898438,356.1018371582031,43.356754302978516
2022-11-10,163.47999572753906,84.46172332763672,375.67120361328125,45.49123764038086
2022-11-11,164.55999755859375,84.2860107421875,379.3070983886719,46.39839553833008
2022-11-14,164.9199981689453,84.08395385742188,376.0803527832031,45.953712463378906
2022-11-15,165.5,84.70771789550781,379.28802490234375,46.41617965698242
2022-11-16,165.1199951171875,85.33147430419922,376.3945007324219,46.078224182128906
2022-11-17,163.9199981689453,84.75161743164062,375.2427978515625,46.11378860473633
2022-11-18,162.7899932861328,84.45291900634766,376.946533203125,46.0604362487793
2022-11-21,161.8800048828125,84.40020751953125,375.5759582519531,45.67800521850586
2022-11-22,162.07000732421875,84.88341522216797,380.63006591796875,46.22052764892578
2022-11-23,163.0800018310547,85.34022521972656,383.0286865234375,46.69188690185547
2022-11-25,163.22000122070312,85.31389617919922,382.9430236816406,46.79861068725586
2022-11-28,161.92999267578125,85.34904479980469,376.8323669433594,46.273887634277344
2022-11-29,162.72999572753906,84.98881530761719,376.1851806640625,46.63853073120117
2022-11-30,164.80999755859375,85.75315856933594,388.0352478027344,47.58125686645508
2022-12-01,167.83999633789062,86.68976593017578,387.7496643066406,47.83027648925781
2022-12-02,167.25999450683594,86.86583709716797,387.3023376464844,47.87474822998047
2022-12-05,164.38999938964844,85.98554229736328,380.33502197265625,47.21662139892578
2022-12-06,164.83999633789062,86.51373291015625,374.8525390625,47.003170013427734
2022-12-07,166.3300018310547,87.270751953125,374.21490478515625,46.89643478393555
2022-12-08,166.47000122070312,86.77779388427734,377.1464538574219,47.23440170288086
2022-12-09,167.05999755859375,86.13518524169922,374.3291015625,47.16325378417969
2022-12-12,165.67999267578125,86.0119400024414,379.7259216308594,47.19883346557617
2022-12-13,168.50999450683594,86.78660583496094,382.600341796875,47.759132385253906
2022-12-14,168.10000610351562,87.02428436279297,380.1542053222656,47.69687271118164
2022-12-15,165.35000610351562,87.1936264038086,370.85498046875,46.5584831237793
2022-12-16,166.7899932861328,86.97312927246094,366.4765625,46.300575256347656
2022-12-19,166.32000732421875,86.26751708984375,363.3689880371094,46.24565124511719
2022-12-20,169.0800018310547,85.64131927490234,363.8662414550781,46.38968276977539
2022-12-21,168.8000030517578,85.74714660644531,369.30694580078125,46.830810546875
2022-12-22,166.75999450683594,85.720703125,364.0383605957031,46.47071838378906
2022-12-23,167.25999450683594,85.33260345458984,366.1324157714844,46.57874298095703
2022-12-27,168.6699981689453,84.61822509765625,364.6885681152344,46.830810546875
2022-12-28,167.91000366210938,84.41535949707031,360.15618896484375,46.27266311645508
2022-12-29,168.85000610351562,84.82990264892578,366.63916015625,47.028865814208984
2022-12-30,169.63999938964844,84.47710418701172,365.67340087890625,46.560733795166016
2023-01-03,171.05999755859375,85.1385726928711,364.1339416503906,46.87582015991211
2023-01-04,172.6699981689453,85.79124450683594,366.9451599121094,47.67704391479492
2023-01-05,170.52000427246094,85.66776275634766,362.757080078125,47.26292037963867
2023-01-06,173.7100067138672,86.77024841308594,371.0758361816406,48.3702278137207
2023-01-09,174.10000610351562,86.99073791503906,370.865478515625,48.63130187988281
2023-01-10,174.74000549316406,86.44393920898438,373.4663391113281,48.82935333251953
2023-01-11,174.6199951171875,86.99958801269531,378.1898193359375,49.126441955566406
2023-01-12,176.63999938964844,87.77574157714844,379.5667419433594,49.72060012817383
2023-01-13,178.75999450683594,87.30828857421875,381.0393371582031,49.99967575073242
2023-01-17,177.58999633789062,87.03486633300781,380.3412780761719,50.03569793701172
2023-01-18,177.0800018310547,88.21672058105469,374.3364562988281,49.7656135559082
2023-01-19,179.88999938964844,88.04915618896484,371.6113586425781,49.8646354675293
2023-01-20,179.2899932861328,87.46703338623047,378.5340576171875,50.35977554321289
2023-01-23,179.6300048828125,87.18480682373047,383.0760192871094,50.60284423828125
2023-01-24,180.27999877929688,87.6875228881836,382.664794921875,50.611839294433594
2023-01-25,181.11000061035156,87.78453826904297,382.8082275390625,50.818904876708984
2023-01-26,179.47000122070312,87.46703338623047,387.0155334472656,50.99894714355469
2023-01-27,179.22000122070312,87.33472442626953,387.9046630859375,50.881919860839844
2023-01-30,178.75999450683594,87.06132507324219,383.0377502441406,50.350772857666016
2023-01-31,179.41000366210938,87.50232696533203,388.6696472167969,50.60284423828125
2023-02-01,181.6699981689453,88.13163757324219,392.8003234863281,51.07997512817383
2023-02-02,177.89999389648438,88.09626007080078,398.518310546875,50.95393753051758
2023-02-03,173.4600067138672,87.15052795410156,394.2824401855469,50.350772857666016
2023-02-06,173.82000732421875,86.39924621582031,391.87286376953125,49.82862854003906
2023-02-07,173.97999572753906,86.18712615966797,396.9979553222656,50.17072296142578
2023-02-08,174.41000366210938,86.50529479980469,392.6569519042969,49.94567108154297
2023-02-09,173.02999877929688,86.11637878417969,389.2528381347656,50.03569793701172
2023-02-10,173.36000061035156,85.70095825195312,390.1612854003906,49.80161666870117
2023-02-13,172.47999572753906,85.9042739868164,394.741455078125,50.22473907470703
2023-02-14,172.61000061035156,85.5153579711914,394.559814453125,50.23374557495117
2023-02-15,170.88999938964844,85.25904083251953,395.84100341796875,49.98167419433594
2023-02-16,170.75,84.97621154785156,390.3907775878906,49.78361511230469
2023-02-17,171.25999450683594,85.21484375,389.41546630859375,49.73861312866211
2023-02-21,170.6199951171875,84.28678894042969,381.6034240722656,49.153438568115234
2023-02-22,169.66000366210938,84.43701934814453,381.0775146484375,48.8743782043457
2023-02-23,169.57000732421875,84.76405334472656,383.1046447753906,49.126441955566406
2023-02-24,168.35000610351562,84.25142669677734,379.01214599609375,48.31621551513672
2023-02-27,169.00999450683594,84.50773620605469,380.3030700683594,48.784339904785156
2023-02-28,169.77999877929688,84.64032745361328,378.8974304199219,48.442256927490234
2023-03-01,170.75999450683594,83.96365356445312,377.4440612792969,48.93738555908203
2023-03-02,170.66000366210938,83.61823272705078,380.3795166015625,49.04541015625
2023-03-03,172.49000549316406,84.29135131835938,386.47998046875,49.66658401489258
2023-03-06,171.6199951171875,84.14076232910156,386.7477111816406,49.55855178833008
2023-03-07,168.6199951171875,84.1496353149414,380.8193359375,48.71232604980469
2023-03-08,168.5399932861328,84.12307739257812,381.44097900390625,48.93738555908203
2023-03-09,170.1999969482422,84.64564514160156,374.4034118652344,48.3702278137207
2023-03-10,173.8699951171875,86.20446014404297,369.0009765625,47.95611572265625
2023-03-13,177.86000061035156,87.24956512451172,368.4749755859375,47.73106384277344
2023-03-14,176.8300018310547,86.42586517333984,374.56597900390625,48.1541748046875
2023-03-15,178.2100067138672,87.67467498779297,372.22332763671875,46.902828216552734
2023-03-16,178.57000732421875,86.88642883300781,378.7540283203125,47.57801818847656
2023-03-17,183.77000427246094,87.913818359375,374.3253479003906,47.109893798828125
2023-03-20,183.83999633789062,87.5595703125,377.9247131347656,47.68828582763672
2023-03-21,180.3699951171875,86.79785919189453,382.8870849609375,48.256752014160156
2023-03-22,183.44000244140625,87.94042205810547,376.3601379394531,48.130428314208984
2023-03-23,185.74000549316406,88.44525146484375,377.3775939941406,48.319908142089844
2023-03-24,183.64999389648438,88.47183990478516,379.8539733886719,48.19358825683594
2023-03-27,181.9499969482422,87.38241577148438,380.5642395019531,48.44624710083008
2023-03-28,183.44000244140625,87.32927703857422,379.7099914550781,48.64475631713867
2023-03-29,182.52999877929688,87.17870330810547,385.22900390625,49.104942321777344
2023-03-30,184.17999267578125,87.31156921386719,387.48468017578125,49.6463508605957
2023-03-31,183.22000122070312,87.78985595703125,392.94610595703125,49.817787170410156
2023-04-03,184.5399932861328,88.20338439941406,394.4434509277344,50.1787223815918
2023-04-04,187.97999572753906,88.7713623046875,392.2550354003906,50.15164566040039
2023-04-05,187.8300018310547,89.14408111572266,391.22802734375,49.799739837646484
2023-04-06,186.49000549316406,89.17071533203125,392.754150390625,49.97118377685547
2023-04-10,185.11000061035156,88.29214477539062,393.1572570800781,50.00727462768555
2023-04-11,186.27999877929688,88.25664520263672,393.26287841796875,50.23285675048828
2023-04-12,187.19000244140625,88.51402282714844,391.6598815917969,50.36821746826172
2023-04-13,189.72000122070312,88.22113800048828,396.86224365234375,51.026912689208984
2023-04-14,186.36000061035156,87.78627014160156,395.892822265625,50.81938171386719
2023-04-17,185.52999877929688,87.22723388671875,397.3133544921875,50.81938171386719
2023-04-18,186.25,87.36917114257812,397.572509765625,50.98179244995117
2023-04-19,185.36000061035156,87.18282318115234,397.50531005859375,50.67500305175781
2023-04-20,186.08999633789062,87.68868255615234,395.3361511230469,50.665985107421875
2023-04-21,184.25,87.47566223144531,395.64324951171875,50.67500305175781
2023-04-24,184.80999755859375,87.90164184570312,396.05596923828125,50.7471923828125
2023-04-25,185.75,88.7713623046875,389.7690124511719,49.944114685058594
2023-04-26,184.74000549316406,88.42526245117188,388.11810302734375,50.00727462768555
2023-04-27,184.75,87.848388671875,395.8448486328125,50.6479377746582
2023-04-28,184.8000030517578,88.50514221191406,399.2234191894531,50.75621795654297
2023-05-01,183.97000122070312,87.46343231201172,398.8203125,50.65695571899414
2023-05-02,187.52000427246094,88.60208129882812,394.3378601074219,50.12458419799805
2023-05-03,189.11000061035156,89.18030548095703,391.631103515625,50.187740325927734
2023-05-04,190.44000244140625,89.16251373291016,388.85723876953125,50.277976989746094
2023-05-05,187.4600067138672,88.6821517944336,396.05596923828125,50.99984359741211
2023-05-08,187.69000244140625,88.1395034790039,396.1615295410156,51.03593444824219
2023-05-09,189.02000427246094,88.0327377319336,394.4241943359375,50.80132293701172
2023-05-10,188.75,88.69104766845703,396.26708984375,50.765235900878906
2023-05-11,187.1300048828125,89.02018737792969,395.5760498046875,50.548675537109375
2023-05-12,186.80999755859375,88.48641967773438,395.0577087402344,50.323097229003906
2023-05-15,187.2100067138672,88.29074096679688,396.4207458496094,50.855472564697266
2023-05-16,184.8699951171875,88.00605010986328,393.77154541015625,50.37723159790039
2023-05-17,184.22999572753906,87.72140502929688,398.551513671875,50.638912200927734
2023-05-18,181.83999633789062,87.17875671386719,402.3908996582031,50.47648620605469
2023-05-19,183.63999938964844,86.84959411621094,401.80535888671875,50.6479377746582
2023-05-22,183.2100067138672,86.68946075439453,401.9685363769531,50.80132293701172
2023-05-23,183.42999267578125,86.8318099975586,397.4573669433594,50.06142044067383
2023-05-24,181.9499969482422,86.60940551757812,394.57781982421875,49.46587371826172
2023-05-25,180.1999969482422,86.06681060791016,397.99481201171875,49.33955001831055
2023-05-26,180.9199981689453,86.22689056396484,403.14910888671875,49.91704559326172
2023-05-30,182.0399932861328,86.90299987792969,403.3027038574219,49.44782638549805
2023-05-31,182.32000732421875,87.23214721679688,401.06634521484375,48.978614807128906
2023-06-01,183.75999450683594,87.47464752197266,404.8768310546875,49.74559783935547
2023-06-02,181.0500030517578,86.77913665771484,410.7318115234375,50.47648620605469
2023-06-05,182.13999938964844,86.75240325927734,409.9447937011719,50.25090408325195
2023-06-06,182.33999633789062,86.805908203125,410.8374328613281,50.67500305175781
2023-06-07,180.14999389648438,86.17277526855469,409.41680908203125,50.29602813720703
2023-06-08,182.52999877929688,86.75240325927734,411.89324951171875,50.738162994384766
2023-06-09,182.0399932861328,86.44031524658203,412.6322326660156,50.774261474609375
2023-06-12,181.8800048828125,86.58296203613281,416.3756103515625,50.95472717285156
2023-06-13,180.5399932861328,85.96772003173828,419.1208190917969,51.432960510253906
2023-06-14,180.63999938964844,86.0836181640625,419.6198425292969,51.640499114990234
2023-06-15,181.91000366210938,86.75240325927734,424.8221740722656,52.118736267089844
2023-06-16,181.6300048828125,86.37789916992188,423.3751525878906,51.99241256713867
2023-06-20,179.75,86.6364974975586,421.1785888671875,51.2335319519043
2023-06-21,179.49000549316406,86.71673583984375,419.0206298828125,51.27914047241211
2023-06-22,177.7100067138672,86.22630310058594,420.5330810546875,51.00550079345703
2023-06-23,178.1999969482422,86.58296203613281,417.3538513183594,50.21195983886719
2023-06-26,178.50999450683594,86.79696655273438,415.648681640625,50.33965301513672
2023-06-27,177.69000244140625,86.49380493164062,420.2055969238281,50.76835632324219
2023-06-28,177.27999877929688,86.8415756225586,420.41748046875,50.713623046875
2023-06-29,177.08999633789062,85.94987487792969,422.0745544433594,50.62241744995117
2023-06-30,178.27000427246094,86.13713073730469,427.0552978515625,51.15144729614258
2023-07-03,178.47000122070312,85.76351928710938,427.54669189453125,51.36122131347656
2023-07-05,177.83999633789062,85.35234069824219,426.9107971191406,50.86868667602539
2023-07-06,177.30999755859375,84.65514373779297,423.5678405761719,49.956565856933594
2023-07-07,178.63999938964844,84.54788208007812,422.4984130859375,50.43998718261719
2023-07-10,178.77999877929688,84.98588562011719,423.5678405761719,50.522071838378906
2023-07-11,179.4499969482422,85.16463470458984,426.2652893066406,51.01462173461914
2023-07-12,181.8800048828125,85.99590301513672,429.6950378417969,51.96322250366211
2023-07-13,182.00999450683594,86.71097564697266,433.10540771484375,52.7020263671875
2023-07-14,181.42999267578125,86.28193664550781,432.83575439453125,52.41015625
2023-07-17,181.55999755859375,86.4249496459961,434.3385925292969,52.437522888183594
2023-07-18,183.63999938964844,86.52327728271484,437.5660400390625,52.592586517333984
2023-07-19,183.6699981689453,86.81822967529297,438.5390319824219,52.565223693847656
2023-07-20,182.74000549316406,86.12999725341797,435.6295471191406,52.264225006103516
2023-07-21,182.17999267578125,86.20149993896484,435.6295471191406,52.34630584716797
2023-07-24,181.39999389648438,85.99590301513672,437.57568359375,52.45576858520508
2023-07-25,182.41000366210938,85.83500671386719,438.77020263671875,52.65643310546875
2023-07-26,183.3000030517578,86.12999725341797,438.837646484375,52.829734802246094
2023-07-27,180.4199981689453,85.19146728515625,435.9282531738281,52.49224853515625
2023-07-28,181.86000061035156,85.46855926513672,440.1961669921875,53.13985061645508
2023-07-31,182.35000610351562,85.5758056640625,441.0343017578125,53.13985061645508
2023-08-01,180.4600067138672,85.0758056640625,439.7721862792969,52.510498046875
2023-08-02,179.60000610351562,84.90553283691406,433.65460205078125,51.48892593383789
2023-08-03,179.5399932861328,84.27825164794922,432.4117736816406,51.42507553100586
2023-08-04,180.19000244140625,85.17434692382812,430.4560852050781,51.561893463134766
2023-08-07,179.77999877929688,84.96824645996094,434.21337890625,51.84465026855469
2023-08-08,178.63999938964844,85.39837646484375,432.3251037597656,51.41595458984375
2023-08-09,177.7899932861328,85.45215606689453,429.4349670410156,51.4615592956543
2023-08-10,177.60000610351562,84.79798126220703,429.5890197753906,51.5983772277832
2023-08-11,177.60000610351562,84.3499526977539,429.33856201171875,51.19704818725586
2023-08-14,177.05999755859375,84.21551513671875,431.70855712890625,50.96901321411133
2023-08-15,176.58999633789062,84.05422973632812,426.6795959472656,50.33965301513672
2023-08-16,175.57000732421875,83.73162078857422,423.54864501953125,49.947444915771484
2023-08-17,175.3000030517578,83.62413024902344,420.3211669921875,49.72854232788086
2023-08-18,175.3300018310547,83.875,420.5234680175781,49.646453857421875
2023-08-21,175.80999755859375,83.35523986816406,423.259521484375,49.792388916015625
2023-08-22,176.10000610351562,83.39110565185547,422.11309814453125,49.701168060302734
2023-08-23,177.88999938964844,84.29618072509766,426.8144836425781,50.29404830932617
2023-08-24,177.85000610351562,83.98255157470703,420.8992614746094,49.7376594543457
2023-08-25,177.6199951171875,83.95567321777344,423.86651611328125,50.00217056274414
2023-08-28,178.1300048828125,84.18862915039062,426.554443359375,50.46735382080078
2023-08-29,179.8699951171875,84.78903198242188,432.7201232910156,51.11495590209961
2023-08-30,180.32000732421875,84.78007507324219,434.5024108886719,51.096710205078125
2023-08-31,180.02000427246094,84.95030212402344,433.8665771484375,50.80483627319336
2023-09-01,180.11000061035156,84.4310531616211,434.6758117675781,51.01462173461914
2023-09-05,178.63999938964844,83.91898345947266,432.79718017578125,50.57680892944336
2023-09-06,177.8300018310547,83.703369140625,429.8877258300781,50.403499603271484
2023-09-07,178.02000427246094,83.99083709716797,428.56787109375,50.12074661254883
2023-09-08,178.0800018310547,84.0087890625,429.21331787109375,50.09337615966797
2023-09-11,178.41000366210938,83.86506652832031,432.0361022949219,50.65889358520508
2023-09-12,177.49000549316406,83.98184967041016,429.6661682128906,50.44911193847656
2023-09-13,177.0800018310547,84.08067321777344,430.1670837402344,50.33965301513672
2023-09-14,177.1699981689453,83.89200592041016,433.87615966796875,50.89604568481445
2023-09-15,178.33999633789062,83.63147735595703,428.64874267578125,50.7774658203125
2023-09-18,179.38999938964844,83.71233367919922,428.9001159667969,50.598663330078125
2023-09-19,179.22000122070312,83.4068832397461,428.0106201171875,50.561981201171875
2023-09-20,179.35000610351562,83.343994140625,424.0758056640625,50.406097412109375
2023-09-21,178.0500030517578,82.72412872314453,417.0665283203125,49.571659088134766
2023-09-22,178.6199951171875,83.04753112792969,416.12872314453125,49.764217376708984
2023-09-25,177.6999969482422,82.43661499023438,417.8786315917969,49.589988708496094
2023-09-26,176.27999877929688,82.40966796875,411.73944091796875,48.89309310913086
2023-09-27,174.10000610351562,82.04131317138672,411.90374755859375,48.87474822998047
2023-09-28,173.22999572753906,82.26593780517578,414.2917785644531,49.17735290527344
2023-09-29,171.4499969482422,82.28389739990234,413.28631591796875,49.07648849487305
2023-10-02,169.64999389648438,81.61643981933594,413.1219482421875,48.44377136230469
2023-10-03,169.16000366210938,80.94090270996094,407.5919189453125,47.84773254394531
2023-10-04,169.13999938964844,81.45430755615234,410.5599365234375,47.820228576660156
2023-10-05,168.8300018310547,81.60741424560547,410.4052734375,48.15034484863281
2023-10-06,169.6999969482422,81.13001251220703,415.2779235839844,48.746368408203125
2023-10-09,172.82000732421875,82.16587829589844,417.9366455078125,48.64550018310547
2023-10-10,172.52999877929688,82.00375366210938,420.1119384765625,49.305728912353516
2023-10-11,173.7899932861328,82.45413970947266,421.83282470703125,49.50746154785156
2023-10-12,173.25999450683594,81.66148376464844,419.26116943359375,49.0306396484375
2023-10-13,178.8300018310547,82.18389892578125,417.1728210449219,48.682186126708984
2023-10-16,177.9600067138672,81.69749450683594,421.56207275390625,49.048973083496094
2023-10-17,178.2899932861328,80.89582824707031,421.542724609375,49.012298583984375
2023-10-18,180.8699951171875,80.51752471923828,415.9256591796875,48.17784881591797
2023-10-19,183.08999633789062,80.1212158203125,412.2712097167969,47.84773254394531
2023-10-20,183.58999633789062,80.58959197998047,407.2051086425781,47.34340286254883
2023-10-23,182.97000122070312,80.96788787841797,406.4994201660156,47.3250617980957
2023-10-24,182.9499969482422,81.11201477050781,409.56414794921875,47.66434860229492
2023-10-25,183.72000122070312,80.40042114257812,403.6860656738281,47.21502685546875
2023-10-26,184.00999450683594,81.01292419433594,398.85198974609375,46.949100494384766
2023-10-27,186.14999389648438,81.13903045654297,397.0440979003906,46.82072830200195
2023-10-30,185.10000610351562,80.86882781982422,401.7910461425781,47.39841842651367
2023-10-31,184.08999633789062,80.69766998291016,404.3144226074219,47.42593002319336
2023-11-01,183.50999450683594,81.62713623046875,408.6263427734375,47.893592834472656
2023-11-02,184.1199951171875,82.13294982910156,416.4573974609375,48.86558151245117
2023-11-03,184.7899932861328,82.76522827148438,420.2569274902344,49.52579879760742
2023-11-06,183.35000610351562,82.28651428222656,421.22369384765625,49.47078323364258
2023-11-07,182.58999633789062,82.75617980957031,422.4224853515625,49.168182373046875
2023-11-08,180.77000427246094,83.09037780761719,422.73193359375,49.02146530151367
2023-11-09,181.49000549316406,82.26844024658203,419.4351501464844,48.92060089111328
2023-11-10,179.50999450683594,82.35874938964844,425.9803771972656,49.17735290527344
2023-11-13,180.50999450683594,82.31361389160156,425.5743103027344,49.278221130371094
2023-11-14,182.1199951171875,83.5510482788086,433.8307189941406,50.525306701660156
2023-11-15,181.63999938964844,82.90071105957031,434.7491455078125,50.607826232910156
2023-11-16,183.69000244140625,83.52397155761719,435.28094482421875,50.38776397705078
2023-11-17,183.6699981689453,83.57814025878906,435.8223571777344,50.91043472290039
2023-11-20,183.3699951171875,83.69558715820312,439.1771545410156,51.20386505126953
2023-11-21,185.35000610351562,83.8039779663086,438.2200012207031,50.97462463378906
2023-11-22,184.55999755859375,83.7768783569336,439.91192626953125,51.02046585083008
2023-11-24,185.52000427246094,83.34330749511719,440.1825866699219,51.29556655883789
2023-11-27,186.77000427246094,83.9755859375,439.3898620605469,51.13968276977539
2023-11-28,189.25999450683594,84.34593200683594,439.82489013671875,51.31389617919922
2023-11-29,189.5399932861328,84.78852844238281,439.5155334472656,51.29556655883789
2023-11-30,188.75,84.37301635742188,441.2460632324219,51.332244873046875
2023-12-01,192.00999450683594,85.1690902709961,443.8564453125,51.799896240234375
2023-12-04,187.86000061035156,84.8158950805664,441.52642822265625,51.34141540527344
2023-12-05,187.14999389648438,85.41363525390625,441.439453125,51.176353454589844
2023-12-06,187.83999633789062,85.76685333251953,439.6605529785156,51.23137664794922
2023-12-07,188.14999389648438,85.6400375366211,443.01531982421875,51.488128662109375
2023-12-08,185.63999938964844,85.08758544921875,444.9199523925781,51.47895431518555
2023-12-11,183.58999633789062,85.09663391113281,446.65045166015625,51.588993072509766
2023-12-12,183.49000549316406,85.27778625488281,448.6903991699219,51.644012451171875
2023-12-13,187.6300048828125,86.54572296142578,454.8778991699219,52.395931243896484
2023-12-14,188.72999572753906,87.26512908935547,456.3377990722656,52.92778015136719
2023-12-15,187.0,87.19245910644531,455.5863952636719,52.45095443725586
2023-12-18,187.85000610351562,87.0017318725586,458.1491394042969,52.55054473876953
2023-12-19,189.1300048828125,87.16522979736328,460.9350891113281,53.02523422241211
2023-12-20,188.10000610351562,87.5921401977539,454.5477600097656,52.35508728027344
2023-12-21,189.42999267578125,87.45587921142578,458.8577880859375,53.27654266357422
2023-12-22,190.27000427246094,87.37413024902344,459.7799072265625,53.29514694213867
2023-12-26,191.72000122070312,87.42862701416016,461.7213439941406,53.555763244628906
2023-12-27,192.58999633789062,88.10989379882812,462.5561828613281,53.881526947021484
2023-12-28,191.47000122070312,87.7738265991211,462.73089599609375,53.909446716308594
2023-12-29,191.1699981689453,87.55579376220703,461.3913879394531,53.94668197631836
2024-01-02,190.72000122070312,87.22880554199219,458.8092041015625,53.33237075805664
2024-01-03,189.1300048828125,87.43772888183594,455.0622253417969,52.997310638427734
2024-01-04,189.32000732421875,86.91087341308594,453.596435546875,53.02523422241211
2024-01-05,189.35000610351562,86.59296417236328,454.2177429199219,53.06245803833008
2024-01-08,187.8699951171875,86.88363647460938,460.7021484375,53.499908447265625
2024-01-09,187.92999267578125,86.8473129272461,460.0032043457031,52.97869110107422
2024-01-10,187.5,86.7110366821289,462.6047668457031,53.21138000488281
2024-01-11,187.8699951171875,87.17430877685547,462.40087890625,53.23930358886719
2024-01-12,189.7100067138672,87.41048431396484,462.72119140625,53.42545700073242
2024-01-16,187.91000366210938,86.70195770263672,461.0224304199219,52.45746612548828
2024-01-17,185.83999633789062,86.42036437988281,458.4597473144531,51.880393981933594
2024-01-18,187.3699951171875,86.22959899902344,462.5367736816406,52.27131652832031
2024-01-19,187.92999267578125,86.23870849609375,468.30279541015625,52.53192901611328
2024-01-22,187.22000122070312,86.50211334228516,469.29296875,52.50400161743164
2024-01-23,187.9499969482422,86.28412628173828,470.66162109375,52.54123306274414
2024-01-24,186.39999389648438,86.03883361816406,471.1761779785156,52.91353988647461
2024-01-25,187.13999938964844,86.4112777709961,473.7388610839844,53.05315017700195
2024-01-26,187.00999450683594,86.2568588256836,473.136962890625,53.22068786621094
2024-01-29,188.3300018310547,86.77460479736328,476.88397216796875,53.47199249267578
2024-01-30,188.58999633789062,86.8927230834961,476.5151062011719,53.3044548034668
2024-01-31,188.4499969482422,87.619384765625,468.7396545410156,53.02523422241211
2024-02-01,190.41000366210938,88.16207122802734,474.8746337890625,53.518531799316406
2024-02-02,188.61000061035156,87.01476287841797,479.8737487792969,53.14622116088867
2024-02-05,187.57000732421875,86.16792297363281,478.1264953613281,52.91353988647461
2024-02-06,188.5500030517578,86.6323013305664,479.5146179199219,53.47199249267578
2024-02-07,188.5,86.47752380371094,483.5138854980469,53.48129653930664
2024-02-08,188.3300018310547,86.19524383544922,483.7275390625,53.34169006347656
2024-02-09,187.60000610351562,86.04045867919922,486.5231628417969,53.5650634765625
2024-02-12,187.11000061035156,86.12239837646484,486.3096008300781,53.72329330444336
2024-02-13,184.52999877929688,85.17539978027344,479.61163330078125,52.773921966552734
2024-02-14,184.4199981689453,85.49411010742188,483.97021484375,53.42545700073242
2024-02-15,185.66000366210938,85.7308578491211,487.3094177246094,53.94668197631836
2024-02-16,186.33999633789062,85.35751342773438,484.8826904296875,54.05836868286133
2024-02-20,187.47000122070312,85.50322723388672,482.2132263183594,54.22589874267578
2024-02-21,187.47999572753906,85.23002624511719,482.6500244140625,54.28175735473633
2024-02-22,187.55999755859375,85.23912048339844,492.6386413574219,54.8402099609375
2024-02-23,188.6199951171875,85.63067626953125,492.97845458984375,54.86812973022461
2024-02-26,188.1999969482422,85.50322723388672,491.1728820800781,54.74713134765625
2024-02-27,188.0,85.31197357177734,492.0853576660156,54.849517822265625
2024-02-28,188.33999633789062,85.62158966064453,491.43499755859375,54.449283599853516
2024-02-29,189.30999755859375,85.79461669921875,493.20172119140625,54.57028579711914
2024-03-01,192.88999938964844,86.18628692626953,497.8320007324219,55.19388961791992
2024-03-04,196.00999450683594,85.99455261230469,497.298095703125,55.0263557434082
2024-03-05,197.19000244140625,86.52407836914062,492.3280944824219,54.821590423583984
2024-03-06,198.80999755859375,86.73406982421875,494.82275390625,55.52896499633789
2024-03-07,199.94000244140625,86.88011932373047,499.7346496582031,56.05949783325195
2024-03-08,201.6300048828125,86.94404602050781,496.735107421875,55.90127182006836
2024-03-11,202.0,86.83448791503906,496.3080139160156,55.71510696411133
2024-03-12,199.7899932861328,86.4783935546875,501.6469421386719,56.17117691040039
2024-03-13,201.19000244140625,86.28668212890625,500.860595703125,56.0874137878418
2024-03-14,200.35000610351562,85.64759063720703,499.8704833984375,55.733726501464844
2024-03-15,199.7100067138672,85.50151824951172,496.43817138671875,55.67206573486328
2024-03-18,200.02999877929688,85.4011001586914,499.38848876953125,55.68141555786133
2024-03-19,199.8000030517578,85.64759063720703,502.1637268066406,55.700096130371094
2024-03-20,202.17999267578125,85.84847259521484,506.8083801269531,56.29801559448242
2024-03-21,201.97000122070312,85.85758209228516,508.4832458496094,56.3073616027832
2024-03-22,200.35000610351562,86.27754974365234,507.5191955566406,56.09247970581055
2024-03-25,200.99000549316406,86.04935455322266,506.1170654296875,56.04576873779297
2024-03-26,201.63999938964844,86.17715454101562,505.1822814941406,56.04576873779297
2024-03-27,203.10000610351562,86.50580596923828,509.4277038574219,56.35407257080078
2024-03-28,205.72000122070312,86.42364501953125,509.3303527832031,56.335391998291016
2024-04-01,207.82000732421875,85.64166259765625,508.44415283203125,56.23262023925781
2024-04-02,210.88999938964844,85.45852661132812,505.2115478515625,55.99905776977539
2024-04-03,212.74000549316406,85.55927276611328,505.7664794921875,56.241966247558594
2024-04-04,211.52000427246094,85.85226440429688,499.5930480957031,55.85892105102539
2024-04-05,215.13999938964844,85.28456115722656,504.8122253417969,56.064453125
2024-04-08,216.47999572753906,85.0922622680664,505.0946044921875,56.34473419189453
2024-04-09,217.6699981689453,85.43108367919922,505.6788635253906,56.49421691894531
2024-04-10,215.61000061035156,84.295654296875,500.6154479980469,55.700096130371094
2024-04-11,219.8000030517578,84.17662048339844,504.3935546875,55.89629364013672
2024-04-12,216.88999938964844,84.52456665039062,497.43133544921875,54.92466735839844
2024-04-15,220.9499969482422,83.98432922363281,491.199462890625,54.672420501708984
2024-04-16,221.22000122070312,83.65467834472656,490.3035888671875,54.05581283569336
2024-04-17,219.58999633789062,84.1857681274414,487.4018249511719,54.09318161010742
2024-04-18,220.33999633789062,83.89276885986328,486.3989562988281,54.1025276184082
2024-04-19,221.02999877929688,84.00262451171875,482.1534729003906,54.08384323120117
2024-04-22,215.57000732421875,84.01179504394531,486.5937194824219,54.64439392089844
2024-04-23,215.0399932861328,84.12166595458984,492.3678894042969,55.16757583618164
2024-04-24,214.63999938964844,83.86529541015625,492.13421630859375,55.092830657958984
2024-04-25,215.9199981689453,83.5447998046875,490.2646484375,54.99006271362305
2024-04-26,216.6199951171875,83.77373504638672,494.90936279296875,55.438507080078125
2024-04-29,216.17999267578125,84.11251068115234,496.6620788574219,55.7841796875
2024-04-30,211.8699951171875,83.71879577636719,488.7943115234375,55.02743148803711
2024-05-01,213.7899932861328,84.05033111572266,487.2071533203125,54.98072052001953
2024-05-02,213.1300048828125,84.44522094726562,491.76422119140625,55.924312591552734
2024-05-03,212.9600067138672,84.91360473632812,497.85980224609375,56.419471740722656
2024-05-06,215.1999969482422,84.98705291748047,503.00103759765625,56.727779388427734
2024-05-07,214.2100067138672,85.20748138427734,503.55615234375,56.69040298461914
2024-05-08,213.5800018310547,84.96871185302734,503.60479736328125,56.615657806396484
2024-05-09,216.9499969482422,85.22586059570312,506.5065002441406,56.96133804321289
2024-05-10,218.7100067138672,84.95032501220703,507.1590576171875,57.03607177734375
2024-05-13,216.25999450683594,85.05135345458984,507.2271423339844,57.1295051574707
2024-05-14,218.08999633789062,85.29931640625,509.5542297363281,57.484519958496094
2024-05-15,220.88999938964844,85.94217681884766,515.8641357421875,58.063758850097656
2024-05-16,220.02999877929688,85.77687072753906,514.8026733398438,57.86756134033203
2024-05-17,223.66000366210938,85.51055908203125,515.542724609375,58.11981201171875
2024-05-20,224.55999755859375,85.38197326660156,516.13671875,58.11981201171875
2024-05-21,224.22999572753906,85.60238647460938,517.402587890625,57.95164489746094
2024-05-22,220.11000061035156,85.4921646118164,515.9127807617188,57.512542724609375
2024-05-23,215.72000122070312,85.18910217285156,512.1444702148438,57.1295051574707
2024-05-24,215.9199981689453,85.29931640625,515.5330810546875,57.5872917175293
2024-05-28,218.19000244140625,84.82176971435547,515.893310546875,57.568599700927734
2024-05-29,216.16000366210938,84.40849304199219,512.2808227539062,56.6063232421875
2024-05-30,216.57000732421875,84.83094024658203,508.8824768066406,56.96133804321289
2024-05-31,215.3000030517578,85.22586059570312,513.5173950195312,57.241607666015625
2024-06-03,217.22000122070312,85.78404998779297,513.9360961914062,57.484519958496094
2024-06-04,215.27000427246094,86.25382232666016,514.5106811523438,57.110816955566406
2024-06-05,217.82000732421875,86.5669937133789,520.625732421875,57.62466049194336
2024-06-06,219.42999267578125,86.53013610839844,520.6157836914062,57.81150817871094
2024-06-07,211.60000610351562,85.61822509765625,519.9829711914062,57.157535552978516
2024-06-10,213.5399932861328,85.43401336669922,521.589599609375,57.307010650634766
2024-06-11,214.14999389648438,85.88536834716797,522.845703125,56.79317855834961
2024-06-12,214.72000122070312,86.36434936523438,527.139892578125,57.39109420776367
2024-06-13,212.97000122070312,86.9354476928711,528.2012939453125,56.79317855834961
2024-06-14,215.72999572753906,87.13809204101562,528.522705078125,56.47552490234375
2024-06-17,214.61000061035156,86.7328109741211,532.7291259765625,56.67171859741211
2024-06-18,215.47000122070312,87.11045837402344,534.0825805664062,56.93330764770508
2024-06-20,218.16000366210938,86.88938903808594,532.6317749023438,56.89594268798828
2024-06-21,214.77999877929688,86.90782165527344,531.917724609375,56.56067657470703
2024-06-24,215.6300048828125,86.98150634765625,530.1886596679688,56.975040435791016
2024-06-25,214.55999755859375,87.0551986694336,532.2302856445312,56.975040435791016
2024-06-26,212.5800018310547,86.53013610839844,532.8945922851562,56.636016845703125
2024-06-27,214.99000549316406,86.7236099243164,533.7346801757812,56.7396125793457
2024-06-28,215.00999450683594,86.26304626464844,531.6344604492188,56.78669738769531
2024-07-01,215.57000732421875,85.62090301513672,532.7285766601562,56.85261917114258
2024-07-02,215.55999755859375,85.94426727294922,536.3136596679688,57.0692138671875
2024-07-03,217.99000549316406,86.5171127319336,538.7069702148438,57.74726486206055
2024-07-05,220.92999267578125,86.99756622314453,541.8134765625,58.039207458496094
2024-07-08,218.19000244140625,87.0252685546875,542.4386596679688,57.86969757080078
2024-07-09,218.55999755859375,86.9051513671875,542.9661254882812,57.7661018371582
2024-07-10,219.36000061035156,86.98833465576172,548.3388671875,58.444156646728516
2024-07-11,223.25,87.54266357421875,543.61083984375,58.717254638671875
2024-07-12,223.11000061035156,87.72746276855469,547.0396728515625,59.22579574584961
2024-07-15,223.8300018310547,87.45030212402344,548.5440673828125,58.736087799072266
2024-07-16,228.2899932861328,87.83833312988281,551.7969970703125,59.06569290161133
2024-07-17,227.22999572753906,87.91226196289062,544.0602416992188,58.613670349121094
2024-07-18,225.77999877929688,87.66279602050781,539.879150390625,58.04862594604492
2024-07-19,221.72999572753906,87.38560485839844,536.2941284179688,57.662513732910156
2024-07-22,221.8000030517578,87.30245971679688,541.8232421875,58.189884185791016
2024-07-23,222.5800018310547,87.36711120605469,540.9733276367188,57.84143829345703
2024-07-24,221.8000030517578,87.17311096191406,528.7135009765625,57.11630630493164
2024-07-25,218.3300018310547,87.36711120605469,525.958740234375,56.83378219604492
2024-07-26,220.6300048828125,87.78288269042969,531.849365234375,57.54950714111328
2024-07-29,220.32000732421875,87.93071746826172,532.1619873046875,57.304649353027344
2024-07-30,222.52000427246094,88.11550903320312,529.4656982421875,57.33290100097656
2024-07-31,226.5500030517578,88.76227569580078,538.0719604492188,58.27463912963867
2024-08-01,225.77000427246094,89.14130401611328,530.452392578125,56.956207275390625
2024-08-02,225.33999633789062,90.5221176147461,520.5762329101562,55.98622131347656
2024-08-05,222.47999572753906,90.61477661132812,505.4151611328125,54.64895248413086
2024-08-06,220.6999969482422,89.80852508544922,510.0748596191406,54.81846618652344
2024-08-07,220.5500030517578,89.48417663574219,506.6654357910156,55.129241943359375
2024-08-08,224.00999450683594,89.21543884277344,518.3782348632812,56.155738830566406
2024-08-09,224.55999755859375,89.57685852050781,520.6640625,56.34408187866211
2024-08-12,228.41000366210938,89.82707214355469,520.9376831054688,56.391170501708984
2024-08-13,228.05999755859375,90.22557067871094,529.5048217773438,57.21989440917969
2024-08-14,226.1999969482422,90.34603118896484,531.17529296875,57.23872756958008
2024-08-15,226.91000366210938,89.78073120117188,540.27978515625,57.945030212402344
2024-08-16,231.99000549316406,89.95681762695312,541.4910888671875,58.32172775268555
2024-08-19,231.61000061035156,90.07726287841797,546.6685180664062,58.98094177246094
2024-08-20,232.4600067138672,90.4386978149414,545.779541015625,58.698421478271484
2024-08-21,232.14999389648438,90.6240463256836,547.6551513671875,59.1787109375
2024-08-22,229.3699951171875,90.20702362060547,543.3568115234375,58.70783996582031
2024-08-23,232.02000427246094,90.6240463256836,549.1301879882812,59.743751525878906
2024-08-26,232.75999450683594,90.51286315917969,547.8212280273438,59.46123504638672
2024-08-27,233.38999938964844,90.47577667236328,548.573486328125,59.66841125488281
2024-08-28,231.75,90.42943572998047,545.3887939453125,59.35763168334961
2024-08-29,232.9499969482422,90.27189636230469,545.4376220703125,59.5083122253418
2024-08-30,231.2899932861328,89.95681762695312,550.6443481445312,59.677825927734375
2024-09-03,230.2899932861328,90.54981994628906,539.3126220703125,58.670169830322266
2024-09-04,230.42999267578125,91.07962036132812,538.2088012695312,58.547733306884766
2024-09-05,232.35000610351562,91.29341125488281,536.8997802734375,58.64191818237305
2024-09-06,230.6300048828125,91.42353057861328,527.8636474609375,57.558921813964844
2024-09-09,231.60000610351562,91.55364227294922,533.7737426757812,58.152217864990234
2024-09-10,232.6199951171875,91.94403839111328,536.0987548828125,57.916786193847656
2024-09-11,232.25,91.87897491455078,541.5985107421875,58.24638366699219
2024-09-12,236.3300018310547,91.73026275634766,546.1605834960938,58.77376174926758
2024-09-13,238.67999267578125,91.90684509277344,549.012939453125,58.933860778808594
2024-09-16,238.66000366210938,92.14852142333984,549.8237915039062,59.31996536254883
2024-09-17,237.33999633789062,91.98123168945312,550.0485229492188,59.13161849975586
2024-09-18,235.50999450683594,91.58154296875,548.4171142578125,58.933860778808594
2024-09-19,239.1699981689453,91.50718688964844,557.7755126953125,60.082767486572266
2024-09-20,242.2100067138672,91.47930145263672,556.8114013671875,59.6590690612793
2024-09-23,242.67999267578125,91.42353057861328,558.2026977539062,59.97117233276367
2024-09-24,246.07000732421875,91.52578735351562,559.7998657226562,60.80345153808594
2024-09-25,245.72999572753906,91.15398406982422,558.5653076171875,60.34001922607422
2024-09-26,246.97999572753906,91.08891296386719,560.7798461914062,61.82488250732422
2024-09-27,245.02000427246094,91.45142364501953,559.9664916992188,61.55061721801758
2024-09-30,243.05999755859375,91.20046997070312,562.21044921875,61.22904586791992
2024-10-01,245.61000061035156,91.53231811523438,557.1739501953125,61.068267822265625
2024-10-02,245.66000366210938,91.27131652832031,557.4090576171875,61.28579330444336
2024-10-03,245.49000549316406,90.80521392822266,556.3900146484375,60.64267349243164
2024-10-04,245.0,89.92894744873047,561.4461059570312,61.106101989746094
2024-10-07,244.1699981689453,89.60267639160156,556.370361328125,60.98314666748047
2024-10-08,242.3699951171875,89.67723083496094,561.6322631835938,60.406227111816406
2024-10-09,241.0500030517578,89.34164428710938,565.5224609375,60.34001922607422
2024-10-10,242.82000732421875,89.33232879638672,564.5326538085938,60.28327941894531
2024-10-11,245.47000122070312,89.36029815673828,567.9132690429688,60.633216857910156
2024-10-14,245.07000732421875,89.20182800292969,572.557861328125,60.671043395996094
2024-10-15,245.9199981689453,89.65860748291016,568.1091918945312,59.706356048583984
2024-10-16,247.14999389648438,89.79843139648438,570.5784301757812,60.00900650024414
2024-10-17,248.6300048828125,89.33232879638672,570.6275024414062,59.9144287109375
2024-10-18,251.27000427246094,89.43489074707031,572.8224487304688,60.39677429199219
2024-10-21,251.22000122070312,88.74504852294922,571.8817749023438,59.800941467285156
2024-10-22,253.92999267578125,88.66116333007812,571.5780029296875,59.56449508666992
2024-10-23,250.8699951171875,88.4560775756836,566.3552856445312,59.03486251831055
2024-10-24,252.8000030517578,88.65184783935547,567.580078125,59.157814025878906
2024-10-25,253.32000732421875,88.4560775756836,567.3842163085938,58.997032165527344
2024-10-28,253.3300018310547,88.25099182128906,569.1381225585938,59.394256591796875
2024-10-29,256.0899963378906,88.28828430175781,570.0592041015625,59.186187744140625
2024-10-30,257.5,88.15777587890625,568.3345947265625,58.83625030517578
2024-10-31,253.50999450683594,88.11114501953125,557.1935424804688,58.49577713012695
2024-11-01,252.47000122070312,87.58939361572266,559.5452270507812,58.561981201171875
2024-11-04,252.8300018310547,88.05691528320312,558.3399047851562,58.74168014526367
2024-11-05,253.39999389648438,88.10368347167969,565.09130859375,59.38479995727539
2024-11-06,245.6999969482422,87.19666290283203,579.142578125,58.666015625
2024-11-07,249.64999389648438,87.89795684814453,583.62060546875,59.6779899597168
2024-11-08,247.9600067138672,88.08496856689453,586.148681640625,58.684932708740234
2024-11-11,242.13999938964844,87.84185028076172,586.7071533203125,58.60927200317383
2024-11-12,240.0500030517578,87.29014587402344,584.8846435546875,57.64458084106445
2024-11-13,237.6300048828125,87.23406219482422,585.1688232421875,57.35139846801758
2024-11-14,237.00999450683594,87.22470092773438,581.4060668945312,57.28519058227539
2024-11-15,236.58999633789062,87.26211547851562,573.9590454101562,57.13386917114258
2024-11-18,241.08999633789062,87.45845031738281,576.3108520507812,57.502716064453125
2024-11-19,243.25,87.64549255371094,578.4174194335938,57.52163314819336
2024-11-20,244.6199951171875,87.51457977294922,578.6134033203125,57.379764556884766
2024-11-21,246.66000366210938,87.46781921386719,581.7196655273438,57.408138275146484
2024-11-22,249.83999633789062,87.52391815185547,583.5225830078125,57.606754302978516
2024-11-25,242.47999572753906,88.46837615966797,585.5020141601562,57.7959098815918
2024-11-26,242.9499969482422,88.28136444091797,588.5591430664062,57.502716064453125
2024-11-27,243.49000549316406,88.63668060302734,586.7757568359375,57.75807571411133
2024-11-29,245.58999633789062,89.01071166992188,590.4208984375,58.363365173339844
2024-12-02,243.44000244140625,89.00321960449219,591.4791870117188,58.47686767578125
2024-12-03,243.92999267578125,88.74995422363281,591.7534790039062,58.72275924682617
2024-12-04,244.6699981689453,89.08763122558594,595.4279174804688,58.73221969604492
2024-12-05,242.86000061035156,89.0782470703125,594.4481811523438,59.091609954833984
2024-12-06,242.9499969482422,89.35962677001953,595.5750122070312,58.98757553100586
2024-12-09,245.36000061035156,89.05011749267578,592.5079956054688,59.309139251708984
2024-12-10,248.58999633789062,88.89066314697266,590.6658935546875,58.666015625
2024-12-11,250.9600067138672,88.62802124023438,595.2320556640625,59.02540588378906
2024-12-12,247.27999877929688,88.29036712646484,592.1650390625,58.49577713012695
2024-12-13,244.2899932861328,87.8776626586914,592.0475463867188,58.353912353515625
2024-12-16,244.8800048828125,87.90579223632812,594.5755004882812,58.15530014038086
2024-12-17,243.94000244140625,87.90579223632812,592.1257934570312,57.94723129272461
2024-12-18,239.25999450683594,87.22634887695312,574.4783935546875,56.566410064697266
2024-12-19,239.60000610351562,86.83110809326172,574.3020629882812,56.566410064697266
2024-12-20,242.10000610351562,87.15107727050781,581.199951171875,56.63855743408203
2024-12-23,240.9600067138672,86.7652359008789,584.6802978515625,56.965614318847656
2024-12-24,241.44000244140625,86.81228637695312,591.1791381835938,57.14837646484375
2024-12-26,243.07000732421875,86.87815856933594,591.218505859375,57.2638053894043
2024-12-27,241.39999389648438,86.65230560302734,584.9949951171875,57.138755798339844
2024-12-30,240.6300048828125,87.16050720214844,578.3192749023438,56.75398635864258
2024-12-31,242.1300048828125,87.00048828125,576.2152709960938,56.686649322509766
2025-01-02,245.4199981689453,87.04757690429688,574.7994995117188,56.590457916259766
2025-01-03,243.49000549316406,86.90638732910156,581.986572265625,56.88865280151367
2025-01-06,243.19000244140625,86.82170104980469,585.339111328125,57.33114242553711
2025-01-07,244.55999755859375,86.42645263671875,578.7223510742188,57.07141876220703
2025-01-08,245.86000061035156,86.5770263671875,579.5678100585938,56.946372985839844
2025-01-10,248.2100067138672,85.9465103149414,570.7193603515625,56.01329803466797
2025-01-13,245.74000549316406,85.79593658447266,571.604248046875,55.80167007446289
2025-01-14,247.02999877929688,85.82418060302734,572.3906860351562,56.10948944091797
2025-01-15,248.8800048828125,86.72758483886719,582.8026123046875,56.77322769165039
2025-01-16,250.60000610351562,86.93461608886719,581.6817626953125,56.95598602294922
2025-01-17,249.27000427246094,87.00048828125,587.521728515625,57.234947204589844
2025-01-21,253.1300048828125,87.29222869873047,592.8995971679688,58.216121673583984
2025-01-22,254.42999267578125,87.06636047363281,596.2326049804688,58.09107208251953
2025-01-23,254.07000732421875,86.84050750732422,599.4868774414062,58.46622085571289
2025-01-24,255.64999389648438,87.01931762695312,597.73681640625,58.75480270385742
2025-01-27,252.99000549316406,87.58393859863281,589.281494140625,58.408512115478516
2025-01-28,255.17999267578125,87.59336853027344,594.3448486328125,58.47584533691406
2025-01-29,254.1999969482422,87.4898452758789,591.680419921875,58.4854621887207
2025-01-30,258.04998779296875,87.67803955078125,594.8560791015625,59.18766784667969
2025-01-31,258.55999755859375,87.53689575195312,591.6903686523438,58.60089111328125
2025-02-03,259.94000244140625,87.59920501708984,587.70849609375,58.01411437988281
2025-02-04,262.5,87.81632995605469,591.6510620117188,58.75480270385742
2025-02-05,264.1300048828125,88.32612609863281,594.0499267578125,59.13957214355469
2025-02-06,263.42999267578125,88.22228240966797,596.1146850585938,59.39929962158203
2025-02-07,263.8999938964844,87.92962646484375,590.6580200195312,59.014522552490234
2025-02-10,268.3699951171875,87.91072845458984,594.6693725585938,59.48587417602539
2025-02-11,267.3900146484375,87.6841812133789,595.12158203125,59.5916862487793
2025-02-12,267.6700134277344,87.07997131347656,593.2044067382812,59.755210876464844
2025-02-13,270.30999755859375,87.73136901855469,599.4672241210938,60.39970397949219
2025-02-14,266.2900085449219,88.09955596923828,599.4376831054688,60.515132904052734
2025-02-18,270.70001220703125,87.62752532958984,601.1975708007812,60.87105178833008
2025-02-19,270.8500061035156,87.76913452148438,602.6133422851562,60.467041015625
2025-02-20,270.989990234375,87.9485092163086,600.1062622070312,60.83258056640625
2025-02-21,270.739990234375,88.4677505493164,589.842041015625,60.43818664550781
2025-02-24,272.2099914550781,88.65654754638672,587.157958984375,60.139984130859375
2025-02-25,268.6199951171875,89.35514831542969,584.2378540039062,60.47666549682617
2025-02-26,269.0299987792969,89.6006088256836,584.5328979492188,60.65943145751953
2025-02-27,264.92999267578125,89.49678039550781,575.2025756835938,59.85140609741211
2025-02-28,263.2699890136719,89.9876708984375,584.178955078125,59.68787384033203
2025-03-03,266.739990234375,90.31432342529297,573.9442138671875,59.8898811340332
2025-03-04,269.05999755859375,90.03026580810547,567.150390625,59.91874313354492
2025-03-05,269.6199951171875,89.52847290039062,573.2461547851562,61.419349670410156
2025-03-06,268.25,89.48114776611328,563.0703125,60.928768157958984
2025-03-07,268.3900146484375,89.36752319335938,566.2262573242188,61.44821548461914
2025-03-10,266.0400085449219,89.9924087524414,551.14453125,60.053409576416016
2025-03-11,269.1600036621094,89.67049407958984,546.5628662109375,60.005313873291016
2025-03-12,270.3299865722656,89.40540313720703,549.4631958007812,60.4189453125
2025-03-13,275.1300048828125,89.76518249511719,542.1386108398438,60.053409576416016
2025-03-14,275.239990234375,89.45272827148438,553.3369140625,61.121150970458984
2025-03-17,276.7300109863281,89.52847290039062,557.60400390625,61.919559478759766
2025-03-18,279.9599914550781,89.63263702392578,551.5771484375,61.84260559082031
2025-03-19,281.1099853515625,89.90719604492188,557.5842895507812,62.00613021850586
2025-03-20,280.75,90.03974151611328,555.9718627929688,61.525169372558594
2025-03-21,278.489990234375,89.9640121459961,556.1552124023438,61.2270393371582
2025-03-24,277.25,89.44327545166016,566.1151733398438,61.32352066040039
2025-03-25,278.4700012207031,89.59476470947266,567.4760131835938,61.5261344909668
2025-03-26,278.239990234375,89.386474609375,560.7012939453125,60.88935470581055
2025-03-27,281.9700012207031,89.31072998046875,559.2122802734375,61.02442932128906
2025-03-28,284.05999755859375,90.03026580810547,547.95068359375,60.31046676635742
2025-03-31,288.1400146484375,90.29537963867188,551.6288452148438,59.914894104003906
2025-04-01,287.57000732421875,90.61263275146484,553.18701171875,60.08856201171875
2025-04-02,288.1600036621094,90.52713775634766,556.6876831054688,60.2429313659668
2025-04-03,286.4200134277344,91.45795440673828,529.2538452148438,59.03691101074219
2025-04-04,279.7200012207031,91.71440124511719,498.2696838378906,55.42851638793945
2025-04-07,273.7099914550781,90.62212371826172,497.3822021484375,53.92340850830078
2025-04-08,275.20001220703125,90.16620635986328,489.591796875,53.585723876953125
2025-04-09,285.3800048828125,89.88125610351562,541.0084228515625,57.40637969970703
2025-04-10,292.3500061035156,89.32086181640625,517.3019409179688,56.374027252197266
2025-04-11,297.92999267578125,88.81747436523438,526.5321044921875,57.91773223876953
2025-04-14,296.2300109863281,89.52983856201172,531.6401977539062,58.554508209228516
2025-04-15,297.7799987792969,89.79579162597656,530.151123046875,58.87289810180664
2025-04-16,307.4700012207031,90.18519592285156,518.3668823242188,58.56415557861328
2025-04-17,306.1199951171875,89.92874908447266,519.1065063476562,59.16233825683594
2025-04-21,315.5899963378906,89.44434356689453,506.7503356933594,58.95008087158203
2025-04-22,311.1099853515625,89.5108413696289,519.9348754882812,60.04031753540039
2025-04-23,303.6499938964844,89.60581970214844,527.991455078125,60.31046676635742
2025-04-24,308.07000732421875,90.0902328491211,539.1051635742188,61.08232116699219
2025-04-25,304.7300109863281,90.43216705322266,543.0004272460938,61.130558013916016
2025-04-28,309.07000732421875,90.79307556152344,543.2073974609375,61.4875373840332
2025-04-29,306.05999755859375,91.10652160644531,546.6293334960938,61.68050003051758
2025-04-30,303.7699890136719,91.2490234375,546.8462524414062,61.61296844482422
2025-05-01,297.4599914550781,90.85162353515625,550.7216796875,61.45859909057617
2025-05-02,297.9800109863281,90.24176025390625,558.8966674804688,62.74180221557617
2025-05-05,306.8800048828125,90.07977294921875,555.6918334960938,62.973350524902344
2025-05-06,315.4800109863281,90.30845642089844,551.0471801757812,62.867225646972656
2025-05-07,310.75,90.54669952392578,553.3645629882812,62.50059127807617
2025-05-08,304.6300048828125,89.84152221679688,557.2203369140625,62.336578369140625
2025-05-09,306.8399963378906,89.90824890136719,556.51025390625,62.68391036987305
2025-05-12,298.19000244140625,89.33647918701172,574.9014892578125,63.301395416259766
2025-05-13,299.4599914550781,89.26978302001953,578.6981811523438,63.426815032958984
2025-05-14,293.1600036621094,88.93626403808594,579.437744140625,63.37857437133789
2025-05-15,297.8399963378906,89.51756286621094,582.267822265625,63.880279541015625
2025-05-16,294.239990234375,89.5461196899414,585.9559936523438,63.957462310791016
2025-05-19,298.0299987792969,89.49848175048828,586.596923828125,64.39161682128906
2025-05-20,303.5799865722656,89.38414764404297,584.6246948242188,64.59423828125
2025-05-21,305.82000732421875,88.76472473144531,574.7732543945312,64.2951431274414
2025-05-22,303.1099853515625,89.0982437133789,575.0001831054688,64.18901824951172
2025-05-23,309.75,89.35555267333984,571.0753784179688,64.40127563476562
2025-05-27,304.5,89.7271957397461,582.9483032226562,65.02840423583984
2025-05-28,303.80999755859375,89.47941589355469,579.5757446289062,64.46881103515625
2025-05-29,305.6099853515625,89.85104370117188,581.8635864257812,64.74861145019531
2025-05-30,303.6000061035156,90.11788177490234,581.2127685546875,64.5845947265625
2025-06-02,311.6700134277344,89.81195831298828,584.4866943359375,65.25031280517578
2025-06-03,308.9100036621094,89.72591400146484,587.8197631835938,64.93193054199219
2025-06-04,310.8999938964844,90.38558959960938,587.6619262695312,65.3564453125
2025-06-05,309.3299865722656,90.1178970336914,584.8219604492188,65.44327545166016
2025-06-06,305.17999267578125,89.40084075927734,590.8275146484375,65.61693572998047
2025-06-09,306.6199951171875,89.56336975097656,591.3599243164062,65.77130889892578
2025-06-10,306.7099914550781,89.71635437011719,594.7128295898438,66.01251983642578
2025-06-11,308.3699951171875,90.08920288085938,593.0166625976562,66.0704116821289
2025-06-12,312.20001220703125,90.481201171875,595.37353515625,66.4370346069336
2025-06-13,316.2900085449219,90.14656829833984,588.7171630859375,65.54940032958984
2025-06-16,311.7799987792969,89.88844299316406,594.318359375,65.98355865478516
2025-06-17,311.94000244140625,90.32821655273438,589.2398681640625,65.17312622070312
2025-06-18,310.260009765625,90.38558959960938,589.1510009765625,65.25031280517578
2025-06-20,310.1300048828125,90.44293975830078,587.7673950195312,64.73040771484375
2025-06-23,311.0799865722656,90.75843048095703,593.5730590820312,65.22602081298828
2025-06-24,306.19000244140625,91.07393646240234,600.1304321289062,66.21723175048828
2025-06-25,307.1199951171875,91.11219024658203,600.4666137695312,66.04231262207031
2025-06-26,306.7799987792969,91.43724822998047,605.1646118164062,66.69340515136719
2025-06-27,301.2200012207031,91.1982192993164,608.1712036132812,66.96550750732422
2025-06-30,304.8299865722656,91.56153869628906,611.0790405273438,67.14042663574219
2025-07-01,307.54998779296875,91.39176940917969,610.8812866210938,67.15985870361328
2025-07-02,309.25,91.19994354248047,613.650634765625,67.3736572265625
2025-07-03,307.1400146484375,90.88346099853516,618.4869995117188,67.52913665771484
2025-07-07,307.3699951171875,90.59571838378906,613.8779907226562,66.69340515136719
2025-07-08,304.1600036621094,90.4614486694336,613.5418090820312,67.1209945678711
2025-07-09,305.5199890136719,90.93140411376953,617.2210083007812,67.4222412109375
2025-07-10,306.20001220703125,90.88346099853516,618.9617919921875,67.51942443847656
2025-07-11,309.1400146484375,90.4614486694336,616.7858276367188,67.05297088623047
2025-07-14,308.010009765625,90.42308807373047,617.9627685546875,67.1209945678711
2025-07-15,306.7300109863281,90.06822204589844,615.3220825195312,66.79059600830078
2025-07-16,308.260009765625,90.31758880615234,617.3792114257812,67.08212280273438
2025-07-17,307.5899963378906,90.288818359375,621.1573486328125,67.3250732421875
2025-07-18,308.3900146484375,90.53817749023438,620.7025146484375,67.15985870361328
2025-07-21,313.1300048828125,90.85469055175781,621.87939453125,67.5680160522461
2025-07-22,316.1000061035156,91.11363220214844,621.9684448242188,67.84982299804688
2025-07-23,312.17999267578125,90.78754425048828,627.259765625,69.06455993652344
2025-07-24,310.2699890136719,90.65327453613281,627.4674682617188,68.59809875488281
2025-07-25,307.3999938964844,90.8642807006836,630.1181030273438,68.4912109375
2025-07-28,305.4100036621094,90.6628646850586,629.9598999023438,67.60688781738281
2025-07-29,306.25,91.25749969482422,628.2982788085938,67.5680160522461
2025-07-30,300.9599914550781,90.94099426269531,627.507080078125,67.08212280273438
2025-07-31,302.9599914550781,91.01773071289062,625.1531982421875,66.53792572021484
2025-08-01,309.1099853515625,92.06559753417969,614.9066162109375,66.31441497802734
2025-08-04,310.9100036621094,92.19068908691406,624.2530517578125,67.13070678710938
2025-08-05,311.1600036621094,92.1233139038086,621.0880737304688,67.30563354492188
2025-08-06,310.5,92.05596160888672,625.8455200195312,67.74292755126953
2025-08-07,313.1199951171875,91.98861694335938,625.3212280273438,68.22882080078125
2025-08-08,313.04998779296875,91.77691650390625,630.1972045898438,68.45233154296875
2025-08-11,308.54998779296875,91.8057861328125,628.9510498046875,68.2385482788086
2025-08-12,308.2699890136719,91.78653717041016,635.6468505859375,68.99653625488281
2025-08-13,309.2099914550781,92.11370086669922,637.8228149414062,69.44355010986328
2025-08-14,307.25,91.8154067993164,637.882080078125,69.13258361816406
2025-08-15,307.42999267578125,91.6325912475586,636.388671875,69.44355010986328
2025-08-18,306.95001220703125,91.54598999023438,636.2501220703125,69.54072570800781
2025-08-19,305.2699890136719,91.77691650390625,632.7984008789062,69.3561019897461
2025-08-20,308.3599853515625,91.91163635253906,631.1170043945312,69.44355010986328
2025-08-21,307.2900085449219,91.6422119140625,628.5851440429688,69.1811752319336
2025-08-22,310.5799865722656,92.15219116210938,638.2381591796875,70.30844116210938
2025-08-25,309.8299865722656,91.96936798095703,635.4292602539062,69.6281967163086
2025-08-26,312.0799865722656,92.20992279052734,638.0897827148438,69.58931732177734
2025-08-27,312.7099914550781,92.38312530517578,639.5436401367188,69.38524627685547
2025-08-28,315.0299987792969,92.5948257446289,641.8085327148438,69.66706085205078
2025-08-29,318.07000732421875,92.51782989501953,637.9810180664062,69.3561019897461
2025-09-02,325.5899963378906,92.24173736572266,633.2533569335938,68.87020874023438
2025-09-03,328.1400146484375,92.56031036376953,636.6853637695312,69.01596069335938
2025-09-04,326.69000244140625,92.97542572021484,642.00634765625,69.29778289794922
2025-09-05,331.04998779296875,93.42915344238281,640.1470336914062,69.75452423095703
2025-09-08,334.82000732421875,93.7187728881836,641.7195434570312,70.425048828125
2025-09-09,334.05999755859375,93.49671936035156,643.2031860351562,70.33760070800781
2025-09-10,335.260009765625,93.74771881103516,645.0625610351562,70.46392822265625
2025-09-11,334.760009765625,93.89253997802734,650.423095703125,71.26078033447266
2025-09-12,335.4200134277344,93.62223052978516,650.20556640625,71.02755737304688
2025-09-15,338.9100036621094,93.77667999267578,653.6671752929688,71.58148193359375
2025-09-16,339.5899963378906,93.83460235595703,652.7671508789062,71.63977813720703
2025-09-17,336.9700012207031,93.63188171386719,651.9561157226562,71.5911865234375
2025-09-18,335.6199951171875,93.32294464111328,655.0023803710938,71.64950561523438
2025-09-19,339.17999267578125,93.28433227539062,658.2465209960938,71.40536499023438
2025-09-22,345.04998779296875,93.12989044189453,661.3607177734375,71.71784973144531
2025-09-23,346.4599914550781,93.3905258178711,657.7605590820312,71.62020111083984
2025-09-24,343.32000732421875,93.13953399658203,655.6677856445312,71.2002944946289
2025-09-25,344.75,92.9367904663086,652.6429443359375,70.7901382446289
2025-09-26,346.739990234375,92.88853454589844,656.3819580078125,71.04403686523438
2025-09-29,352.4599914550781,93.15884399414062,658.2266845703125,71.42488861083984
2025-09-30,355.4700012207031,93.12023162841797,660.7061157226562,71.73738861083984
2025-10-01,356.0299987792969,93.43397521972656,662.9574584960938,72.23542785644531
2025-10-02,354.7900085449219,93.53079986572266,663.7210693359375,72.37213897705078
2025-10-03,357.6400146484375,93.34680938720703,663.7112426757812,72.90925598144531
2025-10-06,364.3800048828125,93.07568359375,666.0914916992188,73.06549072265625
2025-10-07,366.260009765625,93.30809020996094,663.6219482421875,72.49909973144531
2025-10-08,372.29998779296875,93.32743835449219,667.5791625976562,72.78229522705078
2025-10-09,365.42999267578125,93.25965881347656,665.6452026367188,72.14753723144531
2025-10-10,369.1199951171875,93.8406753540039,647.6542358398438,70.4776382446289
2025-10-13,378.0899963378906,93.8890609741211,657.5919189453125,71.55184173583984
2025-10-14,380.7900085449219,94.13115692138672,656.78857421875,71.56160736083984
2025-10-15,387.3900146484375,94.02464294433594,659.7044067382812,72.18659973144531
2025-10-16,396.45001220703125,94.46038818359375,655.2117309570312,72.50886535644531
2025-10-17,388.989990234375,94.30545806884766,658.9308471679688,72.46003723144531
2025-10-20,403.1499938964844,94.43134307861328,665.7840576171875,73.17292022705078
2025-10-21,377.239990234375,94.60564422607422,665.7741088867188,72.47956085205078
2025-10-22,377.2799987792969,94.62501525878906,662.3128051757812,72.53816223144531
2025-10-23,378.7900085449219,94.31514739990234,666.2402954101562,72.95807647705078
2025-10-24,377.5199890136719,94.40229034423828,671.6851806640625,73.19244384765625
2025-10-27,367.010009765625,94.40229034423828,679.6094970703125,73.74907684326172
2025-10-28,364.3800048828125,94.48944091796875,681.4144897460938,73.73931884765625
2025-10-29,363.0,93.87939453125,681.7418823242188,73.51470184326172
2025-10-30,370.1300048828125,93.74382781982422,674.2440185546875,73.05572509765625
2025-10-31,368.1199951171875,93.78256225585938,676.4556274414062,72.87995147705078
2025-11-03,368.7799987792969,93.73788452148438,677.7251586914062,73.08502197265625
2025-11-04,362.32000732421875,93.85445404052734,669.6917114257812,72.11824035644531
2025-11-05,366.510009765625,93.40760040283203,672.012451171875,72.60651397705078
2025-11-06,366.07000732421875,93.88361358642578,664.8021850585938,72.32331085205078
2025-11-07,368.30999755859375,93.92244720458984,665.4567260742188,72.46003723144531
2025-11-10,378.3800048828125,93.79615020751953,675.8407592773438,73.36822509765625
2025-11-11,379.8699951171875,94.08757019042969,677.3878784179688,73.75884246826172
2025-11-12,385.989990234375,94.10700225830078,677.7647705078125,74.04204559326172
2025-11-13,382.8699951171875,93.83501434326172,666.5180053710938,73.23151397705078
2025-11-14,375.9599914550781,93.67961120605469,666.4088745117188,73.17292022705078
2025-11-17,371.6499938964844,93.78646087646484,660.2002563476562,72.26472473144531
2025-11-18,374.3500061035156,93.9418716430664,654.6561889648438,71.62996673583984
2025-11-19,374.9599914550781,93.87387084960938,657.185302734375,71.4444351196289
2025-11-20,374.8500061035156,94.09729766845703,647.1683349609375,70.4971694946289
2025-11-21,374.2699890136719,94.40812683105469,653.6148681640625,71.21004486083984
2025-11-24,380.20001220703125,94.55382537841797,663.2351684570312,71.51277923583984
2025-11-25,380.0799865722656,94.79666900634766,669.4734497070312,72.17684173583984
2025-11-26,383.1199951171875,94.8743896484375,674.09521484375,72.86041259765625
2025-11-28,387.8800048828125,94.7092514038086,677.7747192382812,73.18268585205078
2025-12-01,389.75,94.20069885253906,674.6802978515625,72.89948272705078
2025-12-02,387.239990234375,94.27863311767578,675.9300537109375,73.01667022705078
2025-12-03,386.8800048828125,94.47349548339844,678.2706298828125,73.30963134765625
2025-12-04,387.1300048828125,94.18119812011719,678.7665405273438,73.46588134765625
2025-12-05,386.44000244140625,93.98636627197266,680.0557861328125,73.61236572265625
2025-12-08,385.4200134277344,93.79150390625,678.0127563476562,73.45612335205078
2025-12-09,387.3999938964844,93.65511322021484,677.4276123046875,73.35846710205078
2025-12-10,389.04998779296875,93.9571533203125,681.92041015625,74.14946746826172
2025-12-11,393.239990234375,93.96686553955078,683.5072631835938,74.34477996826172
2025-12-12,395.44000244140625,93.71356964111328,676.1581420898438,73.83697509765625
2025-12-15,395.79998779296875,93.79150390625,675.1365356445312,74.09088134765625
2025-12-16,395.8900146484375,94.05455780029297,673.2918701171875,73.69049072265625
2025-12-17,399.2900085449219,94.03507232666016,665.8832397460938,73.20221710205078
2025-12-18,398.57000732421875,94.27863311767578,670.9114990234375,73.79790496826172
2025-12-19,399.0199890136719,94.0665283203125,676.9923095703125,74.25835418701172
2025-12-22,408.2300109863281,93.96878814697266,681.2098388671875,74.67603302001953
2025-12-23,413.6400146484375,93.92970275878906,684.3233032226562,75.13350677490234
2025-12-24,411.92999267578125,94.17404174804688,686.7305297851562,75.19317626953125
2025-12-26,416.739990234375,94.26201629638672,686.660888671875,75.43185424804688
2025-12-29,398.6000061035156,94.39884948730469,684.2138671875,75.19317626953125
2025-12-30,398.8900146484375,94.30111694335938,683.3782958984375,75.34234619140625
2025-12-31,396.30999755859375,93.98834991455078,678.3152465820312,75.02411651611328
2026-01-02,398.2799987792969,93.91014862060547,679.55859375,76.11804962158203
2026-01-05,408.760009765625,94.193603515625,684.0845947265625,76.923583984375
2026-01-06,413.17999267578125,94.12519073486328,688.1529541015625,77.19209289550781
2026-01-07,409.2300109863281,94.30111694335938,685.9347534179688,76.80424499511719
2026-01-08,411.489990234375,94.01766204833984,685.8651123046875,76.85397338867188
2026-01-09,414.4700012207031,94.12519073486328,690.4010009765625,77.40093994140625
2026-01-12,422.2300109863281,94.00788116455078,691.4852294921875,78.11697387695312
2026-01-13,421.6300048828125,94.12519073486328,690.1026000976562,77.69927978515625
2026-01-14,425.94000244140625,94.32066345214844,686.7105712890625,78.03740692138672
2026-01-15,423.3299865722656,94.12519073486328,688.5806884765625,78.16668701171875
2026-01-16,421.2900085449219,93.76354217529297,688.0037231445312,78.20647430419922
2026-01-20,437.2300109863281,93.39212799072266,673.9981689453125,77.3014907836914
2026-01-21,443.6000061035156,93.636474609375,681.77685546875,78.16668701171875
2026-01-22,451.7900085449219,93.62670135498047,685.3379516601562,78.64405059814453
2026-01-23,458.0,93.7830810546875,685.5865478515625,79.09156799316406
2026-01-26,464.70001220703125,93.919921875,689.068115234375,79.41974639892578
2026-01-27,476.1000061035156,93.81240844726562,691.8134765625,80.65290832519531
2026-01-28,494.55999755859375,93.73421478271484,691.7438354492188,80.29489135742188
2026-01-29,495.8999938964844,93.83196258544922,690.3711547851562,80.50373840332031
2026-01-30,444.95001220703125,93.7733154296875,688.3121337890625,79.2208480834961
2026-02-02,427.1300048828125,93.58895111083984,691.73388671875,79.66836547851562
2026-02-03,454.2900085449219,93.67720794677734,685.885009765625,79.86726379394531
2026-02-04,453.9700012207031,93.65760803222656,682.5626831054688,79.8075942993164
2026-02-05,441.8800048828125,94.20674133300781,674.0379638671875,78.8528823852539
2026-02-06,455.4599914550781,94.20674133300781,686.96923828125,80.60318756103516
2026-02-09,467.0299987792969,94.22634887695312,690.2816162109375,81.69712829589844
2026-02-10,462.3999938964844,94.6382064819336,688.4613037109375,81.89601135253906
2026-02-11,467.6300048828125,94.3734359741211,688.3021850585938,82.53248596191406
2026-02-12,451.3900146484375,94.9520034790039,677.668701171875,81.6772232055664
2026-02-13,462.6199951171875,95.32463073730469,678.1461181640625,81.94574737548828
2026-02-17,448.20001220703125,95.3148193359375,679.2402954101562,81.77668762207031
2026-02-18,458.2799987792969,95.11871337890625,682.662109375,82.05513763427734
2026-02-19,459.55999755859375,95.20695495605469,680.8616943359375,81.92584991455078
2026-02-20,468.6199951171875,95.20695495605469,685.7855834960938,82.910400390625
2026-02-23,481.2799987792969,95.55016326904297,678.7827758789062,82.47282409667969
2026-02-24,474.6099853515625,95.53055572509766,683.7164916992188,82.96011352539062
2026-02-25,473.4200134277344,95.45211029052734,689.4859008789062,83.7358169555664
2026-02-26,477.4800109863281,95.70706176757812,685.6561889648438,83.49714660644531
2026-02-27,483.75,96.08949279785156,682.3637084960938,83.34796905517578
2026-03-02,490.0,95.51221466064453,682.7516479492188,81.94574737548828
2026-03-03,468.1400146484375,95.40403747558594,676.7337036132812,79.12139892578125
2026-03-04,471.79998779296875,95.20734405517578,681.50830078125,79.8970947265625
2026-03-05,466.1300048828125,94.91231536865234,677.7084350585938,78.2860336303711
2026-03-06,473.510009765625,94.85330200195312,668.8256225585938,77.55010986328125
2026-03-09,472.5299987792969,95.14834594726562,674.6845092773438,78.51476287841797
2026-03-10,477.8599853515625,94.84347534179688,673.6002807617188,78.68382263183594
2026-03-11,476.239990234375,94.41075897216797,672.7548217773438,78.60426330566406
2026-03-12,466.8800048828125,94.10589599609375,662.5390625,77.04292297363281
2026-03-13,460.8399963378906,94.00753021240234,658.7890014648438,76.31694030761719
2026-03-16,460.42999267578125,94.43042755126953,665.493408203125,77.83850860595703
2026-03-17,459.2699890136719,94.59761047363281,667.2440185546875,78.1766357421875
2026-03-18,444.739990234375,94.16490173339844,657.9335327148438,76.82413482666016
2026-03-19,426.4100036621094,94.15505981445312,656.3121337890625,76.72468566894531
2026-03-20,413.3800048828125,93.30929565429688,646.9034423828125,74.37525939941406
2026-03-23,404.0400085449219,93.60433197021484,653.6959228515625,76.23688507080078
2026-03-24,404.1300048828125,93.28963470458984,651.5015869140625,75.60970306396484
2026-03-25,416.2900085449219,93.7813491821289,655.1322021484375,76.7346420288086
2026-03-26,400.6400146484375,93.02409362792969,643.432373046875,74.8630599975586
2026-03-27,414.70001220703125,93.03392028808594,632.4606323242188,74.35535430908203
2026-03-30,414.5799865722656,93.69284057617188,630.3460693359375,74.29561614990234
2026-03-31,430.2900085449219,93.86003112792969,648.6688842773438,76.7645034790039
2026-04-01,437.82000732421875,93.77812957763672,653.5562744140625,77.66047668457031
2026-04-02,429.4100036621094,93.99520874023438,654.144775390625,77.13285064697266
2026-04-06,427.6499938964844,93.74851989746094,657.23681640625,77.62065124511719
2026-04-07,431.80999755859375,93.98534393310547,657.5260009765625,77.67042541503906
2026-04-08,434.5299987792969,94.19255065917969,674.27294921875,80.86605072021484
2026-04-09,437.9100036621094,94.16294860839844,678.162841796875,80.7067642211914
2026-04-10,437.1300048828125,94.00507354736328,677.7140502929688,80.9058609008789
2026-04-13,435.3599853515625,94.21229553222656,684.3369750976562,81.52308654785156
2026-04-14,445.0899963378906,94.51818084716797,692.675537109375,82.43896484375
2026-04-15,440.4599914550781,94.31096649169922,698.1414184570312,82.2796859741211
2026-04-16,440.0799865722656,94.14322662353516,699.8569946289062,82.25977325439453
2026-04-17,445.92999267578125,94.65631103515625,708.3152465820312,83.374755859375
2026-04-20,442.0899963378906,94.56749725341797,706.8988037109375,83.10596466064453
2026-04-21,429.57000732421875,94.15308380126953,702.2708129882812,81.51313018798828
2026-04-22,435.260009765625,94.25175476074219,709.3825073242188,82.2199478149414
2026-04-23,431.0400085449219,94.10375213623047,706.6295776367188,81.35385131835938
2026-04-24,433.25,94.29122924804688,712.10546875,82.12039947509766
2026-04-27,429.8900146484375,94.07414245605469,713.332275390625,81.9710693359375
2026-04-28,421.9100036621094,93.98534393310547,709.8612060546875,81.52308654785156
2026-04-29,417.4100036621094,93.54132080078125,709.7515258789062,80.86605072021484
2026-04-30,423.6600036621094,93.71892547607422,716.8132934570312,82.6878433227539
2026-05-01,423.17999267578125,93.79020690917969,718.7982177734375,82.59825134277344
2026-05-04,414.7099914550781,93.44371032714844,716.1649780273438,81.88147735595703
2026-05-05,418.2699890136719,93.58231353759766,721.9102172851562,83.03628540039062
2026-05-06,430.9599914550781,94.04759979248047,731.9443359375,85.23638153076172
2026-05-07,431.67999267578125,93.76050567626953,729.7001342773438,83.87251281738281
2026-05-08,433.7699890136719,94.00800323486328,735.724609375,85.04722595214844
2026-05-11,434.6499938964844,93.69120788574219,737.4002685546875,85.00740814208984
2026-05-12,432.92999267578125,93.37442016601562,736.2831420898438,83.85260772705078
2026-05-13,430.5,93.37442016601562,740.4025268554688,84.69879913330078
2026-05-14,427.2099914550781,93.31502532958984,746.2474975585938,84.6390609741211
2026-05-15,417.2900085449219,92.57254028320312,737.2706298828125,82.73762512207031
2026-05-18,418.42999267578125,92.53294372558594,736.751953125,83.1557388305664
2026-05-19,411.5,92.17654418945312,731.8446044921875,82.42901611328125
2026-05-20,417.3999938964844,92.80022430419922,739.3452758789062,83.7928695678711
2026-05-21,416.989990234375,92.85963439941406,740.8114624023438,84.20103454589844
2026-05-22,413.82000732421875,92.93882751464844,743.7239990234375,84.08157348632812
2026-05-26,414.0,93.3348159790039,748.6613159179688,85.72418212890625
2026-05-27,408.489990234375,93.37442016601562,748.5316162109375,85.46534729003906
2026-05-28,412.7699890136719,93.59220886230469,752.6609497070312,85.6047134399414
2026-05-29,417.1199951171875,93.70111083984375,754.5361328125,85.67440032958984
2026-06-01,411.260009765625,93.53919982910156,756.5908203125,85.92327880859375
2026-06-02,411.95001220703125,93.60873413085938,757.6182250976562,86.57037353515625
2026-06-03,407.8699951171875,93.3703384399414,752.3018798828125,85.71422576904297
2026-06-04,411.2699890136719,93.48954010009766,755.1445922851562,85.86355590820312
2026-06-05,396.239990234375,92.99288940429688,735.65478515625,82.6579818725586
2026-06-08,397.2699890136719,92.8935546875,737.3204345703125,83.36479949951172
2026-06-09,390.7799987792969,93.15180969238281,735.1560668945312,83.44444274902344
2026-06-10,374.5799865722656,93.06241607666016,723.56591796875,82.2199478149414
2026-06-11,386.32000732421875,93.70806121826172,735.8642578125,84.95762634277344
2026-06-12,386.5400085449219,93.54914093017578,739.843994140625,85.29610443115234
2026-06-15,396.54998779296875,93.64846801757812,752.890380859375,86.59028625488281
2026-06-16,397.6300048828125,93.88685607910156,748.4019775390625,86.24185180664062
2026-06-17,388.6000061035156,93.39019775390625,739.0560302734375,85.76399993896484
2026-06-18,387.1199951171875,93.7279281616211,746.739990234375,86.7699966430664
2026-06-22,384.5899963378906,93.3703384399414,744.3900146484375,87.05999755859375
2026-06-23,377.32000732421875,93.48954010009766,733.5800170898438,84.41000366210938
2026-06-24,365.9200134277344,94.09545135498047,733.239990234375,84.33999633789062
2026-06-25,369.4599914550781,94.1550521850586,734.2999877929688,85.08000183105469
2026-06-26,373.6300048828125,94.3934326171875,728.989990234375,84.4800033569336
2026-06-29,368.5799865722656,94.4232406616211,741.0,84.93000030517578
2026-06-30,368.3800048828125,93.9365234375,746.77001953125,85.48999786376953
2026-07-01,370.6000061035156,93.70830535888672,745.760009765625,84.52999877929688
2026-07-02,378.1300048828125,93.79800415039062,744.780029296875,84.83999633789062
2026-07-06,382.1300048828125,93.85779571533203,751.280029296875,86.16999816894531
2026-07-07,377.489990234375,93.37943267822266,747.7100219726562,84.6500015258789
2026-07-08,374.45001220703125,93.1900863647461,745.4000244140625,84.44000244140625
2026-07-09,378.17999267578125,93.38939666748047,751.7100219726562,84.9000015258789
2026-07-10,377.010009765625,93.3096694946289,754.9500122070312,85.33999633789062
2026-07-13,367.1300048828125,92.97084045410156,749.1699829101562,83.77999877929688
2026-07-14,372.1499938964844,93.22994995117188,751.8300170898438,84.66000366210938
2026-07-15,372.3500061035156,93.45915985107422,754.8099975585938,84.98999786376953
2026-07-16,364.9599914550781,93.39936828613281,750.719970703125,84.05999755859375
2026-07-17,368.4100036621094,93.51895141601562,743.2899780273438,83.37000274658203
2026-07-20,367.6000061035156,93.21998596191406,742.0900268554688,83.06999969482422
2026-07-21,374.80999755859375,92.99076843261719,748.280029296875,84.44999694824219
2026-07-22,379.1199951171875,92.78148651123047,747.4099731445312,84.45999908447266
2026-07-23,371.5199890136719,92.53234100341797,738.1799926757812,83.62000274658203
2026-07-24,371.8999938964844,92.71172332763672,738.9299926757812,83.4000015258789
2026-07-27,374.6300048828125,92.96086883544922,739.0900268554688,83.79000091552734
2026-07-28,369.3699951171875,93.23991394042969,740.8599853515625,83.25
2026-07-29,371.0799865722656,92.85124969482422,729.4600219726562,82.38999938964844
2026-07-30,377.1600036621094,92.89111328125,741.6900024414062,84.7699966430664
2026-07-31,371.5400085449219,92.63199615478516,747.030029296875,84.58999633789062
